procedure_name,patient_age,city_tier,hospital_tier,room_category,stay_duration_days,room_and_nursing,surgery_and_ot,doctor_fees,medicines_and_implants,consumables,total_bill
Coronary Angioplasty,69,3,2,general,7,40560.26,79459.06,42612.51,81565.84,16607.96,283302.64
Caesarean Section,50,1,2,twin,4,34301.78,72608.82,25288.85,18222.17,14855.68,155461.06
Dengue Inpatient Care,20,3,2,suite,2,10705.33,0.0,5708.96,11907.09,6361.2,37788.54
Kidney Stone Lithotripsy,25,1,1,twin,3,30061.48,80876.92,18786.14,16417.87,11217.51,172386.4
Total Hip Replacement,65,1,2,single,6,86158.75,256023.64,57722.35,120953.34,37350.37,648020.6
Typhoid Inpatient Care,82,1,2,general,7,37731.8,0.0,40400.45,19824.76,13105.86,95030.95
Kidney Stone Lithotripsy,24,3,1,single,2,12596.7,44047.05,6244.75,16041.05,5446.44,96030.11
Caesarean Section,31,2,2,general,4,20613.64,47322.82,17898.57,17914.64,10107.28,111133.42
Hysterectomy,46,1,1,suite,5,74814.59,126341.59,33220.64,28133.3,19827.99,308498.13
Coronary Artery Bypass Graft (CABG),79,1,2,single,10,186256.79,312388.85,133704.27,110365.54,74037.43,788319.48
Cholecystectomy,49,2,2,suite,3,27368.65,63152.85,11426.05,18834.2,9172.11,112555.59
Cholecystectomy,18,1,2,general,4,29118.46,67801.35,21343.01,18943.08,13431.95,159699.42
Hysterectomy,33,3,1,twin,3,17709.32,53620.04,12514.22,25176.55,10728.17,120405.12
Cataract Surgery,28,1,3,general,2,8356.07,26241.67,5690.68,9723.49,4613.34,56925.84
Caesarean Section,49,2,1,single,4,37194.5,67040.49,20555.93,26829.81,13594.5,169794.31
Total Knee Replacement,42,1,2,single,6,71756.57,190508.57,47283.46,109692.64,36337.74,420791.07
Cataract Surgery,50,2,2,twin,1,4496.29,25121.69,2619.36,13244.12,3662.22,50768.78
Cataract Surgery,78,2,2,suite,2,12680.8,32043.54,6894.75,14274.3,3846.65,67284.78
Tonsillectomy,77,3,2,twin,3,12206.58,24729.28,9124.26,8524.21,3796.82,48112.0
Cholecystectomy,40,1,3,single,2,15496.08,63232.96,8970.24,14949.92,9516.88,124567.2
Coronary Artery Bypass Graft (CABG),24,2,2,single,7,97068.65,228549.96,61433.73,86535.25,42925.47,547874.46
Tonsillectomy,79,1,1,single,3,28055.63,55739.3,17909.54,10918.65,6939.24,113621.68
Typhoid Inpatient Care,64,2,1,single,5,31969.74,0.0,22251.11,19523.43,9572.01,79492.16
Total Hip Replacement,40,2,1,twin,6,62212.63,205886.08,48320.28,148128.65,35461.73,491824.56
Caesarean Section,39,2,2,general,3,14598.44,44270.54,13106.69,17882.32,8339.6,96128.32
Coronary Artery Bypass Graft (CABG),65,3,2,general,8,63569.91,162960.89,56969.95,108285.1,37920.64,461539.86
Kidney Stone Lithotripsy,49,3,2,twin,2,9202.22,36334.82,5746.05,11526.64,3945.06,67133.81
Tonsillectomy,63,1,2,twin,2,11888.03,39202.59,8373.8,8154.47,5685.78,78959.68
Caesarean Section,53,1,3,twin,5,36204.43,66169.82,27060.79,15822.54,14110.55,151825.92
Dengue Inpatient Care,47,3,3,single,5,18851.93,0.0,11829.38,10280.56,5951.03,46424.47
Total Knee Replacement,29,1,2,single,5,62406.99,210034.11,39929.07,115886.29,32847.64,428005.89
Appendectomy,26,2,1,single,3,22868.71,63004.88,11545.33,18905.71,9041.83,127693.76
Tonsillectomy,62,2,1,twin,2,11510.33,36781.93,7243.21,9836.33,4794.82,69188.03
Kidney Stone Lithotripsy,78,3,2,twin,3,13666.93,32691.81,10071.31,15139.14,4615.83,75685.84
Tonsillectomy,38,1,3,single,1,6514.49,36660.34,3324.93,6078.21,4612.51,52765.72
Coronary Artery Bypass Graft (CABG),33,3,2,general,4,31095.37,143769.71,27648.37,100308.25,27428.73,316359.96
Cataract Surgery,50,2,1,general,1,4635.79,30843.21,3065.33,16781.38,4380.43,62805.57
Caesarean Section,50,2,3,single,5,28473.63,41208.62,15515.62,14004.81,7941.97,103930.22
Coronary Angioplasty,23,2,2,twin,4,36558.04,100674.02,26283.36,81637.97,18439.66,280734.12
Normal Delivery,79,3,1,general,2,8943.91,20976.98,9772.88,13642.07,4766.65,55789.42
Hysterectomy,74,2,2,twin,6,39373.46,64494.11,31927.28,23567.67,14162.15,174646.38
Dengue Inpatient Care,55,2,1,single,4,31469.52,0.0,20570.82,14829.52,10758.54,86444.96
Cholecystectomy,70,1,2,twin,7,56292.52,68540.23,38311.47,19730.06,14744.29,172359.92
Total Knee Replacement,44,2,1,general,5,35837.15,128721.22,30949.84,115174.94,25451.85,321102.36
Total Hip Replacement,62,1,2,twin,5,53449.82,214144.93,39562.19,122261.43,37154.5,423463.73
Tonsillectomy,73,2,2,single,4,22779.93,32739.48,13454.02,8537.76,5000.0,85767.62
Tonsillectomy,81,1,1,general,3,21719.27,46526.25,19836.12,11798.12,7625.37,101637.2
Tonsillectomy,51,2,2,twin,2,9334.74,29448.58,5971.37,8266.44,3794.35,60632.33
Caesarean Section,21,3,3,single,4,17523.27,30334.06,10725.78,14593.1,6377.64,85331.83
Total Hip Replacement,74,2,2,general,8,59520.97,147383.51,61162.86,124278.33,30850.79,378232.75
Tonsillectomy,20,1,1,suite,2,21748.38,60604.73,10371.04,9210.25,6788.5,103705.19
Coronary Angioplasty,52,1,3,general,4,35207.95,102743.03,32374.49,67708.23,23312.09,263214.81
Hernia Repair,28,2,1,single,3,21226.43,50464.41,11195.69,19422.03,7314.49,127823.99
Total Hip Replacement,49,2,2,general,6,42242.53,143572.76,36296.12,106679.36,28159.48,380454.85
Coronary Angioplasty,68,1,2,twin,5,58360.25,133134.92,47406.98,94288.96,24518.16,367369.71
Cholecystectomy,27,2,1,twin,5,38356.94,63132.68,24261.88,21284.05,13184.8,148253.32
Hysterectomy,53,2,1,suite,2,20950.59,94102.99,9631.06,26591.13,11484.69,182240.21
Dengue Inpatient Care,77,2,3,general,8,26538.2,0.0,26360.65,11176.73,8352.6,79304.98
Dengue Inpatient Care,28,2,3,general,8,26761.12,0.0,21969.76,10198.08,9676.68,71481.33
Caesarean Section,43,1,2,twin,5,45445.93,73449.26,31524.61,19149.4,15597.93,173042.77
Coronary Angioplasty,69,2,2,twin,5,44555.9,113915.13,38401.21,92073.91,18987.69,269635.03
Coronary Angioplasty,68,1,1,general,8,102017.26,169014.13,99440.26,106169.08,40648.66,454980.35
Appendectomy,55,2,1,single,3,22684.11,58094.35,12028.46,20708.12,8661.16,119299.03
Hernia Repair,82,2,1,twin,5,33050.44,45733.33,25862.34,24302.89,9762.39,97180.35
Hernia Repair,63,3,2,general,1,3689.48,28422.05,2560.57,14636.28,4083.35,61946.88
Coronary Angioplasty,29,3,2,single,3,24384.04,91969.39,15309.55,76194.51,13289.41,225702.05
Cataract Surgery,31,2,2,twin,1,4563.99,26573.03,2805.48,13655.4,3619.13,50305.8
Coronary Artery Bypass Graft (CABG),58,1,2,general,11,160953.68,272938.51,140699.49,95014.01,72165.19,834966.66
Coronary Artery Bypass Graft (CABG),63,1,2,twin,7,101166.27,269654.13,80306.72,88439.37,54059.76,517805.44
Appendectomy,72,2,2,general,5,23969.12,42357.71,19435.53,17283.65,8818.17,90927.35
Caesarean Section,57,2,2,general,4,22272.11,47363.18,17729.73,19124.0,9830.5,121275.62
Hysterectomy,66,1,2,twin,6,55422.4,89342.86,41334.99,24108.39,17767.53,242118.79
Dengue Inpatient Care,29,1,3,single,6,36776.12,0.0,25791.31,9335.85,12399.4,85205.38
Appendectomy,76,3,3,twin,3,10479.28,26721.0,7763.32,14727.91,4765.51,68900.83
Kidney Stone Lithotripsy,56,1,2,twin,2,15292.34,52770.62,9647.71,10743.16,7832.75,103139.34
Typhoid Inpatient Care,35,3,3,single,4,13204.65,0.0,8773.3,12857.27,5088.14,31987.84
Dengue Inpatient Care,22,2,2,single,5,27036.08,0.0,19099.27,11755.49,8497.39,74960.12
Dengue Inpatient Care,29,3,1,suite,5,38521.92,0.0,21172.42,17138.9,9219.71,92442.19
Hernia Repair,37,3,3,general,2,5591.59,21433.0,4003.14,11745.35,3242.39,45632.44
Dengue Inpatient Care,37,3,2,single,5,22929.01,0.0,14607.2,13641.01,8005.67,57400.05
Total Hip Replacement,28,3,1,suite,6,71601.93,182949.58,33768.25,144564.26,25626.88,470779.07
Hernia Repair,22,1,3,single,3,20308.11,43629.02,10593.11,11535.39,7200.7,100955.01
Cataract Surgery,23,2,1,general,1,4934.57,27862.78,3486.94,14672.47,4801.22,52445.89
Typhoid Inpatient Care,75,2,1,general,8,39511.11,0.0,38940.22,20457.34,12562.28,116596.01
Dengue Inpatient Care,34,1,1,general,6,45729.83,0.0,38375.56,17564.44,19559.45,118937.05
Normal Delivery,81,2,2,twin,4,19558.28,20583.46,16773.63,10043.83,5789.48,77018.6
Total Knee Replacement,75,1,2,general,7,67376.38,165379.22,67652.14,131672.47,34978.62,540028.57
Hysterectomy,44,3,1,suite,4,37435.94,77374.95,19162.86,28982.65,11412.21,195979.29
Cataract Surgery,42,2,2,general,1,3902.72,22570.46,2911.2,12711.32,3970.74,41693.29
Coronary Artery Bypass Graft (CABG),20,1,1,twin,9,172249.76,347945.41,131452.5,111844.01,80911.19,737689.05
Hernia Repair,28,3,2,twin,3,13093.42,31678.8,8059.59,16459.17,4699.12,78382.65
Kidney Stone Lithotripsy,63,1,2,twin,2,16017.02,54694.35,9106.91,12438.69,6986.9,99583.24
Coronary Angioplasty,63,2,1,suite,5,82763.93,154467.85,47111.51,115419.37,26147.71,479400.27
Normal Delivery,79,2,2,twin,4,19382.55,22462.08,18795.32,10930.62,6298.34,95185.95
Kidney Stone Lithotripsy,30,2,1,single,2,15787.96,52962.79,7543.04,15259.56,6316.28,106034.03
Hernia Repair,76,2,2,general,4,17789.81,33869.66,15176.05,16752.03,6235.97,69200.29
Kidney Stone Lithotripsy,37,2,2,general,3,15192.67,40835.58,10279.19,13408.0,5544.83,74732.07
Typhoid Inpatient Care,29,1,3,single,7,38694.49,0.0,23753.29,11614.82,9643.38,73390.6
Cholecystectomy,58,1,2,twin,2,17465.73,77639.54,10762.95,18178.61,11113.5,138612.04
Hernia Repair,73,1,1,twin,4,37544.19,62009.57,26293.71,22462.44,13118.82,121469.13
Dengue Inpatient Care,81,1,2,twin,7,48028.92,0.0,48680.07,15815.67,15418.25,147259.54
Normal Delivery,19,1,1,general,3,22800.39,36686.24,19518.81,11358.52,8761.59,92031.62
Dengue Inpatient Care,67,3,1,twin,5,24171.76,0.0,19516.21,18850.29,10276.53,73518.03
Hernia Repair,18,2,1,general,2,11164.32,45958.17,8661.33,20837.76,6795.58,93216.92
Dengue Inpatient Care,63,3,3,single,2,7399.34,0.0,5230.15,10442.52,5481.16,30999.22
Dengue Inpatient Care,65,2,1,single,6,41832.27,0.0,26883.79,17517.61,11646.44,96548.11
Total Hip Replacement,71,2,2,twin,9,74240.78,147944.97,60700.3,116568.09,31692.79,319921.85
Hernia Repair,63,2,3,suite,3,17896.18,37309.53,8096.1,12792.94,5422.04,72772.44
Kidney Stone Lithotripsy,60,1,1,single,2,21599.75,81788.66,10892.29,13867.76,8900.51,136362.7
Caesarean Section,69,2,2,general,5,30291.92,54735.48,25721.15,20050.74,13016.61,169011.82
Coronary Angioplasty,30,1,2,suite,3,52221.74,161213.93,26409.33,73707.52,20524.08,330058.54
Cholecystectomy,38,3,1,twin,2,12056.7,46234.37,7819.88,21506.61,7904.81,90227.33
Appendectomy,36,2,2,single,3,18508.66,43653.72,9741.54,16293.9,6943.54,98593.38
Coronary Artery Bypass Graft (CABG),74,2,1,twin,13,197957.82,301267.81,154609.83,122204.71,76317.27,790827.54
Coronary Artery Bypass Graft (CABG),49,1,1,general,6,100147.91,315401.79,84942.8,108958.88,70221.39,640996.75
Hysterectomy,49,2,2,twin,5,34562.65,65695.67,23123.26,23090.71,12798.0,143857.5
Hernia Repair,39,2,1,general,2,12024.3,47922.14,8421.11,19894.32,8227.5,97116.76
Total Hip Replacement,40,1,3,twin,6,54380.0,150358.71,41137.86,86131.91,30618.95,398224.39
Cholecystectomy,31,1,1,twin,3,31061.04,79127.47,20424.15,22936.37,13210.78,145269.88
Cholecystectomy,60,2,2,twin,5,31098.42,50261.27,20066.99,16339.18,9392.92,134082.91
Total Hip Replacement,32,2,2,suite,8,86590.27,183578.29,49217.51,113428.18,28889.35,479237.19
Cholecystectomy,69,2,1,general,5,33121.01,54783.81,24798.16,23183.84,11723.99,156399.18
Kidney Stone Lithotripsy,80,2,2,general,3,15369.76,35282.13,12484.35,16056.03,5346.79,83733.92
Total Knee Replacement,38,1,1,general,6,70117.7,211555.99,54896.49,133953.46,42529.45,513178.11
Coronary Angioplasty,67,1,2,twin,6,76648.1,147799.81,55779.83,83923.99,29662.17,380695.34
Cholecystectomy,38,2,2,general,2,9934.37,42939.68,7606.45,15724.3,7397.78,83395.65
Normal Delivery,51,1,2,twin,3,22328.86,35913.99,17098.82,8369.93,8400.97,90570.06
Kidney Stone Lithotripsy,65,1,1,twin,3,32808.54,78162.21,19747.85,14785.04,10610.24,174694.39
Total Knee Replacement,49,3,1,single,7,55783.85,122548.55,35898.41,119575.14,24191.93,374476.37
Normal Delivery,28,3,2,twin,3,11958.09,19234.24,8873.64,8697.68,5084.73,54660.05
Hernia Repair,42,3,1,general,3,13257.37,32223.47,9601.36,17014.18,6249.09,78014.16
Tonsillectomy,33,3,1,suite,2,13440.74,35400.57,6152.5,10121.03,3929.06,61966.64
Caesarean Section,61,1,2,single,4,43342.1,82244.81,26732.92,20456.06,16188.5,193428.43
Kidney Stone Lithotripsy,39,3,1,general,2,9524.19,38166.62,6893.06,15020.5,5273.56,78339.75
Typhoid Inpatient Care,73,2,1,twin,6,29026.48,0.0,26128.04,21666.74,10434.1,98513.41
Total Knee Replacement,82,1,3,twin,8,65424.64,142725.51,58061.59,100114.26,29670.94,432806.72
Coronary Artery Bypass Graft (CABG),75,1,1,twin,8,164422.5,415481.41,154766.75,133671.43,79371.58,892159.25
Normal Delivery,27,3,2,single,3,13682.4,20982.02,9216.34,8971.41,4179.78,54417.62
Coronary Artery Bypass Graft (CABG),72,2,2,twin,8,89588.66,213432.11,78461.6,99196.18,44758.26,550416.58
Total Knee Replacement,65,1,2,twin,6,58530.07,161687.09,46887.7,106541.47,30237.02,438801.95
Tonsillectomy,64,3,2,general,1,3176.19,20265.36,2711.32,7699.78,3099.65,32855.4
Typhoid Inpatient Care,68,3,2,single,7,29340.97,0.0,20447.45,15939.92,6936.9,68453.72
Coronary Angioplasty,56,2,2,general,3,24155.92,97771.59,21672.95,77389.45,15953.68,242664.2
Total Hip Replacement,24,1,1,single,8,129055.4,281722.06,78254.51,126401.36,56110.28,656977.9
Dengue Inpatient Care,38,2,1,general,5,27997.36,0.0,26053.11,15339.04,12320.06,82280.43
Total Hip Replacement,74,2,1,general,6,58939.18,194345.61,52929.6,148704.17,36245.89,422411.16
Tonsillectomy,50,2,3,general,2,6083.95,20747.27,4667.15,5675.98,3494.16,46562.21
Dengue Inpatient Care,33,2,2,twin,4,18766.0,0.0,15632.92,11868.31,8535.95,60830.99
Normal Delivery,43,1,2,single,2,17358.51,37591.55,9918.68,7797.64,7304.96,69970.5
Hernia Repair,61,2,1,single,3,24401.51,49101.46,12532.45,18555.52,8489.28,107709.28
Normal Delivery,72,2,3,twin,3,11525.5,17366.02,10550.03,7095.42,4300.27,52169.69
Kidney Stone Lithotripsy,18,1,2,twin,2,17017.91,58845.57,8837.82,13050.06,7258.47,114606.76
Kidney Stone Lithotripsy,76,1,2,single,3,27730.61,63494.77,15861.81,14585.35,7354.95,139616.84
Hysterectomy,64,2,1,single,3,26614.13,78018.05,17796.55,28469.67,14410.87,167830.49
Total Knee Replacement,64,1,2,single,6,74403.61,187645.57,51236.11,100741.71,33856.59,464053.29
Hernia Repair,45,2,2,general,2,9715.04,34076.65,6544.51,14762.93,6341.73,68044.98
Caesarean Section,63,2,1,general,4,30036.72,59935.11,22725.88,25200.18,13845.17,162029.37
Total Hip Replacement,79,1,1,general,8,99921.18,259678.61,102631.61,179969.87,55743.52,717675.8
Dengue Inpatient Care,45,1,2,single,5,41002.41,0.0,28547.73,13047.62,13071.0,92710.86
Total Hip Replacement,26,1,1,general,7,82657.89,253159.77,77379.8,147948.27,49421.6,568367.3
Dengue Inpatient Care,72,2,1,general,6,33786.63,0.0,31972.29,16934.56,13272.43,112437.24
Caesarean Section,78,1,1,general,5,53328.23,91679.49,46941.22,28849.42,20072.1,249277.76
Cholecystectomy,38,2,2,twin,3,17878.28,49993.09,12168.02,17482.87,8842.09,99189.04
Cataract Surgery,55,1,2,general,1,5490.39,32067.65,3734.35,12363.6,5053.08,55456.96
Typhoid Inpatient Care,73,2,3,single,6,23011.26,0.0,16785.8,12062.51,6383.16,63969.53
Cholecystectomy,26,3,3,single,3,13202.89,30540.08,6952.86,14814.71,4857.53,70758.16
Hernia Repair,36,2,2,twin,2,10907.5,37001.89,7058.45,16147.07,5767.03,77784.8
Total Hip Replacement,50,2,1,single,7,82542.96,199647.49,49754.6,143234.85,30397.24,498769.72
Appendectomy,68,3,3,general,4,12037.08,26382.88,8943.37,13997.4,4997.38,67141.89
Coronary Artery Bypass Graft (CABG),79,2,2,single,8,108693.99,224133.37,78481.91,118725.08,43063.35,724083.81
Appendectomy,49,3,3,twin,2,7312.51,29512.53,4323.23,12344.32,3917.1,62788.96
Caesarean Section,24,1,1,general,5,46641.35,79468.06,37369.21,22574.56,20611.85,229740.15
Caesarean Section,25,1,3,single,4,29611.55,60918.06,19785.14,14876.92,10240.77,123008.79
Cholecystectomy,81,2,1,twin,5,35108.11,57020.84,28118.75,24758.73,12746.55,156504.74
Dengue Inpatient Care,46,1,2,twin,3,22095.52,0.0,16833.57,13732.38,13250.97,66666.18
Total Knee Replacement,20,1,1,twin,3,36786.13,196431.09,26207.07,125671.51,32013.93,442066.58
Total Knee Replacement,34,2,1,twin,5,48637.37,166462.51,36260.86,122296.1,29129.13,417446.47
Appendectomy,28,1,1,twin,3,29839.34,72908.41,18659.89,22611.49,12567.11,151640.65
Kidney Stone Lithotripsy,69,3,2,general,3,11741.89,30370.31,8770.7,13804.39,4952.08,80397.74
Appendectomy,68,2,3,suite,3,18567.0,41790.38,8111.66,12411.57,6086.96,96080.39
Typhoid Inpatient Care,48,2,3,single,8,31879.78,0.0,20973.81,10963.48,7831.08,74285.21
Total Hip Replacement,74,2,1,general,9,83200.04,171090.28,91940.11,179620.57,44978.23,463673.65
Cataract Surgery,53,2,2,general,1,3830.14,24054.21,2785.59,12161.53,3279.73,39265.21
Cholecystectomy,33,2,3,twin,4,17869.77,34279.8,11792.51,12987.91,6409.23,78302.18
Hernia Repair,72,3,2,twin,4,16009.72,29600.98,10843.69,18001.96,5299.13,82480.95
Total Hip Replacement,27,3,2,twin,5,32460.28,120415.9,22912.74,125456.7,20841.42,295441.39
Kidney Stone Lithotripsy,48,1,2,single,2,16837.01,60224.76,7909.85,12345.34,6128.75,103572.98
Caesarean Section,61,2,1,general,4,26888.58,62487.12,20933.63,26173.72,12491.21,159864.12
Kidney Stone Lithotripsy,68,1,2,twin,4,32643.58,62714.96,21253.13,14044.35,9038.46,127286.15
Total Hip Replacement,38,2,3,twin,7,43188.42,104258.53,32539.1,90365.33,19000.44,282205.5
Coronary Angioplasty,30,2,3,single,5,39117.99,87526.34,26004.21,59379.22,14223.32,224879.74
Coronary Angioplasty,53,2,2,single,4,39526.82,104448.77,23828.52,75292.0,18006.0,258006.01
Kidney Stone Lithotripsy,64,3,2,general,2,7407.78,28387.12,5204.9,12595.44,3566.12,51795.82
Hysterectomy,42,3,2,single,4,24469.2,49690.08,12771.62,22752.43,9641.42,134097.82
Appendectomy,54,1,1,twin,2,18172.56,73070.73,11347.53,22776.06,11857.33,121113.81
Dengue Inpatient Care,49,3,2,twin,4,16130.01,0.0,12104.2,13102.69,7944.01,48572.75
Coronary Angioplasty,61,1,3,suite,4,56624.89,141058.34,29721.9,62170.52,19958.67,310870.26
Coronary Artery Bypass Graft (CABG),42,2,1,twin,11,155885.46,264737.42,123470.45,113362.64,64424.98,663258.78
Tonsillectomy,48,2,1,twin,1,5609.2,33141.96,3294.7,8985.99,4475.53,54815.44
Caesarean Section,23,1,2,twin,3,26270.07,81383.52,20609.28,21058.48,15538.25,161342.78
Kidney Stone Lithotripsy,58,1,3,suite,1,9370.73,59780.39,3549.9,9781.59,6126.02,91884.83
Normal Delivery,46,3,3,suite,2,9372.68,19518.77,4780.48,7006.24,3529.97,45933.57
Hysterectomy,61,1,2,general,3,22493.64,83814.96,19220.45,21283.89,14674.06,169648.15
Dengue Inpatient Care,30,1,1,suite,9,122269.0,0.0,66367.21,15602.89,21311.59,199144.91
Total Knee Replacement,34,2,2,single,5,44617.53,127966.56,26461.23,97270.48,20158.54,301341.56
Coronary Artery Bypass Graft (CABG),82,1,1,twin,13,275961.79,412611.14,243561.91,140977.15,111773.72,889816.86
Coronary Angioplasty,43,3,2,twin,4,27161.12,77429.05,22087.54,77482.96,13375.4,194468.37
Normal Delivery,32,3,1,general,3,13133.45,23371.06,11692.91,11071.01,5251.13,68362.78
Normal Delivery,40,3,2,twin,2,8213.33,17875.73,5822.96,7963.18,4139.27,42069.66
Total Knee Replacement,64,1,2,twin,6,65936.66,190377.09,46261.11,105008.75,31745.48,497260.11
Hysterectomy,64,3,2,twin,4,21088.12,52735.18,14491.33,23869.31,9745.12,124560.0
Hysterectomy,27,2,3,general,6,26010.93,41847.69,21924.52,17048.34,9496.85,119230.16
Tonsillectomy,56,2,2,single,2,11663.8,33591.56,6393.61,8630.12,4823.69,61887.99
Tonsillectomy,66,2,3,twin,4,15295.0,22551.8,9485.13,6716.85,3455.93,54380.54
Coronary Artery Bypass Graft (CABG),50,3,1,single,9,114396.7,231824.29,76513.79,125594.0,42844.84,593527.61
Total Hip Replacement,36,1,3,twin,7,58918.37,155799.04,40913.91,88343.77,28630.75,360920.54
Coronary Angioplasty,68,1,1,general,4,54760.21,159883.19,52719.19,107466.72,29659.93,344960.35
Hysterectomy,50,1,2,general,5,38133.37,80354.72,30717.01,20329.16,16643.84,183892.07
Cholecystectomy,37,1,2,general,2,15860.56,62170.49,10874.77,19323.03,11825.48,120798.41
Dengue Inpatient Care,66,1,1,twin,5,42411.69,0.0,36612.57,16972.92,14957.33,99636.92
Typhoid Inpatient Care,37,1,2,twin,6,36512.25,0.0,26112.2,14876.68,12197.24,96972.37
Typhoid Inpatient Care,82,1,2,suite,5,41040.12,0.0,28791.81,17702.84,12135.37,122366.15
Dengue Inpatient Care,53,3,2,single,5,23362.09,0.0,15733.48,12892.81,8396.51,54985.66
Caesarean Section,42,2,2,general,6,33376.65,47346.56,27240.73,18588.18,11552.1,153366.99
Coronary Angioplasty,69,1,1,general,5,64473.94,155631.42,61494.28,98473.56,35329.89,381983.32
Coronary Artery Bypass Graft (CABG),55,1,1,twin,5,105450.2,363415.88,76016.31,116328.99,60349.6,726902.88
Hysterectomy,56,1,3,single,6,47136.07,75344.96,28321.54,17084.39,14754.59,171674.25
Caesarean Section,35,3,2,twin,3,14141.57,42405.76,9224.71,19850.51,7331.94,92984.93
Appendectomy,18,3,2,suite,4,26685.09,43431.48,10951.9,15302.52,6607.73,110869.28
Hysterectomy,73,2,2,single,5,35754.58,65663.6,24260.91,23098.5,11032.27,171348.41
Cataract Surgery,78,1,2,single,3,22037.4,40337.91,13554.37,15338.83,5455.62,103484.49
Caesarean Section,30,2,2,single,4,29994.94,55231.63,17389.14,19052.05,10399.25,143908.01
Coronary Artery Bypass Graft (CABG),27,2,1,twin,7,93544.21,249057.85,72167.64,113046.82,54245.98,551295.05
Dengue Inpatient Care,64,2,2,single,4,24539.45,0.0,16791.37,12287.63,10344.38,57551.7
Cataract Surgery,81,3,3,general,3,7299.2,15962.46,6635.2,12544.63,2827.68,53079.35
Hysterectomy,20,2,2,general,4,22463.24,59410.81,18341.28,21393.23,11030.05,151299.49
Dengue Inpatient Care,46,1,3,general,6,30658.37,0.0,24566.31,9285.24,12679.44,74365.45
Kidney Stone Lithotripsy,74,2,2,twin,4,24034.24,48069.1,15499.35,14233.17,6106.79,108055.21
Total Hip Replacement,81,2,2,general,8,56924.06,145853.13,64385.08,133500.89,30707.82,417729.51
Appendectomy,78,1,2,twin,3,23062.8,62091.69,14733.56,18083.47,9892.16,133503.92
Hysterectomy,26,1,1,twin,6,65152.37,102649.88,45588.88,25329.72,21517.64,252786.43
Hysterectomy,71,1,1,single,6,79909.62,118753.94,53027.56,27940.01,22849.54,326198.25
Coronary Angioplasty,35,3,2,twin,3,21236.55,84299.48,15690.0,79106.72,14101.97,227026.14
Coronary Angioplasty,39,1,3,suite,4,57677.24,129533.4,27914.78,63047.35,19500.32,314278.8
Typhoid Inpatient Care,38,3,2,single,3,13358.72,0.0,8789.82,15748.66,6321.03,43077.17
Appendectomy,19,2,2,single,3,20570.81,52727.73,10808.32,16594.07,7437.35,117151.41
Total Knee Replacement,76,3,1,twin,7,48558.82,114075.38,42840.08,127716.31,26532.45,383687.89
Caesarean Section,27,1,2,single,4,40999.29,84436.34,23661.59,19740.57,15128.87,168190.05
Tonsillectomy,76,2,2,twin,3,15523.94,32077.28,11097.01,9872.78,4346.57,80095.15
Hysterectomy,38,2,2,general,6,34049.39,56453.69,25169.28,20934.15,13420.54,154287.44
Cataract Surgery,63,1,2,single,1,7325.35,38530.73,3831.39,13459.73,4551.96,70547.03
Caesarean Section,66,1,2,twin,5,47066.28,83133.21,36855.77,21807.17,16025.45,201786.1
Typhoid Inpatient Care,76,3,2,single,7,28928.08,0.0,20786.92,18594.13,6477.01,83227.95
Normal Delivery,70,3,3,general,4,11377.63,14011.42,11425.39,7419.13,3773.51,47017.53
Normal Delivery,32,1,2,twin,3,22893.7,35133.25,16968.41,8529.38,8351.53,87100.43
Cataract Surgery,53,2,1,general,2,8994.41,27323.78,6637.74,16040.68,4851.78,61906.17
Total Hip Replacement,81,2,1,general,6,53116.67,165643.39,59413.62,157160.01,32285.57,465825.16
Dengue Inpatient Care,39,2,2,single,5,31795.4,0.0,21491.07,14622.53,9986.37,65882.83
Hysterectomy,80,2,2,single,6,43279.15,65990.8,34140.56,27186.2,13753.99,164489.62
Cholecystectomy,77,2,1,twin,4,30614.16,59030.2,22384.64,23836.5,10831.15,155025.33
Appendectomy,39,2,2,single,3,20398.41,49426.05,9591.53,17878.78,6436.66,109863.33
Tonsillectomy,39,2,2,twin,1,4674.34,27216.66,2880.61,6969.39,4080.71,42609.11
Coronary Angioplasty,63,2,2,general,4,32769.71,102443.87,28827.42,89134.96,21129.56,299182.99
Appendectomy,30,2,1,general,3,19497.48,50201.58,12907.94,19636.52,9782.8,130181.82
Dengue Inpatient Care,71,3,2,twin,8,33738.24,0.0,26513.35,15376.45,9878.89,83540.36
Hysterectomy,59,1,1,general,5,51891.31,101626.78,37041.85,25069.1,23853.91,274899.77
Cholecystectomy,66,1,1,single,5,63772.57,98807.89,35452.02,25562.25,19086.12,247974.9
Total Knee Replacement,66,1,1,single,6,94052.36,258733.97,62488.81,134227.33,48282.93,520082.84
Tonsillectomy,21,1,1,general,1,7380.05,44309.0,4808.56,8799.69,7096.42,60840.0
Normal Delivery,81,1,1,suite,4,48119.71,44733.12,31894.41,13366.11,9565.7,181658.43
Kidney Stone Lithotripsy,21,1,1,general,2,17354.61,61355.03,11620.06,14481.09,8579.31,96292.81
Tonsillectomy,69,2,2,twin,3,13881.56,31392.37,10297.31,8603.78,4503.81,66698.38
Coronary Artery Bypass Graft (CABG),69,1,3,twin,7,89618.61,217953.69,63901.43,76817.73,46250.23,489143.23
Kidney Stone Lithotripsy,68,2,1,twin,4,27981.49,53102.56,16566.71,16919.86,7235.15,119748.2
Tonsillectomy,51,1,2,general,1,5609.98,35798.42,4314.17,8159.4,5133.22,62099.06
Typhoid Inpatient Care,25,1,2,single,6,40532.25,0.0,24268.73,13798.44,11536.82,88411.64
Typhoid Inpatient Care,44,2,1,single,5,29973.58,0.0,20156.86,17309.66,8948.23,71750.93
Hysterectomy,81,2,3,general,6,26646.07,41676.88,26781.61,21758.15,9817.45,94943.34
Total Knee Replacement,49,3,1,single,5,42537.09,133110.61,25771.83,121800.56,20300.13,358082.54
Total Hip Replacement,57,1,1,general,6,73479.07,242104.71,66257.21,153487.1,43868.1,626373.21
Hernia Repair,74,1,1,single,3,30584.4,66690.5,16753.73,22273.97,9588.1,105638.62
Kidney Stone Lithotripsy,21,2,2,twin,2,10784.21,42834.24,6496.14,12571.93,5367.13,76301.65
Normal Delivery,80,1,1,single,4,43673.91,44476.07,36811.79,11851.96,11238.92,161101.76
Coronary Angioplasty,31,2,3,twin,3,19207.47,71379.73,13475.24,57655.74,12147.75,159559.18
Dengue Inpatient Care,75,1,1,twin,6,53639.45,0.0,49963.32,17202.39,17210.3,136858.56
Total Hip Replacement,81,1,3,twin,7,56222.96,152805.51,51977.23,105551.97,25332.66,455620.69
Coronary Artery Bypass Graft (CABG),76,2,2,twin,7,75119.36,200346.73,64173.16,95322.73,36616.26,451533.49
Normal Delivery,45,1,1,twin,3,26499.32,41707.55,19604.25,10971.53,9835.79,111830.25
Typhoid Inpatient Care,38,3,1,general,4,15238.22,0.0,11920.67,16539.84,7322.81,43871.06
Coronary Angioplasty,51,1,1,single,2,37291.4,190571.63,24547.86,112016.86,29659.16,370364.92
Normal Delivery,67,1,2,single,4,33232.74,32563.13,23991.95,10144.28,8693.95,106268.4
Total Knee Replacement,74,2,3,twin,10,62061.92,104641.43,52870.94,85094.71,24426.14,288180.12
Hernia Repair,18,1,2,general,2,12067.65,48572.13,9290.54,16336.17,8165.81,69959.7
Normal Delivery,36,1,2,twin,3,23280.51,36948.51,17743.98,8976.08,8293.68,108107.71
Dengue Inpatient Care,27,2,2,general,6,25132.83,0.0,23902.69,13096.87,10487.13,74510.17
Appendectomy,29,1,1,general,3,24183.39,69104.77,15396.31,18610.84,12114.53,136368.54
Total Hip Replacement,46,3,1,twin,8,59767.68,146199.45,48330.81,125580.09,30000.55,415359.12
Typhoid Inpatient Care,53,2,3,twin,5,17923.32,0.0,12729.05,12642.03,6071.35,53717.66
Caesarean Section,38,2,1,twin,5,39441.29,63482.47,26066.87,26503.97,15859.44,197964.88
Appendectomy,22,1,2,general,2,13421.03,59952.22,9933.93,18514.15,9529.17,104599.49
Dengue Inpatient Care,46,1,2,twin,4,28246.89,0.0,20484.29,12479.29,14419.06,74348.87
Hernia Repair,46,1,3,twin,1,5472.24,41261.51,3452.89,12318.54,5462.39,66567.65
Kidney Stone Lithotripsy,52,2,2,single,2,12761.69,44275.12,6003.71,11786.9,5249.45,78979.17
Hysterectomy,59,2,1,single,5,45652.4,78570.31,24034.91,24014.09,13933.09,193136.78
Hysterectomy,55,2,2,single,3,22846.52,61809.86,13875.72,24423.34,11007.83,135416.85
Cholecystectomy,29,1,1,general,4,36459.22,83402.7,26590.66,22288.69,16075.86,199756.47
Hysterectomy,71,2,1,twin,6,46263.1,74090.5,35370.0,30085.01,15479.81,233554.51
Total Hip Replacement,47,3,2,general,8,49559.35,117669.51,41813.42,119051.21,27034.03,397217.68
Cataract Surgery,58,1,2,single,1,6947.38,34591.87,3681.76,13189.7,4496.52,60373.04
Coronary Angioplasty,67,3,1,twin,5,46973.44,100758.21,35276.09,103389.79,18776.25,279756.52
Hysterectomy,48,2,3,twin,6,29758.87,48801.07,19328.18,18970.96,9268.62,122047.24
Coronary Artery Bypass Graft (CABG),23,2,2,twin,8,86871.46,213473.48,67614.72,84700.33,45642.16,517144.47
Caesarean Section,46,1,2,twin,4,36000.97,71430.2,22982.65,19854.37,13414.17,155962.22
Coronary Artery Bypass Graft (CABG),28,3,2,twin,9,87594.72,179718.27,60871.24,105123.28,38534.4,513413.94
Kidney Stone Lithotripsy,68,2,1,twin,4,26170.43,50207.42,15946.3,15108.41,6788.74,133963.61
Total Knee Replacement,27,1,1,twin,3,39582.83,206291.28,27767.63,115820.38,30773.67,408849.37
Coronary Angioplasty,33,2,2,general,4,33920.74,94116.76,30702.63,92198.59,19244.41,241290.28
Dengue Inpatient Care,67,1,1,general,6,42185.1,0.0,40713.29,17510.33,16018.24,118031.72
Kidney Stone Lithotripsy,80,2,2,twin,4,23596.5,40692.27,16299.43,13650.17,5737.83,107687.16
Cholecystectomy,62,2,1,twin,4,31390.2,59396.28,19410.84,21142.74,12665.35,139631.79
Coronary Angioplasty,73,2,2,twin,5,44775.29,91146.18,38358.95,85425.63,18990.74,295497.92
Cholecystectomy,71,1,2,general,5,39042.03,64678.78,31968.0,19825.25,14156.78,202759.64
Coronary Angioplasty,60,2,3,general,2,11606.91,68635.0,9437.54,66905.74,11566.41,175857.26
Coronary Angioplasty,67,1,1,twin,5,76550.77,178735.37,62344.91,119819.14,32425.78,400326.64
Kidney Stone Lithotripsy,58,1,2,general,2,13604.52,51810.71,9554.56,11487.72,6845.68,88740.12
Cataract Surgery,52,3,1,twin,1,4502.88,25373.23,2821.13,18172.55,3632.39,58443.85
Total Knee Replacement,51,1,2,twin,5,56125.58,176586.14,40770.59,109493.5,34488.31,422231.5
Appendectomy,77,1,2,single,4,35630.46,65244.24,21891.57,19762.48,10851.56,131066.65
Tonsillectomy,35,3,1,general,2,8510.97,26490.23,6016.08,8707.45,4732.38,50442.51
Coronary Artery Bypass Graft (CABG),30,1,2,general,12,179130.79,291708.24,150052.83,89244.79,75199.49,793891.46
Coronary Artery Bypass Graft (CABG),68,3,1,general,13,122574.17,180480.72,103296.5,114317.6,49902.58,505524.68
Caesarean Section,76,1,3,single,5,42613.72,61323.54,30063.39,18716.23,11689.64,188186.75
Cataract Surgery,33,2,1,single,1,6232.98,34800.77,3318.49,14779.69,4362.42,67137.83
Coronary Angioplasty,23,2,2,twin,3,27299.59,106057.82,18604.13,91275.39,16530.9,244637.35
Hernia Repair,76,3,1,general,5,24976.43,35912.8,22141.43,21088.95,7183.77,124663.19
Hysterectomy,18,2,2,single,3,22779.1,67368.54,13428.09,21103.87,11436.71,138420.49
Total Knee Replacement,64,1,2,twin,6,64611.13,189152.34,54200.13,100630.16,39723.72,474058.44
Tonsillectomy,67,2,1,general,3,15135.18,31737.72,12630.26,11532.93,5579.75,87514.58
Kidney Stone Lithotripsy,48,1,1,twin,3,28881.54,69427.4,16454.26,15630.28,10406.73,139199.71
Appendectomy,60,2,2,twin,4,21899.74,40770.53,12285.13,16252.59,7100.49,97348.54
Dengue Inpatient Care,81,1,2,single,5,44822.07,0.0,34543.11,15393.54,13389.53,121063.24
Hysterectomy,49,2,2,general,5,27259.56,59164.97,20815.62,22700.15,13149.9,133763.13
Hysterectomy,56,3,2,general,4,19150.03,46916.54,15010.62,21390.4,10304.36,113145.97
Normal Delivery,66,3,2,general,3,10296.5,16197.68,9850.14,8247.94,4157.74,46188.62
Cataract Surgery,41,2,2,general,1,3735.4,23513.46,2643.28,12714.58,3590.02,38794.36
Total Hip Replacement,35,1,1,single,6,90681.57,244795.14,62927.86,128501.34,45711.65,532064.84
Typhoid Inpatient Care,54,1,2,twin,3,17194.67,0.0,14045.72,14851.38,8691.08,54395.78
Hysterectomy,40,3,2,suite,4,30739.06,65637.46,14045.22,22591.41,10330.51,161461.61
Cholecystectomy,49,2,1,single,3,27600.61,63931.96,13718.99,23395.99,11094.03,133551.72
Normal Delivery,72,1,1,general,4,33319.13,39512.45,33122.11,11600.11,10545.84,130979.85
Dengue Inpatient Care,58,3,2,general,3,11460.69,0.0,9665.88,12650.37,7491.55,37610.51
Normal Delivery,38,1,1,general,3,21689.6,34674.17,19578.34,9894.09,9161.0,107718.48
Appendectomy,75,1,3,single,4,27652.72,48174.26,15650.0,13152.59,7323.26,109683.09
Hernia Repair,34,1,2,single,2,17737.09,59161.77,9639.21,14228.38,8292.86,106310.17
Typhoid Inpatient Care,41,1,2,twin,5,30307.37,0.0,21628.98,15100.32,11942.34,77970.51
Tonsillectomy,26,1,1,general,3,21814.65,49980.91,17334.06,9195.06,8835.18,106056.24
Total Knee Replacement,34,1,1,single,6,91772.71,249824.48,53347.8,137558.18,42525.05,635424.71
Dengue Inpatient Care,27,1,2,twin,7,47482.27,0.0,34869.26,13406.42,15428.25,108907.24
Dengue Inpatient Care,62,1,2,twin,4,28180.95,0.0,21106.49,13628.19,12741.32,81836.37
Kidney Stone Lithotripsy,43,2,1,twin,1,6366.12,49851.66,4047.66,15381.01,5607.25,70959.51
Hernia Repair,33,1,2,general,1,6540.58,51874.62,4885.17,14493.56,8512.73,93390.14
Caesarean Section,65,1,1,single,4,51724.23,101480.41,33799.38,27605.48,20784.69,241291.43
Cholecystectomy,52,1,2,general,4,26871.0,64079.87,21424.21,16998.97,11160.07,142014.44
Coronary Artery Bypass Graft (CABG),30,2,3,general,9,68647.81,153206.53,58953.66,65923.48,34744.69,362371.81
Appendectomy,25,1,2,general,3,20675.19,61470.63,14325.12,18055.11,9225.53,136926.74
Total Hip Replacement,56,3,1,single,5,49593.6,148590.77,27863.18,148515.52,22420.66,422751.54
Total Knee Replacement,27,2,1,twin,7,64310.89,152544.72,47979.29,115767.35,29403.35,405731.49
Dengue Inpatient Care,69,1,2,twin,4,31236.15,0.0,25964.81,16069.09,13259.05,74658.44
Tonsillectomy,50,1,3,single,2,12629.92,33323.65,6536.38,6436.44,4887.35,55908.71
Coronary Artery Bypass Graft (CABG),53,2,2,single,6,79288.26,223117.8,46877.5,95190.69,36172.97,455826.14
Appendectomy,74,2,1,general,4,23636.6,51837.7,18652.29,22700.18,9613.04,127045.87
Kidney Stone Lithotripsy,19,1,3,general,2,10079.12,40816.09,6612.67,9609.53,5310.15,76083.47
Total Hip Replacement,67,3,2,general,6,33473.89,103609.25,32072.45,132902.1,22931.99,337967.86
Caesarean Section,57,1,1,single,3,39885.64,107460.49,24068.74,23123.03,18870.09,230383.93
Caesarean Section,71,2,1,general,5,36908.67,60288.14,32039.84,28870.9,14174.77,112696.21
Dengue Inpatient Care,68,1,2,twin,5,36569.16,0.0,29755.14,14185.56,14951.64,84147.28
Kidney Stone Lithotripsy,53,2,3,twin,1,4610.45,33154.1,2492.73,9082.17,3722.05,56770.59
Kidney Stone Lithotripsy,18,1,2,twin,3,22336.85,56329.76,12867.75,11575.17,6799.28,118701.71
Hernia Repair,48,2,2,twin,3,16547.32,38101.27,10765.55,15295.42,6506.39,72175.8
Total Knee Replacement,66,1,2,general,6,54273.96,167557.22,51625.56,118111.46,34890.61,466812.15
Total Hip Replacement,79,2,3,general,7,39556.9,96994.06,39550.33,98881.55,19558.1,265205.34
Coronary Artery Bypass Graft (CABG),27,1,2,general,8,112383.66,255256.85,84616.27,84695.81,56462.66,611334.72
Normal Delivery,78,3,1,general,5,22272.34,23325.6,22107.64,12769.3,7023.02,112500.4
Coronary Angioplasty,75,2,1,general,6,60312.0,124471.47,60727.63,131748.07,30069.34,413761.47
Cataract Surgery,82,2,2,single,2,10217.72,27396.11,7559.41,15815.64,4238.61,63336.79
Cholecystectomy,36,3,1,twin,5,30604.4,52802.19,18318.13,22767.93,9817.31,129133.48
Normal Delivery,57,1,3,twin,3,17538.62,26867.15,14116.21,6950.27,6315.09,63051.51
Hernia Repair,40,1,2,twin,3,22235.45,56295.28,13444.86,14961.12,9129.31,128751.93
Tonsillectomy,76,1,2,general,4,24318.6,36982.65,20427.93,9971.58,7131.28,116557.81
Normal Delivery,35,1,2,general,3,18460.4,31659.08,17001.24,8673.65,8609.87,99163.37
Appendectomy,39,1,1,single,3,30391.56,83579.01,16249.87,17534.13,11951.55,152009.54
Coronary Angioplasty,35,2,2,twin,3,26039.03,103491.97,22001.64,81098.9,17321.02,202087.96
Tonsillectomy,67,2,3,general,3,9403.17,20379.75,8193.89,5931.85,3682.2,43746.68
Normal Delivery,23,2,1,general,2,10832.91,28583.15,9450.35,10307.84,6540.31,54647.64
Typhoid Inpatient Care,63,3,2,general,3,9112.7,0.0,8276.74,14937.84,5879.1,35028.16
Total Knee Replacement,77,2,2,general,8,58981.1,122642.5,59108.26,129219.14,28391.07,488565.63
Total Knee Replacement,22,2,1,single,5,55867.12,173364.72,37044.5,119177.44,30003.74,413748.51
Appendectomy,67,2,1,general,5,29799.21,54629.19,22421.73,21249.74,9199.08,115664.76
Hernia Repair,54,2,3,single,1,4481.89,30105.0,2622.32,10955.55,3688.91,51822.21
Cholecystectomy,52,2,2,suite,2,17472.8,61306.54,7316.64,17607.96,7319.84,109406.63
Coronary Angioplasty,59,3,2,suite,4,40715.63,105361.02,22202.96,79539.8,14513.67,198409.25
Total Hip Replacement,20,2,2,general,5,37340.07,134673.74,29988.24,125642.48,28241.87,316247.03
Tonsillectomy,52,2,3,general,2,6866.08,21995.67,4606.27,5827.32,3379.59,41116.83
Typhoid Inpatient Care,48,2,2,suite,5,29380.48,0.0,15938.95,15209.72,8076.82,56430.62
Kidney Stone Lithotripsy,43,1,2,twin,1,7008.26,54658.18,4460.28,10953.66,6123.99,68357.6
Total Hip Replacement,28,1,2,general,6,60041.0,188705.67,50547.84,116577.4,36345.95,454541.57
Dengue Inpatient Care,32,2,2,general,5,23148.72,0.0,19238.34,13757.55,9703.69,65180.43
Tonsillectomy,31,3,1,suite,1,7377.52,39000.99,3282.06,10697.31,4157.96,62433.41
Dengue Inpatient Care,44,2,2,general,2,8582.75,0.0,7765.9,12883.39,8294.44,38053.71
Coronary Artery Bypass Graft (CABG),19,1,3,twin,8,94201.15,233866.18,67781.84,73705.82,44194.32,510422.34
Cholecystectomy,81,2,1,single,5,42381.28,68480.18,28439.81,23312.86,12651.55,175301.83
Hysterectomy,82,2,2,suite,5,43448.39,74404.24,25949.53,28586.79,11460.96,153304.46
Coronary Artery Bypass Graft (CABG),50,1,3,suite,9,158944.34,269861.95,74946.28,67114.63,44871.27,612313.37
Dengue Inpatient Care,72,1,2,general,5,28280.93,0.0,27923.84,15395.52,14112.53,91432.5
Appendectomy,58,1,1,general,3,22866.61,65961.36,15412.35,18123.21,10293.9,103215.76
Total Hip Replacement,76,2,1,general,8,73170.09,169074.53,71408.99,160263.65,33718.68,480341.19
Caesarean Section,49,3,3,general,4,14025.36,30953.56,11157.22,14902.51,6889.96,76446.5
Typhoid Inpatient Care,21,2,3,single,7,25363.89,0.0,15466.45,12533.62,6472.04,52139.2
Coronary Artery Bypass Graft (CABG),74,1,2,suite,12,270241.13,404032.68,177732.94,103537.81,73117.75,1030560.26
Total Hip Replacement,46,3,1,suite,4,43543.99,187438.72,24286.45,133416.17,20154.5,468384.7
Dengue Inpatient Care,61,1,3,single,7,46381.64,0.0,28182.41,10008.82,12567.95,93398.88
Coronary Angioplasty,72,1,2,twin,6,75768.21,143761.29,60123.18,103125.57,27184.77,397519.41
Normal Delivery,69,1,1,single,4,39739.18,48036.25,31196.86,12223.68,10463.79,109497.35
Tonsillectomy,44,1,2,general,3,17638.28,40348.83,12513.16,8196.98,6588.01,81282.5
Kidney Stone Lithotripsy,22,2,2,single,2,12336.86,45118.58,5924.08,13224.24,5308.13,78814.31
Cataract Surgery,43,2,1,suite,2,14919.33,37522.6,6471.3,17912.16,4817.48,91223.33
Coronary Artery Bypass Graft (CABG),56,3,3,general,8,47842.09,119632.43,38219.8,71479.71,29097.92,324934.7
Appendectomy,68,3,2,single,6,30049.52,35630.75,15428.6,18493.95,7056.27,90050.76
Dengue Inpatient Care,18,2,3,twin,6,23148.61,0.0,16496.95,9260.19,7559.84,53305.8
Kidney Stone Lithotripsy,59,3,1,general,2,10253.85,38962.62,6775.22,13731.0,4823.21,80890.91
Cholecystectomy,35,1,3,suite,4,38268.49,71614.75,18044.01,12353.44,11050.58,145470.29
Kidney Stone Lithotripsy,63,3,1,general,2,10595.02,41842.6,6701.29,17438.91,5097.36,72941.89
Coronary Angioplasty,19,2,1,twin,4,42468.86,111430.99,32455.6,96329.08,21023.46,317680.03
Total Knee Replacement,18,1,2,suite,5,77326.79,215954.59,40438.71,107332.56,35497.48,477846.66
Tonsillectomy,50,1,2,twin,2,12486.38,41278.2,7778.55,7565.74,5533.43,72431.54
Appendectomy,32,1,1,single,2,23608.31,82649.29,12119.96,21753.48,10817.65,153962.21
Cataract Surgery,50,3,2,twin,2,7720.45,22595.7,4791.24,14751.1,3684.42,52139.07
Appendectomy,50,3,3,twin,5,19623.28,30858.13,10172.58,14009.63,5070.58,87699.91
Total Hip Replacement,24,1,2,twin,6,66725.34,196459.95,49971.99,119752.18,34438.92,481425.29
Kidney Stone Lithotripsy,70,1,2,twin,4,29716.81,59735.51,19223.36,14024.74,8167.91,118663.81
Coronary Artery Bypass Graft (CABG),48,1,1,twin,9,178105.0,354756.0,132646.51,114590.57,87349.48,853648.22
Normal Delivery,71,2,1,suite,4,32386.05,31438.22,18338.82,10859.43,6692.85,107106.35
Tonsillectomy,46,2,1,twin,2,11178.6,33186.97,6798.76,8363.51,5125.98,67700.92
Caesarean Section,35,1,2,suite,5,61502.65,86575.22,29661.58,18173.11,17190.17,253057.86
Hysterectomy,32,1,1,general,3,28688.44,98088.26,24764.86,24112.85,17332.15,182016.74
Cataract Surgery,60,1,1,twin,2,16418.08,48190.24,9554.06,16447.85,6956.62,90394.1
Total Hip Replacement,23,1,1,suite,6,110468.63,303692.47,61989.11,137035.04,40645.2,704651.88
Kidney Stone Lithotripsy,41,2,2,suite,2,16568.19,52179.59,6162.63,12451.24,5196.65,88788.08
Hernia Repair,56,1,2,suite,2,19881.69,64318.97,8613.62,13852.33,7499.28,126270.0
Normal Delivery,28,2,2,general,3,12576.68,20021.58,10543.87,7712.73,5047.38,63801.5
Dengue Inpatient Care,36,3,1,twin,4,18738.26,0.0,13524.89,15459.02,9225.79,61622.9
Kidney Stone Lithotripsy,71,3,3,single,3,13160.84,30855.72,7431.52,11056.33,3710.77,81980.01
Cholecystectomy,36,2,2,general,3,14437.87,42547.89,11413.1,19127.93,8514.51,88774.03
Cholecystectomy,42,1,2,general,2,14942.85,64989.55,9982.24,16897.72,11359.21,122091.4
Tonsillectomy,34,3,2,twin,2,7398.06,21637.04,4972.7,7872.74,3219.08,40238.93
Normal Delivery,74,2,2,single,4,24297.42,24767.89,16899.71,9644.64,5523.78,86447.58
Hernia Repair,18,1,1,twin,3,26370.81,58813.27,15917.22,20191.3,10941.61,137394.25
Typhoid Inpatient Care,81,1,1,suite,7,76750.13,0.0,53696.17,23661.47,14795.45,181890.94
Hernia Repair,61,1,2,twin,3,23170.61,54647.27,13734.23,17040.97,9802.13,105903.65
Hysterectomy,42,1,3,single,5,41023.13,74787.82,25349.84,18252.72,14516.36,207245.95
Typhoid Inpatient Care,56,1,1,single,5,43793.78,0.0,28018.96,20074.45,14664.98,91195.85
Hysterectomy,37,3,2,twin,5,23766.85,45354.58,16184.26,19383.09,9217.43,106225.08
Kidney Stone Lithotripsy,35,2,3,twin,2,8473.54,29567.4,5020.19,8998.08,3596.18,56520.33
Tonsillectomy,27,3,2,twin,1,3689.76,24682.88,2297.34,7895.49,3146.05,42450.63
Hysterectomy,50,1,3,twin,5,34983.42,71483.27,24732.8,16206.8,13693.87,157529.5
Kidney Stone Lithotripsy,47,3,3,twin,2,6781.84,24443.98,4093.89,9316.57,3305.27,52508.45
Caesarean Section,34,1,1,twin,4,45977.71,90811.19,30235.35,25577.83,19135.13,187950.83
Coronary Artery Bypass Graft (CABG),72,1,1,general,11,187543.03,327874.13,183545.0,113948.08,82723.81,820200.4
Tonsillectomy,74,1,3,single,3,17941.05,31864.28,11227.78,6862.51,4853.06,82167.97
Typhoid Inpatient Care,33,2,2,general,6,23950.0,0.0,19794.98,15214.41,8850.33,65784.1
Dengue Inpatient Care,46,1,2,twin,5,39698.01,0.0,29729.18,14296.51,14054.76,81403.0
Coronary Artery Bypass Graft (CABG),28,1,2,single,6,102198.38,323037.36,70847.12,84284.1,49832.97,700992.35
Dengue Inpatient Care,19,2,2,twin,3,15037.62,0.0,10472.02,12325.4,9091.16,39969.79
Caesarean Section,63,2,1,twin,4,32475.4,66204.11,22907.67,22451.02,12766.42,159848.8
Hysterectomy,41,2,2,suite,4,36503.31,81222.7,16798.66,21846.34,11497.69,180055.8
Coronary Artery Bypass Graft (CABG),60,1,2,single,12,207574.5,294729.53,120909.78,85886.39,68625.61,801757.06
Cholecystectomy,82,3,3,twin,4,14266.3,31069.47,11909.51,17258.06,5448.57,101170.22
Tonsillectomy,72,1,2,twin,3,19450.41,38370.61,14772.61,7833.8,6657.72,89959.81
Appendectomy,32,3,1,twin,2,10301.12,40821.26,6269.58,19492.87,6007.9,75373.83
Normal Delivery,78,3,1,general,4,18715.67,21775.11,17969.02,12020.08,6810.9,67567.69
Hernia Repair,41,3,1,single,3,18244.63,39572.52,9312.78,20322.92,5890.49,90538.79
Coronary Artery Bypass Graft (CABG),76,3,1,twin,8,87704.59,198919.05,72588.26,117207.14,37372.68,609688.52
Hysterectomy,26,2,2,general,4,22238.54,57263.12,16991.95,19899.61,10538.98,115103.28
Cholecystectomy,65,2,1,general,3,19618.25,52954.39,14628.16,21344.98,11497.03,134556.58
Total Hip Replacement,37,1,2,single,5,64457.22,205774.96,36667.22,117408.97,33664.04,478462.6
Total Knee Replacement,27,3,1,twin,6,46821.59,127379.45,31845.34,133213.65,27579.92,315573.46
Coronary Angioplasty,51,3,1,general,4,29748.43,93383.3,23454.76,105263.52,16563.87,254051.03
Caesarean Section,45,3,2,general,3,12896.55,39303.92,10558.48,19486.69,7724.55,91820.97
Coronary Angioplasty,51,3,2,twin,2,15093.22,82992.94,12120.01,81999.88,12454.91,189844.36
Cataract Surgery,30,2,2,single,1,5113.37,27049.84,2595.8,13687.93,3916.36,57645.77
Appendectomy,54,1,3,single,4,28523.68,50051.31,14511.29,11907.42,9221.44,121720.45
Hernia Repair,65,3,1,twin,2,10947.93,37037.93,7184.22,21046.76,6281.2,80552.33
Appendectomy,43,2,3,twin,4,16853.22,32876.36,10135.72,12763.84,5287.48,76071.86
Typhoid Inpatient Care,47,3,2,single,4,15894.92,0.0,10761.57,14423.93,5833.7,49435.58
Dengue Inpatient Care,45,1,2,twin,4,26786.43,0.0,21004.94,13514.13,11444.07,62144.87
Cataract Surgery,72,2,1,general,3,15562.46,32150.44,12471.31,20118.04,5980.85,99348.0
Cataract Surgery,71,1,3,twin,3,14035.8,28282.06,10156.62,10985.12,4273.4,71140.1
Total Hip Replacement,26,2,3,general,5,26252.34,108921.64,22899.73,85052.85,19994.96,251733.48
Hysterectomy,69,2,1,twin,7,53455.71,70680.27,41466.29,26891.57,18786.21,244514.88
Typhoid Inpatient Care,75,2,2,twin,6,24642.42,0.0,21881.84,18595.84,7925.74,73166.34
Total Hip Replacement,64,1,2,general,5,51249.84,201883.54,46729.7,130176.2,35558.09,513900.32
Cataract Surgery,47,3,1,single,2,9935.31,25944.08,5357.94,14224.65,3730.17,53469.02
Cholecystectomy,61,2,3,general,3,13444.88,39594.21,10028.86,13547.92,6880.7,73849.65
Dengue Inpatient Care,25,1,3,general,7,32207.26,0.0,26398.74,10176.97,10229.41,84441.45
Hysterectomy,22,2,2,general,3,15901.18,59301.83,12586.56,20711.96,10609.3,112807.09
Caesarean Section,33,1,2,twin,4,34744.24,67743.7,26060.22,19817.51,13783.56,179024.96
Dengue Inpatient Care,27,1,2,suite,4,43094.99,0.0,22668.64,12360.97,14764.79,97671.37
Tonsillectomy,66,2,2,twin,2,9533.86,31249.14,6525.24,8505.86,4123.37,58426.96
Dengue Inpatient Care,33,1,2,twin,3,20527.61,0.0,17120.87,13434.78,10750.47,53975.69
Coronary Angioplasty,31,1,1,twin,5,75403.26,181422.81,56525.85,101676.37,35299.83,464418.99
Hernia Repair,28,2,1,suite,2,17352.13,54651.51,8030.11,16472.47,6497.56,106156.96
Cataract Surgery,70,3,1,twin,3,14062.27,27250.08,8913.31,16046.66,4501.66,87746.74
Caesarean Section,69,2,1,single,6,50976.19,69635.99,33947.64,23011.19,14858.19,184151.1
Cholecystectomy,74,1,1,single,5,65231.23,102738.05,41005.24,25232.38,16374.85,209734.52
Total Knee Replacement,52,1,1,single,5,81590.18,266811.51,52840.82,123211.93,46482.96,603231.1
Cholecystectomy,81,2,1,general,5,34385.89,58054.8,29989.37,27143.54,12750.2,165624.31
Hysterectomy,75,1,3,single,6,49864.71,74805.05,31695.01,19216.95,13332.08,165563.42
Kidney Stone Lithotripsy,78,1,2,general,3,21558.49,50345.07,17472.31,14879.12,8467.48,102413.86
Total Knee Replacement,58,1,1,twin,5,66440.74,225701.3,50197.43,129163.69,44070.85,535853.34
Appendectomy,40,1,1,twin,3,30921.18,83716.7,16512.42,18967.28,11941.81,163874.37
Cholecystectomy,41,3,2,twin,4,18960.49,37044.96,12564.88,16161.82,7680.7,89924.08
Appendectomy,41,2,2,single,3,19532.01,45159.07,9338.4,16621.3,7404.2,92675.98
Total Hip Replacement,28,1,1,single,4,61674.17,273560.67,36702.42,143560.98,34873.66,534084.83
Tonsillectomy,64,3,1,general,2,7570.44,26131.87,6350.18,9768.04,3505.14,50501.85
Typhoid Inpatient Care,76,3,3,suite,7,28093.72,0.0,18983.57,14352.19,5479.46,72641.59
Cataract Surgery,49,2,2,suite,1,6369.56,32166.65,2892.26,11887.84,3535.84,62261.44
Hysterectomy,74,2,1,single,5,44051.31,85981.61,29718.14,31106.57,14660.76,212567.08
Tonsillectomy,68,1,2,twin,4,26458.31,39071.57,17372.89,7606.32,5909.19,92684.0
Hysterectomy,69,2,3,single,9,50082.98,51197.39,33508.56,19032.61,13087.09,122056.29
Caesarean Section,63,1,2,single,4,41008.27,78117.37,24831.83,21071.91,14528.25,175673.51
Cholecystectomy,78,3,1,twin,4,23853.91,47893.76,17759.97,25115.33,8800.38,92873.48
Coronary Angioplasty,26,2,2,twin,2,19041.2,96048.16,13322.35,89100.68,15007.76,247506.14
Total Hip Replacement,64,2,3,general,4,22062.07,98891.22,19224.85,89313.95,17897.1,272358.89
Hysterectomy,53,2,1,twin,4,28706.03,73296.23,21552.92,24850.15,12545.08,132484.85
Coronary Artery Bypass Graft (CABG),81,1,2,twin,8,126388.57,308984.5,119991.39,106640.27,61128.06,693731.44
Caesarean Section,75,1,3,general,5,27894.6,46154.37,24450.81,17488.93,11184.28,120585.86
Total Knee Replacement,40,1,1,twin,5,67182.39,231978.13,54670.48,145566.54,41093.89,628606.99
Total Hip Replacement,66,3,1,twin,8,70183.94,157465.38,51786.43,150823.47,29492.42,464538.33
Tonsillectomy,63,2,1,general,2,10900.96,33692.64,8637.39,10376.7,5884.81,70825.66
Typhoid Inpatient Care,77,3,2,general,7,21604.84,0.0,23597.17,18890.9,7350.27,58116.22
Normal Delivery,51,3,2,single,3,13637.4,18673.76,8397.62,8547.68,4752.35,52592.17
Coronary Artery Bypass Graft (CABG),79,1,2,twin,11,189514.34,329202.04,168703.1,118773.05,70205.7,1041776.62
Dengue Inpatient Care,30,2,2,general,4,16953.19,0.0,14797.59,14535.01,9950.29,42449.44
Dengue Inpatient Care,19,2,2,twin,3,15864.42,0.0,11984.76,14791.02,8956.79,52542.45
Caesarean Section,44,2,3,single,4,23558.38,49042.77,14897.93,14267.07,9098.89,105612.34
Cholecystectomy,36,3,2,twin,5,24652.89,38593.08,15811.42,17851.53,8178.05,103319.76
Kidney Stone Lithotripsy,62,2,2,general,2,10079.89,35403.31,7139.11,11120.96,4666.78,72906.35
Dengue Inpatient Care,72,2,2,twin,5,25789.03,0.0,21590.82,14430.81,9594.58,76325.8
Tonsillectomy,49,1,2,single,2,15667.53,43750.27,7800.86,7850.1,5674.75,83627.9
Appendectomy,73,3,3,twin,3,11277.39,29062.59,6682.73,14190.93,4614.88,73908.02
Coronary Angioplasty,44,1,1,general,4,52406.89,151239.46,43560.07,102472.91,28712.12,351427.31
Caesarean Section,60,3,2,single,6,35606.73,49683.59,23105.03,20229.77,10029.18,134704.4
Dengue Inpatient Care,36,2,3,single,6,27705.23,0.0,17957.8,10195.55,8594.38,65275.94
Typhoid Inpatient Care,22,1,3,twin,4,18850.27,0.0,14224.31,11486.07,7672.47,52069.01
Cataract Surgery,46,1,1,suite,1,11652.83,56283.95,4774.25,17974.85,6862.68,111103.46
Hysterectomy,31,2,1,twin,4,29720.65,74830.49,19637.38,23843.06,14415.89,138039.04
Appendectomy,78,3,3,single,4,16476.39,29212.94,9524.38,13193.36,4094.82,63355.87
Coronary Artery Bypass Graft (CABG),19,1,3,single,8,109976.65,256971.25,68013.53,69631.42,47285.42,519590.1
Dengue Inpatient Care,78,1,1,general,4,32086.76,0.0,32044.53,20834.53,17725.38,95952.51
Normal Delivery,32,1,3,suite,3,25452.38,33723.92,12716.37,7007.02,6927.16,86804.31
Typhoid Inpatient Care,65,3,2,single,6,24916.6,0.0,15989.43,16802.66,6643.35,63689.52
Coronary Angioplasty,63,1,2,twin,4,50704.24,139905.45,42646.35,89520.49,25554.01,353288.59
Cataract Surgery,33,3,2,twin,2,6742.69,20063.77,4379.33,12911.46,3071.03,47254.63
Tonsillectomy,76,1,3,twin,3,16770.15,33353.12,13238.04,7523.49,5032.3,57400.4
Dengue Inpatient Care,42,2,3,twin,3,11203.55,0.0,8635.71,9670.23,5977.32,37230.88
Total Knee Replacement,30,1,3,single,4,36969.93,150139.12,24747.5,86416.31,22547.57,320401.64
Hysterectomy,54,2,1,general,4,25418.84,61769.33,21747.89,23582.87,14729.11,134323.86
Total Knee Replacement,34,2,2,twin,8,62634.27,120996.13,45948.25,97328.11,26943.29,301155.14
Tonsillectomy,79,1,3,twin,4,20667.22,30572.56,17279.37,7101.89,5006.23,90079.87
Coronary Angioplasty,61,1,1,general,4,54771.3,160730.63,47766.12,107700.37,33843.99,440268.47
Coronary Artery Bypass Graft (CABG),62,1,2,general,9,130840.28,292791.47,102025.84,103579.44,68660.26,670735.02
Typhoid Inpatient Care,23,2,2,single,5,26614.49,0.0,15878.05,15019.73,8999.34,63316.15
Typhoid Inpatient Care,47,3,2,general,5,16045.99,0.0,14071.45,16417.16,7194.55,51571.22
Coronary Angioplasty,60,1,1,twin,3,44588.4,159690.14,33565.56,105197.34,32310.07,377889.7
Total Knee Replacement,70,1,2,suite,8,125086.47,214666.65,66101.59,114730.09,36799.45,615620.92
Normal Delivery,81,2,2,single,3,18435.22,26550.2,14367.32,10389.3,5702.57,83412.32
Normal Delivery,42,2,1,twin,3,19300.95,31772.25,13942.26,12020.48,7376.41,79743.25
Typhoid Inpatient Care,52,2,1,general,4,18799.12,0.0,16094.5,19820.4,9552.84,67695.77
Total Knee Replacement,63,1,2,general,4,37348.4,176254.9,33082.69,117119.78,28261.76,442581.02
Cholecystectomy,27,2,2,single,3,21983.12,52169.35,11468.95,19153.71,8454.32,109174.77
Total Knee Replacement,42,2,2,twin,6,47873.84,147153.41,33167.8,105932.53,25812.31,328267.81
Caesarean Section,73,1,1,twin,4,44171.81,93492.07,36565.01,25833.68,18795.9,177254.31
Tonsillectomy,27,1,1,general,2,14052.53,48774.19,10565.19,8295.23,7524.92,84376.11
Cholecystectomy,23,1,3,single,3,23203.29,59551.7,11937.46,14701.29,9774.17,114659.16
Coronary Artery Bypass Graft (CABG),74,2,2,twin,6,71579.41,209006.64,56104.35,106695.2,37991.03,439655.48
Caesarean Section,28,3,1,general,6,29844.13,44318.25,24833.56,21635.94,10654.55,139764.06
Typhoid Inpatient Care,26,2,3,twin,5,17149.68,0.0,11748.65,11340.28,6612.7,44892.27
Tonsillectomy,76,2,1,single,4,29522.41,42085.7,20311.68,12438.19,6033.58,97319.61
Tonsillectomy,58,3,1,general,1,3951.24,27368.48,3185.01,10678.48,3530.74,50908.72
Hysterectomy,42,3,1,twin,4,22959.53,55979.86,16010.98,23732.46,10012.41,131380.39
Appendectomy,54,1,2,twin,4,32403.29,57797.93,19717.59,15608.21,10558.33,155701.22
Coronary Artery Bypass Graft (CABG),81,3,3,suite,8,79754.88,171709.94,56519.24,93570.93,30048.03,523837.43
Typhoid Inpatient Care,71,1,1,twin,7,49310.87,0.0,39713.6,19971.38,14395.25,94544.75
Total Hip Replacement,79,2,2,general,5,35715.21,128942.8,37023.2,150475.33,25762.16,326229.5
Kidney Stone Lithotripsy,45,3,2,single,3,14493.68,32391.09,7775.51,10847.83,4587.56,72851.34
Tonsillectomy,56,2,3,single,1,4322.05,24398.44,2149.13,5159.13,2650.52,38629.82
Typhoid Inpatient Care,51,1,3,twin,5,23471.94,0.0,17129.32,11721.27,10053.18,68200.15
Appendectomy,53,1,2,twin,3,24743.83,65943.52,13352.55,17775.52,9458.2,131989.04
Kidney Stone Lithotripsy,18,1,1,twin,1,8947.15,69412.62,5352.24,14135.83,8568.98,104905.77
Hysterectomy,75,3,1,general,5,28411.1,53807.87,27650.37,33788.31,12294.48,153932.81
Total Hip Replacement,31,1,2,general,7,69538.23,179397.76,54892.87,102313.83,34907.08,384079.3
Cataract Surgery,48,1,3,twin,2,9720.66,26964.87,6209.5,9732.21,4230.28,56571.62
Dengue Inpatient Care,81,3,1,single,6,36212.07,0.0,28124.02,17988.18,10304.12,93781.85
Tonsillectomy,47,2,2,general,1,4043.94,26274.15,3070.2,6887.65,4057.59,44336.54
Tonsillectomy,39,3,2,twin,2,7401.05,22622.78,4609.99,7913.73,3477.83,48555.18
Caesarean Section,71,3,2,general,3,13181.16,42805.04,11711.23,21582.84,7448.82,98957.84
Normal Delivery,25,2,1,general,2,10733.55,30071.99,9466.99,10073.34,6293.66,62574.96
Hysterectomy,70,1,3,twin,6,41108.65,64714.4,30791.68,18719.56,14181.13,167219.4
Typhoid Inpatient Care,61,2,3,single,4,15853.98,0.0,9898.69,12583.0,5346.8,44915.94
Dengue Inpatient Care,75,1,1,suite,7,100261.24,0.0,57411.08,19144.19,21175.48,181270.89
Total Knee Replacement,23,1,1,suite,7,119409.88,261878.21,56856.93,119861.95,40835.29,655203.19
Kidney Stone Lithotripsy,26,2,1,single,2,15257.61,51902.95,7220.3,12943.24,6582.56,99170.64
Total Knee Replacement,71,3,2,general,7,40282.99,107442.39,36178.87,127341.22,19922.68,327732.16
Kidney Stone Lithotripsy,65,2,1,general,3,18222.97,43576.83,12647.89,15945.79,6949.06,96828.84
Caesarean Section,48,2,1,twin,3,23331.08,65292.79,17996.06,25157.99,13130.6,147825.15
Normal Delivery,47,3,1,single,2,11742.11,28514.01,7952.12,10821.64,5169.78,63237.67
Coronary Angioplasty,70,2,2,general,5,40699.63,95908.81,42692.93,92018.17,19939.2,263246.43
Tonsillectomy,19,1,1,single,1,9663.99,55575.85,5116.77,8394.03,7283.7,81228.73
Coronary Angioplasty,40,2,2,general,4,31596.47,87024.64,28492.3,73909.86,18170.4,267845.17
Cataract Surgery,20,1,2,single,2,14387.56,41005.31,7507.72,13271.45,5526.23,80283.16
Caesarean Section,18,2,2,single,6,46642.43,66912.61,29164.26,22770.08,13799.51,181828.7
Kidney Stone Lithotripsy,51,2,1,twin,2,13719.08,53462.82,8312.22,14911.08,6901.96,95270.49
Hysterectomy,32,3,2,twin,4,19405.62,51384.75,13961.76,21417.26,9307.51,143023.16
Kidney Stone Lithotripsy,75,1,2,twin,3,24898.3,57513.47,16176.92,12492.6,8030.65,112663.51
Hernia Repair,27,1,2,general,3,17958.48,42017.28,12095.43,14668.36,8455.71,83580.21
Cataract Surgery,45,1,3,single,2,12167.98,34362.5,6294.28,10924.17,4696.62,63489.08
Coronary Artery Bypass Graft (CABG),57,2,1,twin,6,74664.9,241016.69,57429.37,112312.46,45100.25,431463.32
Typhoid Inpatient Care,81,2,2,general,6,23664.18,0.0,25794.08,19167.83,9009.63,99940.4
Caesarean Section,53,1,1,single,3,37698.94,98991.45,22201.73,22472.47,18287.38,224509.45
Hernia Repair,81,3,2,general,3,10423.02,26446.86,9237.1,19270.19,4539.31,63528.59
Dengue Inpatient Care,69,2,3,single,7,33821.8,0.0,22986.54,10663.17,8630.1,70506.01
Tonsillectomy,42,2,1,general,2,10358.89,32907.27,7670.77,9813.33,5914.93,58712.38
Tonsillectomy,76,2,3,suite,4,20012.17,25330.0,11447.06,6354.87,3748.68,60229.61
Total Knee Replacement,64,2,2,single,6,50913.47,134154.42,31219.28,104180.48,21850.61,319142.64
Typhoid Inpatient Care,61,1,3,single,7,38178.12,0.0,24161.08,11511.69,10082.33,80706.47
Hysterectomy,61,2,2,twin,4,26715.55,58189.64,16697.96,23551.64,11162.75,133560.23
Hysterectomy,49,1,1,twin,4,44200.58,95324.11,29456.73,27023.89,20945.26,248297.14
Cataract Surgery,58,2,1,general,1,5155.97,31596.12,3361.81,18221.98,4757.68,63716.78
Coronary Angioplasty,34,2,1,general,5,45842.88,116914.18,41539.71,100631.5,21266.64,356571.75
Total Hip Replacement,80,1,2,single,7,99412.05,230392.49,70064.04,147758.41,42906.42,574118.31
Tonsillectomy,30,3,3,twin,2,6392.47,18854.71,4068.32,5793.22,3035.07,36083.61
Kidney Stone Lithotripsy,26,2,3,twin,2,8022.12,29962.58,4909.33,10072.74,4054.22,52659.84
Kidney Stone Lithotripsy,58,1,1,single,3,31313.86,77783.85,16963.62,14581.79,9300.9,157859.0
Hysterectomy,31,1,3,general,5,28635.53,60270.32,21166.67,18143.12,12464.19,129624.37
Appendectomy,77,1,3,general,3,15241.93,41055.25,12877.44,15276.19,7970.13,98144.58
Appendectomy,59,2,1,general,4,25380.76,53510.69,16971.85,20958.67,8850.1,138250.33
Cholecystectomy,66,2,2,general,6,31855.63,44671.61,23513.33,19121.11,10993.7,148162.3
Coronary Artery Bypass Graft (CABG),28,2,2,single,2,27666.17,244249.7,16996.47,99053.86,27244.26,445477.85
Caesarean Section,34,1,1,general,5,45633.97,82077.68,35725.11,21616.0,17599.16,209916.28
Cataract Surgery,34,1,1,general,1,6274.58,37936.03,4186.86,15565.0,5569.44,74422.16
Normal Delivery,55,1,1,general,2,14264.43,34971.61,12609.45,10991.7,8770.15,81919.88
Cataract Surgery,47,1,1,general,2,14424.3,43484.52,10359.7,16280.95,6444.87,76915.06
Total Hip Replacement,57,2,3,general,7,38897.99,108097.0,33080.68,82543.3,22058.5,296686.0
Tonsillectomy,26,3,2,single,2,8490.8,22488.08,4944.25,7701.32,3326.37,49912.2
Typhoid Inpatient Care,82,2,2,single,6,31505.89,0.0,24830.21,19704.51,10021.53,79981.94
Caesarean Section,77,3,2,twin,5,27957.84,47262.89,22208.6,23624.07,9330.33,110186.47
Appendectomy,29,2,1,twin,5,36081.72,53860.29,21608.64,19860.47,10264.39,136843.5
Hernia Repair,72,3,2,general,4,14668.82,26718.78,11761.28,17613.76,5310.7,90034.22
Coronary Artery Bypass Graft (CABG),38,2,2,twin,12,134109.51,196785.55,97147.43,86501.67,48367.69,655676.03
Coronary Artery Bypass Graft (CABG),64,2,2,twin,7,88154.27,236629.9,67626.52,94435.52,41512.65,592519.84
Caesarean Section,24,2,2,twin,6,38199.25,47294.79,23623.93,18804.64,11093.58,151779.56
Coronary Artery Bypass Graft (CABG),73,2,2,suite,10,152160.34,264471.48,99417.71,103478.68,47659.15,701129.23
Tonsillectomy,32,2,2,general,3,13598.38,29360.08,10372.64,8743.42,4401.35,66539.05
Total Knee Replacement,68,1,2,single,8,99733.46,216704.94,73812.19,114866.32,42813.04,692566.9
Kidney Stone Lithotripsy,58,1,2,general,2,13097.65,49007.01,8108.46,11564.23,6229.6,90784.37
Cholecystectomy,52,2,1,general,3,19261.06,53515.79,14064.3,23106.44,9524.32,102993.42
Total Hip Replacement,55,1,1,twin,7,104285.23,240822.92,71995.45,134890.09,45801.06,666487.01
Total Hip Replacement,67,1,2,single,6,80622.99,206918.22,50885.2,119797.83,39842.63,446834.58
Total Hip Replacement,65,3,2,twin,6,41881.91,125638.15,32844.77,136131.48,24097.03,306620.72
Typhoid Inpatient Care,65,1,2,twin,5,29908.85,0.0,22389.06,15021.1,10410.14,89839.97
Hysterectomy,18,1,1,twin,6,65603.52,116213.19,47875.92,27426.92,22007.86,298422.26
Cataract Surgery,24,1,1,suite,1,11069.93,58630.15,4602.63,16289.68,6659.93,97980.31
Hysterectomy,21,2,2,general,5,27727.35,57727.58,22240.45,22006.84,12010.15,144642.14
Coronary Angioplasty,18,1,2,general,3,32000.99,135741.99,29487.74,75720.47,22598.37,309740.97
Appendectomy,31,1,2,single,5,48682.39,75241.85,21997.0,15145.62,11076.36,167883.72
Dengue Inpatient Care,56,1,3,general,7,36378.99,0.0,32893.8,10058.7,13258.49,79529.34
Cholecystectomy,44,2,2,general,3,14420.61,44702.95,10278.09,18119.13,7444.09,90655.28
Cataract Surgery,24,2,2,twin,2,8315.96,24634.88,5059.08,14046.65,3905.93,56111.21
Hysterectomy,45,2,1,twin,5,39438.27,71168.97,25394.27,27900.63,14789.41,155952.53
Tonsillectomy,65,1,1,single,1,10075.38,59162.63,5527.81,9724.5,7448.63,81562.28
Kidney Stone Lithotripsy,27,1,2,single,3,29950.21,69048.12,15073.43,11937.46,7945.22,133347.76
Cholecystectomy,65,3,3,suite,3,15540.22,35540.13,7325.04,15037.77,5634.1,83901.61
Total Knee Replacement,71,2,1,twin,6,50227.67,138194.04,42819.58,135144.96,27568.6,394038.86
Appendectomy,56,2,1,suite,4,41027.15,66399.91,15863.53,21532.73,9114.1,154720.61
Hysterectomy,65,1,2,twin,4,34632.97,82644.2,26263.61,24300.85,16526.5,216617.52
Caesarean Section,61,1,3,suite,5,48913.42,70609.35,24717.42,15607.65,11382.66,165456.17
Total Knee Replacement,53,1,2,general,6,51628.07,175771.67,46413.58,105592.79,34378.78,412463.21
Typhoid Inpatient Care,59,1,2,single,3,23044.63,0.0,14882.95,14423.26,10273.09,65111.77
Normal Delivery,57,2,3,general,2,6579.38,15223.32,5413.45,6115.11,4215.41,41607.23
Cholecystectomy,58,1,2,twin,4,31910.25,63669.47,19037.38,17604.67,12445.56,141658.89
Coronary Angioplasty,47,2,1,general,3,26362.17,114552.78,24713.71,106512.87,20492.56,304476.95
Coronary Artery Bypass Graft (CABG),56,2,1,general,9,118612.77,245081.03,95799.45,109148.39,58557.44,635716.33
Typhoid Inpatient Care,20,2,2,suite,4,26535.72,0.0,12762.16,15891.46,8367.84,68818.75
Coronary Artery Bypass Graft (CABG),57,1,2,general,11,153717.07,273147.12,126370.13,86333.91,66797.15,645335.26
Hernia Repair,65,1,2,general,3,20429.12,49551.19,14791.01,15303.92,9061.29,114398.59
Total Hip Replacement,59,1,2,twin,5,55566.76,203443.35,42866.18,129407.2,31642.49,520122.97
Coronary Angioplasty,37,1,1,single,2,34329.82,179397.82,21857.82,106025.13,29226.99,431491.23
Total Hip Replacement,30,1,1,twin,6,87860.34,258159.77,66667.23,152491.51,52423.32,571900.28
Total Hip Replacement,63,3,2,general,5,27570.15,109551.99,23118.9,119918.37,18098.45,348360.5
Dengue Inpatient Care,28,2,2,general,4,17521.89,0.0,15431.91,12566.69,9071.31,50365.29
Hysterectomy,20,3,3,single,7,30978.18,42219.39,18329.51,16734.96,8477.46,118561.18
Caesarean Section,80,2,1,suite,5,54612.36,82397.62,31396.89,26348.29,13196.75,198478.91
Cataract Surgery,34,1,3,suite,1,6853.92,36338.29,2743.77,10363.36,3693.89,54094.61
Dengue Inpatient Care,36,2,1,twin,4,22656.74,0.0,16879.01,15937.29,11146.72,63730.08
Hernia Repair,49,1,2,general,4,25914.0,50909.53,17358.5,14399.13,8878.86,116485.25
Dengue Inpatient Care,41,1,2,single,3,26979.51,0.0,16258.71,14335.65,13727.09,71796.98
Coronary Angioplasty,42,2,2,single,2,20775.28,114976.69,13147.28,84237.6,16697.18,261971.75
Appendectomy,73,1,2,general,5,36360.78,58486.92,30682.02,20442.67,12069.82,148075.7
Coronary Artery Bypass Graft (CABG),80,1,3,twin,14,176534.65,209099.53,153255.14,91152.44,61193.98,697261.51
Total Hip Replacement,19,2,1,twin,4,42759.63,174974.62,29186.03,147191.55,27481.58,410806.48
Cholecystectomy,42,2,2,single,4,28689.9,58139.22,15615.19,16947.41,8956.59,129047.76
Coronary Angioplasty,65,2,3,single,4,32034.23,87547.95,19625.37,61760.83,13630.72,203285.11
Total Knee Replacement,74,1,3,twin,7,58657.19,155228.76,51331.49,86299.52,28604.23,378895.1
Kidney Stone Lithotripsy,34,1,1,general,3,25961.36,70017.66,18198.64,15471.63,10840.77,144505.46
Normal Delivery,50,1,1,general,4,29917.8,37484.64,27003.79,9643.14,9108.5,110373.54
Normal Delivery,30,1,1,twin,3,25282.72,38021.71,18157.79,9846.97,9083.14,77592.51
Coronary Artery Bypass Graft (CABG),78,3,3,single,12,106007.89,144403.79,76311.63,84318.71,35315.77,396210.1
Hysterectomy,19,3,3,twin,6,23073.92,39340.22,17118.78,16742.07,9094.86,93086.45
Cholecystectomy,65,1,2,general,4,28942.87,67527.21,23604.8,16841.75,13209.41,151769.85
Dengue Inpatient Care,78,1,1,twin,7,55422.59,0.0,55033.25,19350.89,19373.83,147644.27
Hysterectomy,39,2,1,general,4,27254.54,67702.73,24006.84,24352.22,15484.31,152992.11
Tonsillectomy,33,3,2,general,2,6960.67,24722.82,5036.0,7930.86,3286.44,50784.02
Typhoid Inpatient Care,82,1,2,general,8,43492.65,0.0,47739.55,18788.76,13959.18,122210.39
Cholecystectomy,51,3,2,twin,3,13711.65,40685.88,9269.86,18288.0,7050.67,101987.57
Typhoid Inpatient Care,54,1,1,twin,6,41119.48,0.0,33458.35,16456.0,13533.13,120199.14
Hernia Repair,32,2,1,general,3,16746.41,42289.4,12164.57,20953.48,8661.3,94523.22
Tonsillectomy,80,2,1,twin,3,17623.25,37081.29,13930.36,11012.03,5457.24,94457.27
Total Knee Replacement,32,2,1,twin,6,49021.99,141174.92,39644.53,128535.04,25480.42,373044.8
Typhoid Inpatient Care,73,3,2,general,6,16812.02,0.0,17272.84,17639.96,7091.05,51733.26
Total Hip Replacement,73,1,1,single,7,123256.58,301158.62,90797.2,177518.39,49034.24,723713.08
Coronary Angioplasty,32,2,2,general,3,22322.09,93141.84,20852.88,88253.84,16912.7,203345.76
Cholecystectomy,66,2,2,twin,5,28994.86,46226.89,18820.68,19508.54,9563.99,108805.4
Hernia Repair,55,2,2,twin,2,11068.69,40370.12,6292.88,14119.52,6134.66,92048.52
Cataract Surgery,25,1,2,single,2,15349.22,39662.49,8494.33,13640.3,6325.64,77020.08
Hernia Repair,28,2,2,single,3,19896.64,45553.49,10455.91,15415.14,6145.89,99849.14
Typhoid Inpatient Care,40,1,3,twin,7,34215.2,0.0,24891.28,12040.86,9973.34,79053.9
Hernia Repair,44,2,3,twin,2,7725.56,26878.21,4868.87,11031.64,4575.79,54871.14
Dengue Inpatient Care,48,1,1,suite,5,68033.86,0.0,37420.65,17306.24,17073.42,137403.43
Total Hip Replacement,39,1,1,twin,7,90300.3,259434.96,73964.75,126578.58,44613.6,604208.77
Total Hip Replacement,59,2,2,twin,6,49547.68,146080.03,38207.83,109228.36,27021.53,354128.26
Dengue Inpatient Care,50,1,1,general,4,29822.25,0.0,27335.6,16340.6,17474.8,91050.0
Normal Delivery,34,1,3,single,3,19940.27,26616.39,13228.7,6809.88,6735.61,67778.29
Dengue Inpatient Care,65,1,2,general,3,18924.47,0.0,16770.84,15060.78,11082.69,65499.79
Coronary Artery Bypass Graft (CABG),77,1,1,single,11,239927.62,408247.16,176034.11,140999.82,82169.11,1293561.28
Cholecystectomy,47,2,3,single,6,32682.38,41287.69,18968.09,13459.14,8014.37,106996.13
Caesarean Section,43,2,2,general,4,21092.06,47874.91,16742.34,19350.11,11161.23,128425.05
Caesarean Section,23,2,3,general,5,21747.28,39849.28,17492.59,14538.45,9531.41,103626.69
Caesarean Section,32,1,3,single,4,32552.04,63283.94,17646.58,16642.45,11657.12,153104.48
Hernia Repair,41,2,3,twin,2,8381.43,29241.6,4675.75,11251.65,4872.45,66110.93
Coronary Angioplasty,37,3,1,twin,2,16364.77,92102.31,11592.24,97750.05,15140.05,226101.64
Caesarean Section,55,1,3,general,5,29771.97,53611.72,22714.35,16086.28,13735.17,145192.94
Hysterectomy,23,3,2,single,4,23485.76,55719.76,14335.26,23521.39,9490.45,126447.81
Appendectomy,71,1,2,twin,4,30133.06,58584.02,20877.44,18339.37,10416.07,120874.85
Tonsillectomy,63,3,2,general,2,6307.9,20216.98,5038.07,8294.82,3068.84,40401.59
Total Hip Replacement,75,3,2,general,8,46465.57,105954.95,45504.65,133688.19,23451.06,416738.49
Coronary Angioplasty,76,2,1,general,6,57369.97,114334.24,52550.74,111388.89,26817.78,409370.75
Cataract Surgery,80,2,1,twin,3,17186.64,32750.32,13675.74,17410.47,4919.31,92339.51
Total Hip Replacement,20,2,3,twin,6,36425.26,116601.34,26623.13,76709.25,21712.43,301755.78
Coronary Angioplasty,54,3,1,twin,5,43941.25,98456.16,30858.24,95606.28,19580.97,258801.3
Total Knee Replacement,79,1,1,single,7,105662.47,225667.71,77407.91,163006.08,45289.19,585461.15
Dengue Inpatient Care,26,2,2,general,4,16807.4,0.0,14505.89,12357.59,9011.91,44006.21
Kidney Stone Lithotripsy,63,3,1,single,1,6230.01,41053.07,3441.58,15037.87,4652.48,69880.55
Caesarean Section,52,2,1,general,4,26711.3,56954.44,22758.46,23112.32,12550.94,143881.78
Appendectomy,60,2,2,twin,3,18085.88,47467.5,10665.34,18576.62,8264.43,106460.61
Appendectomy,52,1,2,suite,4,46701.98,75288.64,18896.4,17353.67,11511.94,175877.27
Caesarean Section,33,1,3,single,3,23806.47,65611.46,13951.29,16568.66,10015.28,139266.08
Appendectomy,39,3,3,suite,3,16065.12,35385.17,6894.6,12802.52,4691.87,77735.38
Coronary Artery Bypass Graft (CABG),27,2,2,single,8,105306.58,229725.76,63015.79,97002.37,39586.04,529717.75
Coronary Angioplasty,60,2,2,suite,3,37569.96,116861.14,21154.09,76478.87,16781.63,269707.23
Hernia Repair,62,2,2,suite,3,21979.95,46736.11,9417.58,15701.19,5844.05,98183.97
Coronary Artery Bypass Graft (CABG),53,2,3,twin,9,74632.13,143189.85,53686.61,66382.25,35857.09,439814.77
Appendectomy,43,1,3,twin,3,17603.03,52111.03,10240.48,13752.8,7167.41,103844.55
Hysterectomy,57,2,2,twin,5,32697.23,61210.08,22958.03,19467.69,12334.49,143664.43
Typhoid Inpatient Care,79,2,2,single,7,32470.35,0.0,26859.04,16819.38,8932.51,68565.64
Cataract Surgery,34,2,2,single,1,5053.1,25905.75,2743.66,13327.3,3518.81,48303.16
Dengue Inpatient Care,43,1,2,general,4,27019.59,0.0,24391.38,12647.57,13790.58,81266.38
Total Hip Replacement,51,2,2,general,5,39160.32,142646.19,33858.11,109348.48,24633.82,385686.67
Cataract Surgery,79,1,2,twin,3,18127.47,36057.94,12740.4,14775.96,5568.74,87763.21
Total Knee Replacement,69,2,1,single,8,94579.97,176117.5,62704.87,143801.9,32851.15,520755.08
Normal Delivery,37,1,2,suite,3,28816.25,37241.8,15363.78,7972.53,7789.16,106348.65
Total Hip Replacement,26,2,2,single,8,78364.39,157502.16,53014.56,117228.39,33177.1,436296.46
Appendectomy,64,1,2,single,3,29015.75,65560.25,15448.68,17717.42,11048.36,116225.76
Cataract Surgery,73,2,3,single,2,7025.73,20483.49,4553.51,10464.11,3027.5,48043.98
Caesarean Section,20,2,1,twin,4,32859.61,68576.16,23336.54,23096.44,13264.8,151774.17
Appendectomy,30,1,1,twin,2,20026.18,78869.78,11413.26,20142.1,12170.79,146563.21
Dengue Inpatient Care,59,2,2,twin,6,29737.15,0.0,21414.92,13479.51,9997.79,72919.57
Tonsillectomy,61,2,1,twin,2,11343.54,32967.89,7921.22,10267.49,4755.53,65682.41
Normal Delivery,78,1,2,suite,4,40930.09,39541.71,23454.33,9712.26,8086.39,110905.62
Coronary Angioplasty,66,3,2,suite,4,43889.24,101161.73,22507.86,98889.05,17237.79,260570.93
Caesarean Section,59,2,1,twin,5,38931.77,63970.8,28363.94,25124.76,13811.62,166168.3
Coronary Angioplasty,39,2,3,single,3,22569.47,74837.12,14624.38,61320.03,11684.28,195789.62
Coronary Artery Bypass Graft (CABG),57,3,2,single,8,77736.9,177528.96,52261.89,95849.91,34390.64,421673.55
Caesarean Section,56,2,1,twin,5,39987.84,64606.81,27391.85,25383.64,15672.65,177571.95
Tonsillectomy,27,3,1,general,2,8724.67,26022.98,6643.95,9753.58,3968.0,56040.87
Coronary Angioplasty,36,2,1,general,3,27604.03,110819.57,21745.23,109827.68,21809.18,281354.78
Tonsillectomy,78,2,2,twin,3,12929.44,26199.61,10839.91,9136.27,4728.82,60798.82
Coronary Artery Bypass Graft (CABG),53,2,2,general,10,88579.07,190022.28,73860.0,82323.41,43545.97,441245.31
Appendectomy,49,1,3,single,3,23119.77,52792.16,10363.4,11805.77,7956.26,103527.6
Hernia Repair,26,1,2,general,3,20285.86,52191.16,14081.43,14902.1,9263.57,120124.6
Hernia Repair,25,1,3,general,3,13471.48,34342.7,10010.43,10306.48,6876.88,74546.56
Hysterectomy,27,3,2,single,5,31379.7,51012.83,19094.68,20718.75,10302.35,130956.64
Total Knee Replacement,38,3,2,twin,7,45926.46,117663.77,34780.46,106144.45,21860.54,319784.78
Coronary Artery Bypass Graft (CABG),73,1,1,general,10,162321.44,318201.68,149487.7,131122.27,87395.72,769916.34
Normal Delivery,60,1,3,suite,3,23313.45,29458.22,11813.22,7117.36,6334.3,71637.87
Hernia Repair,31,1,2,single,3,24851.14,57687.28,13011.7,15058.29,9184.31,120697.46
Typhoid Inpatient Care,36,1,2,twin,5,32338.68,0.0,23821.64,15963.15,12340.69,73785.82
Tonsillectomy,65,1,1,single,1,9894.58,57682.41,6009.73,10493.29,7442.61,100445.12
Caesarean Section,48,2,1,suite,5,55398.84,75965.14,25461.62,24932.74,15641.8,189240.0
Total Knee Replacement,34,2,2,general,6,36872.63,121053.71,31760.61,102257.25,24884.54,304444.69
Typhoid Inpatient Care,76,2,2,twin,10,41383.2,0.0,38358.1,16737.07,10063.65,107421.62
Caesarean Section,38,1,2,suite,4,51694.54,99657.71,24997.3,18800.44,16559.42,226866.26
Total Knee Replacement,76,2,3,general,7,35844.95,90903.22,37271.99,87454.72,19528.39,278989.64
Typhoid Inpatient Care,52,2,2,general,5,20255.23,0.0,16199.02,14854.87,8653.36,61315.41
Cholecystectomy,70,1,2,general,4,28832.85,59213.08,22917.21,17293.8,12530.75,138764.36
Appendectomy,81,1,3,twin,5,30991.64,46412.8,21645.93,17154.64,9592.92,141633.57
Normal Delivery,32,1,2,general,3,18731.6,33734.93,15814.29,9712.51,8012.3,95659.88
Typhoid Inpatient Care,21,2,2,general,5,18070.73,0.0,14821.46,14758.08,8405.48,60767.91
Normal Delivery,68,3,1,single,4,24288.54,24152.2,15708.61,12204.23,6421.16,68860.13
Total Hip Replacement,75,2,2,general,7,51418.34,131525.96,52286.47,141733.07,26073.93,489693.61
Coronary Artery Bypass Graft (CABG),54,2,2,twin,7,84416.52,236440.0,62667.07,99397.78,41993.35,499124.88
Hernia Repair,78,1,3,general,4,20663.76,40716.04,17050.09,14555.37,7951.13,85967.36
Normal Delivery,57,1,3,single,2,12793.16,27639.44,8091.76,6233.18,5546.15,62108.81
Hernia Repair,58,2,2,twin,2,10539.73,35149.58,6324.1,16128.78,5258.36,68046.59
Hernia Repair,78,2,2,twin,4,20207.0,34915.58,14782.43,19013.31,6884.57,101286.69
Caesarean Section,81,1,1,twin,5,56239.51,86565.74,48193.85,26276.62,19424.11,234855.9
Hernia Repair,31,1,1,single,2,22412.0,71457.36,12031.73,17825.39,9765.72,132264.6
Coronary Angioplasty,27,1,1,suite,5,106348.55,217965.48,59120.75,94719.3,36485.86,490867.6
Tonsillectomy,53,1,2,twin,1,6713.03,40121.41,4487.12,7135.35,5180.85,55065.84
Hysterectomy,27,1,2,twin,4,36980.69,84586.22,23235.18,23044.21,16227.34,154128.53
Hysterectomy,56,2,3,twin,4,18878.88,46667.82,13634.47,16440.01,8713.56,94918.84
Tonsillectomy,51,2,1,twin,1,5520.96,34093.59,3722.31,9302.3,4795.94,62854.27
Coronary Angioplasty,43,2,1,twin,3,30007.07,124893.96,23491.34,105145.73,21523.25,307934.99
Normal Delivery,31,2,1,twin,2,12049.24,26896.67,8700.1,9661.0,5893.24,56866.95
Coronary Artery Bypass Graft (CABG),20,2,3,twin,6,50274.0,174886.24,35925.02,81150.36,30310.42,413822.61
Cholecystectomy,31,2,1,single,2,16961.55,69484.94,9353.01,21408.5,10465.34,128330.88
Cholecystectomy,32,1,2,general,4,30363.12,70809.06,24009.69,18703.82,13109.23,142535.98
Hysterectomy,48,1,3,general,4,21854.1,63558.69,17274.19,16727.73,11486.18,142055.56
Normal Delivery,41,1,1,twin,2,17891.04,42725.67,13503.28,11933.97,8627.68,80984.65
Typhoid Inpatient Care,55,2,1,twin,5,29063.59,0.0,22221.83,18675.16,10267.13,78458.56
Total Knee Replacement,62,1,3,suite,6,72578.98,173147.96,37441.46,87882.87,25315.72,381381.63
Total Knee Replacement,53,3,1,general,6,37160.08,113720.75,31481.12,129104.87,24409.97,330809.22
Dengue Inpatient Care,51,1,1,twin,5,44649.71,0.0,35413.02,16179.04,18027.37,113056.94
Kidney Stone Lithotripsy,41,3,1,suite,2,14985.32,47510.33,5948.03,15199.53,5495.37,81246.37
Appendectomy,73,1,3,single,3,20859.79,48105.57,12401.01,13110.53,7229.39,96381.1
Coronary Artery Bypass Graft (CABG),78,2,1,general,10,118792.63,228910.57,123214.58,138345.17,61843.09,795025.63
Appendectomy,38,3,3,suite,4,20585.58,33532.99,8893.87,11958.51,4483.01,77943.78
Tonsillectomy,67,1,2,twin,4,27827.29,43408.28,18024.39,7185.68,7441.28,120310.12
Normal Delivery,40,1,1,twin,2,18228.17,39360.18,12437.04,10824.0,9718.13,85423.17
Kidney Stone Lithotripsy,40,1,2,single,1,9764.17,68494.65,4378.44,13593.8,6531.01,118088.17
Total Knee Replacement,61,2,2,single,4,36394.13,151839.75,22640.06,111355.82,20183.29,314833.9
Hernia Repair,52,1,3,general,3,15317.69,36911.89,11311.61,11096.38,7658.82,71665.34
Cholecystectomy,53,3,3,general,4,11815.4,27871.77,8828.47,14405.03,5691.1,66748.85
Total Hip Replacement,43,3,3,general,4,17360.33,84441.46,14470.16,89314.47,12799.5,253412.89
Cholecystectomy,80,3,2,suite,4,28935.99,52871.8,15182.78,22486.59,8123.37,153608.31
Appendectomy,49,3,1,general,4,20098.02,39799.13,12432.95,19884.91,7938.35,111480.86
Kidney Stone Lithotripsy,76,3,2,twin,3,13343.0,35226.83,9101.41,13715.3,4514.12,70831.52
Cholecystectomy,51,2,2,single,3,20106.6,51638.11,11434.55,17479.2,8346.74,95151.8
Caesarean Section,30,1,3,single,4,33107.13,69122.89,20490.13,17291.11,12400.61,149806.83
Appendectomy,76,3,1,single,4,29859.32,50646.31,17767.67,21763.86,7421.66,123867.73
Hernia Repair,72,1,2,general,3,19490.34,47448.02,14467.59,16396.94,8072.68,100311.43
Hysterectomy,69,1,1,general,6,51312.27,87711.32,50410.3,30814.78,20824.07,217222.74
Coronary Artery Bypass Graft (CABG),69,2,1,general,11,131001.45,233124.92,116050.34,123256.43,58725.93,676823.98
Cataract Surgery,80,1,2,general,3,16828.08,32756.28,13734.19,15806.17,6028.71,92963.31
Typhoid Inpatient Care,45,3,2,general,6,18358.76,0.0,15183.76,13284.76,7491.99,56452.16
Coronary Angioplasty,67,3,2,general,5,30206.04,69544.96,28506.39,83485.35,16324.86,264947.7
Hysterectomy,18,1,3,twin,6,42875.33,72180.01,28525.16,15056.91,15119.56,147906.62
Tonsillectomy,48,3,3,general,2,4906.5,15009.03,3355.22,5946.34,2397.76,29867.33
Hysterectomy,60,1,2,single,4,44734.87,100196.92,27810.64,24131.72,17188.58,209662.82
Total Hip Replacement,77,2,2,single,10,101276.73,160655.17,71296.32,153829.7,35608.18,595781.01
Cataract Surgery,23,2,1,twin,1,5661.23,30584.12,3647.48,17215.83,4735.42,63071.27
Coronary Angioplasty,67,1,1,twin,6,91253.76,177778.14,70711.44,108378.27,38388.15,442853.39
Caesarean Section,42,1,1,general,6,56860.39,92001.05,46003.65,26177.46,23654.47,231733.26
Cholecystectomy,64,3,3,twin,3,11568.62,32355.59,7198.12,14639.58,4906.69,80888.2
Coronary Angioplasty,79,2,1,twin,4,46815.8,134878.77,39500.71,111809.34,24967.66,318593.25
Appendectomy,26,2,2,twin,3,16445.8,42782.29,9621.72,15739.1,7218.38,92268.78
Coronary Angioplasty,44,1,2,single,2,30714.84,149070.51,19573.26,86732.98,21850.0,345518.67
Cholecystectomy,22,2,1,twin,4,27021.36,56371.89,17387.12,20737.75,11273.09,136769.17
Tonsillectomy,21,3,2,single,2,9277.26,23919.89,5225.02,7175.73,3200.44,51304.12
Cholecystectomy,21,2,1,single,4,34009.55,70062.62,17756.9,19090.55,12356.04,145331.42
Appendectomy,80,1,2,suite,4,45368.05,70718.39,21709.45,18013.49,9605.14,92426.2
Appendectomy,82,2,2,general,3,15194.26,45511.38,11871.0,18524.31,7193.71,104148.17
Kidney Stone Lithotripsy,63,3,3,general,3,8908.19,22600.83,6272.24,9414.23,3215.25,53509.54
Total Hip Replacement,21,2,3,single,6,45200.28,118321.57,28071.72,90413.46,19283.06,294767.12
Cholecystectomy,43,1,2,twin,4,35459.8,70021.78,22061.07,18995.26,12503.68,177931.17
Cholecystectomy,56,1,2,twin,3,25653.42,73383.32,15319.49,18985.51,12416.31,156479.67
Hysterectomy,35,2,1,twin,4,33407.52,82223.4,21546.26,26082.89,15032.84,152252.75
Coronary Artery Bypass Graft (CABG),25,3,3,twin,8,57483.82,143653.15,44456.71,77998.22,29727.38,349712.02
Cholecystectomy,81,2,3,twin,5,21000.22,33980.88,17356.74,16771.84,6630.27,100988.99
Dengue Inpatient Care,41,1,2,single,5,39007.43,0.0,25140.51,13567.31,14559.93,88608.89
Cholecystectomy,74,1,1,single,5,65117.52,94018.27,40833.0,22992.65,17987.06,204596.04
Tonsillectomy,80,3,2,general,3,9043.8,21449.51,8677.68,9785.38,3321.58,54862.54
Coronary Artery Bypass Graft (CABG),32,2,1,twin,9,130500.85,282573.49,97920.21,114391.88,58772.75,693237.1
Cataract Surgery,31,1,2,general,2,10631.66,36995.63,7370.84,12039.14,5192.16,74167.01
Cataract Surgery,66,2,2,single,3,16253.23,30080.99,9298.37,15613.92,4634.28,63418.3
Coronary Angioplasty,38,3,1,twin,2,17824.73,109345.52,13883.5,114604.64,15483.67,259536.46
Dengue Inpatient Care,18,3,2,single,8,37187.84,0.0,23645.13,12775.95,8285.6,74143.79
Total Hip Replacement,20,3,2,single,9,72390.33,132907.14,47962.02,116077.68,24998.1,349991.83
Typhoid Inpatient Care,46,3,2,twin,5,18373.53,0.0,13063.17,14892.43,6006.61,49487.97
Normal Delivery,33,1,2,twin,3,22571.11,32236.81,17163.59,9857.4,8003.54,75259.55
Dengue Inpatient Care,70,3,2,twin,8,33199.59,0.0,25913.8,14103.56,8869.58,91676.19
Total Hip Replacement,68,2,1,twin,9,86466.44,174489.5,75341.5,142736.02,40312.23,535333.53
Kidney Stone Lithotripsy,48,3,1,suite,2,15340.46,47569.36,5951.41,14707.1,5356.63,75500.94
Normal Delivery,62,1,3,general,3,14022.2,23482.41,13055.02,6716.65,5532.54,58174.06
Total Knee Replacement,78,3,2,single,8,55689.56,110801.33,43467.43,130578.1,22645.91,320439.36
Total Hip Replacement,75,1,1,twin,5,74668.57,253834.57,63450.12,151525.59,45579.88,584645.26
Coronary Artery Bypass Graft (CABG),70,1,2,suite,10,230886.24,366071.08,131664.0,100335.55,67033.06,830781.34
Tonsillectomy,80,2,1,twin,4,22524.67,35282.93,18217.88,11228.32,6283.03,119571.77
Hernia Repair,68,2,3,general,4,15654.57,27413.45,11370.63,12397.32,5935.02,70752.83
Kidney Stone Lithotripsy,43,2,2,general,3,13955.11,36482.82,9435.89,11757.69,5363.02,73778.98
Hysterectomy,54,1,3,single,6,50119.57,79465.94,28220.78,16550.43,13500.7,174317.84
Appendectomy,62,2,2,general,2,9716.74,43740.64,6278.22,16406.12,7046.15,80383.23
Total Knee Replacement,56,2,2,single,5,42778.13,132424.2,25712.82,104602.14,21027.05,355829.86
Total Hip Replacement,19,2,2,general,7,49708.98,131585.15,42641.87,128308.37,28933.49,407140.95
Cholecystectomy,44,2,2,twin,4,24959.5,47638.25,16486.71,19582.25,8705.84,125224.49
Dengue Inpatient Care,33,1,2,single,5,40930.26,0.0,25911.42,11856.12,12791.47,87527.43
Coronary Artery Bypass Graft (CABG),48,1,2,twin,6,90630.7,274385.1,69061.65,93540.49,49866.24,595734.13
Cataract Surgery,77,1,2,single,3,22302.73,36323.7,12519.4,13993.25,5945.86,97328.23
Cataract Surgery,75,1,2,twin,3,18463.84,36377.13,13752.34,14984.34,5985.31,94711.77
Typhoid Inpatient Care,25,2,2,twin,3,13446.57,0.0,9198.77,14514.36,6442.59,41859.96
Hysterectomy,34,2,2,twin,4,24847.43,63092.7,15991.02,20834.42,11237.91,153402.39
Tonsillectomy,34,1,2,general,2,12648.71,39245.43,9559.41,8083.24,6089.39,72320.85
Coronary Angioplasty,20,1,2,single,4,61566.73,146677.75,37437.33,88746.54,26907.09,328527.15
Coronary Angioplasty,48,1,3,suite,2,26396.1,132177.88,13197.04,59127.44,17774.17,238672.24
Tonsillectomy,61,1,2,general,1,5735.53,35799.58,4380.81,8573.96,5239.07,69185.26
Total Hip Replacement,66,2,1,general,8,67621.1,164760.15,66874.59,149981.96,34906.51,442106.13
Tonsillectomy,32,1,2,suite,3,28926.85,53452.28,12724.13,7271.77,6449.97,103053.31
Cataract Surgery,61,2,3,twin,1,3610.09,21426.87,2351.02,9533.5,2722.86,33366.91
Dengue Inpatient Care,48,2,1,twin,4,23915.61,0.0,18115.02,17512.22,10769.62,80614.81
Normal Delivery,27,1,3,suite,3,22680.75,29884.64,12004.68,6331.23,5874.16,74963.87
Dengue Inpatient Care,27,2,1,twin,5,33549.01,0.0,25656.07,17457.77,13972.4,91001.07
Total Hip Replacement,40,2,1,twin,7,69274.31,174344.93,46152.26,130596.51,31930.53,458451.91
Caesarean Section,71,1,3,single,5,39509.97,67803.22,28440.75,17522.34,11995.36,177944.0
Typhoid Inpatient Care,38,1,1,single,6,51011.28,0.0,35024.2,16544.61,13539.66,138957.72
Normal Delivery,63,1,2,single,3,25462.68,39044.79,16430.65,9087.9,9172.74,106794.66
Total Knee Replacement,37,1,3,twin,7,54970.33,141126.85,37197.39,83836.06,29316.23,326846.05
Total Knee Replacement,41,1,2,twin,6,65299.31,184294.62,51755.42,111979.24,37303.93,470305.25
Hernia Repair,32,1,2,twin,2,14771.5,54876.59,9476.45,14861.78,8420.78,95624.8
Hysterectomy,61,1,1,general,2,19626.17,99909.52,16829.49,27003.9,18795.43,178660.56
Tonsillectomy,50,2,3,general,2,6503.33,19880.83,5036.37,5947.23,3124.11,41301.08
Cholecystectomy,43,1,2,twin,2,16324.54,71450.42,11535.98,16237.47,11630.48,124209.22
Cholecystectomy,60,1,1,single,4,47954.38,91458.65,25244.27,23207.66,17153.0,187045.4
Total Hip Replacement,65,3,1,twin,5,42761.23,155272.08,33414.75,141050.71,25827.95,364947.72
Typhoid Inpatient Care,57,3,2,single,4,15877.09,0.0,10552.79,13816.76,6195.17,51341.47
Typhoid Inpatient Care,82,1,1,single,5,44544.98,0.0,36245.34,24820.02,12941.96,124152.84
Total Knee Replacement,64,1,1,single,6,85238.5,238372.83,56148.02,138161.44,44592.62,505499.83
Cholecystectomy,36,3,3,twin,3,10654.31,29722.47,6961.51,12672.21,4511.93,64748.47
Caesarean Section,34,1,1,general,6,53696.52,75051.36,41531.17,21410.32,19543.41,227284.6
Tonsillectomy,30,2,3,single,1,4587.92,26164.01,2655.21,5703.3,3016.17,37019.75
Dengue Inpatient Care,57,1,3,suite,4,29290.76,0.0,16405.02,10046.9,10417.27,71691.22
Normal Delivery,32,2,1,twin,3,17441.32,28970.48,13536.33,10963.91,6107.02,78358.61
Typhoid Inpatient Care,44,1,3,twin,6,27445.81,0.0,19342.59,11177.5,9640.65,60844.73
Coronary Artery Bypass Graft (CABG),27,1,1,general,10,171128.04,319555.85,146264.83,108796.51,81698.56,797376.19
Hernia Repair,34,2,3,general,3,11168.02,28510.28,7596.44,10819.47,5152.58,59233.29
Hysterectomy,24,2,1,general,4,25884.76,63279.21,19974.72,27747.43,13319.12,147112.34
Hernia Repair,74,1,2,twin,4,28494.36,53782.47,19200.78,16647.09,9803.33,132355.76
Hysterectomy,67,2,3,general,4,17423.93,48335.88,15934.8,18279.19,8716.0,115689.47
Cholecystectomy,51,2,2,twin,3,15962.48,45490.03,10066.98,16844.18,8363.37,106783.47
Tonsillectomy,71,2,3,twin,3,11306.62,24450.15,8466.28,6317.97,3479.88,41858.12
Coronary Angioplasty,74,3,2,twin,7,46906.4,79555.51,41360.75,88880.47,19419.34,252485.77
Tonsillectomy,62,1,3,single,2,11989.65,33902.87,7134.52,5465.67,4362.2,67325.14
Hernia Repair,61,2,2,twin,3,14991.18,38607.74,9876.72,13631.22,6479.21,83613.91
Normal Delivery,22,3,1,twin,2,9873.49,23956.46,7240.46,11267.19,5574.55,51138.23
Typhoid Inpatient Care,75,1,2,twin,8,45041.08,0.0,39090.21,18361.69,12955.51,125603.16
Kidney Stone Lithotripsy,34,1,1,general,2,16942.71,71922.83,10780.69,14065.82,9376.25,118368.07
Appendectomy,56,2,1,single,5,41883.22,62981.48,21573.47,19876.63,11060.68,139203.91
Coronary Artery Bypass Graft (CABG),53,1,3,general,9,94309.24,217836.23,80789.64,69747.8,50381.91,493890.94
Tonsillectomy,63,1,3,twin,2,9622.57,31425.91,6863.9,5916.24,4193.93,57447.27
Coronary Artery Bypass Graft (CABG),22,3,1,twin,10,115370.16,232763.74,87618.09,128583.55,47302.5,625255.65
Tonsillectomy,35,3,1,general,2,8326.01,27312.74,6068.55,10594.53,3921.94,53012.08
Kidney Stone Lithotripsy,63,2,2,twin,2,11904.21,40847.91,7431.39,11161.54,6010.18,75926.65
Cholecystectomy,65,1,1,twin,3,30098.35,83193.58,21091.07,19994.68,13684.41,178887.12
Cholecystectomy,38,3,1,general,4,21521.67,49493.0,15897.87,20836.14,8703.21,135280.74
Normal Delivery,36,1,1,general,3,22373.24,34343.92,20339.68,9857.53,9157.37,99365.26
Total Hip Replacement,30,2,3,general,6,33075.91,103211.84,26260.07,89229.42,18760.45,292160.9
Total Knee Replacement,18,2,2,suite,5,52353.92,165622.48,28515.21,108634.87,21040.96,398389.66
Caesarean Section,49,2,1,twin,3,23284.51,68689.56,17402.28,22752.38,11695.55,156809.93
Cholecystectomy,75,2,1,single,4,37707.28,67315.07,23405.22,27025.6,11464.77,171377.47
Normal Delivery,19,1,1,general,2,15648.41,39820.47,13049.34,10087.31,9109.39,77343.49
Normal Delivery,27,3,1,twin,3,14006.29,22154.28,11054.97,11607.31,5236.35,58933.08
Caesarean Section,29,2,1,general,4,26903.67,65191.31,22325.25,23894.78,13206.58,145166.39
Coronary Artery Bypass Graft (CABG),41,1,2,general,13,191859.42,278348.97,149700.0,97332.69,74875.41,873553.43
Cholecystectomy,65,2,1,twin,5,37984.17,55978.33,25842.81,21346.32,12048.35,153070.53
Hernia Repair,46,2,1,general,3,17468.84,42458.56,11579.22,20524.23,8496.28,88680.8
Coronary Angioplasty,24,3,2,general,3,20240.85,78658.26,17233.46,75979.59,14577.39,209206.2
Typhoid Inpatient Care,22,1,1,twin,5,36979.59,0.0,30155.71,19105.28,13895.32,108966.68
Tonsillectomy,66,1,2,single,4,30686.36,41222.74,18597.26,8542.96,6523.91,88228.78
Total Hip Replacement,33,1,1,general,5,65185.56,256317.07,49632.06,129143.84,46508.3,517539.33
Typhoid Inpatient Care,71,1,2,single,6,44285.13,0.0,30815.95,15721.35,11282.66,105254.37
Coronary Artery Bypass Graft (CABG),62,2,2,single,9,113843.9,231468.54,72252.79,89450.07,42316.2,619105.9
Typhoid Inpatient Care,45,1,1,general,5,30355.36,0.0,27830.89,17260.74,13143.33,79267.51
Typhoid Inpatient Care,50,2,3,twin,5,17256.75,0.0,11917.31,12412.86,6662.82,45182.37
Coronary Artery Bypass Graft (CABG),20,3,3,twin,9,68350.57,124754.41,46097.16,68433.14,27834.27,361870.63
Cataract Surgery,44,2,1,twin,1,5592.18,34101.57,3398.94,17090.91,4702.21,66626.1
Total Knee Replacement,42,1,2,single,5,58983.8,180897.91,38681.51,102606.85,30036.44,353141.42
Dengue Inpatient Care,33,1,1,suite,4,50537.18,0.0,28307.54,14782.15,14461.56,117495.62
Appendectomy,76,1,2,general,6,41060.58,58161.66,31003.79,19736.44,10762.97,130610.88
Total Knee Replacement,34,1,2,general,6,56859.39,174458.85,43287.75,106048.66,34631.59,407061.3
Dengue Inpatient Care,37,1,2,twin,3,22689.29,0.0,17219.15,13522.87,13087.04,60679.14
Coronary Artery Bypass Graft (CABG),76,2,2,twin,9,95770.66,208490.3,84340.08,109448.64,48975.18,618006.25
Kidney Stone Lithotripsy,61,2,2,general,2,9780.66,39580.1,6658.96,12931.94,5726.42,74352.24
Normal Delivery,50,1,1,general,3,22621.69,38081.6,19215.16,10724.6,9622.68,92818.9
Total Knee Replacement,57,1,2,general,6,56313.38,163296.88,44860.98,110144.97,32196.28,374809.21
Cholecystectomy,28,1,2,suite,3,38083.96,80438.54,16823.27,16441.28,12683.23,165405.57
Dengue Inpatient Care,57,2,2,general,4,18175.64,0.0,15692.57,14819.78,8997.19,56458.31
Hernia Repair,67,2,3,suite,4,24875.84,39327.83,11507.38,12431.3,5797.98,96167.95
Dengue Inpatient Care,69,2,3,single,4,19665.89,0.0,14656.33,12473.24,8054.54,55463.79
Coronary Artery Bypass Graft (CABG),78,1,1,general,8,131101.88,318237.96,140409.16,130543.07,73004.67,751947.39
Tonsillectomy,81,1,1,suite,2,23548.75,58658.37,12150.06,10048.4,7785.65,112565.34
Typhoid Inpatient Care,35,3,1,general,5,19761.51,0.0,16912.79,18315.24,8811.51,62070.93
Typhoid Inpatient Care,40,1,2,twin,4,24909.2,0.0,19462.37,14335.09,9688.74,58749.27
Cataract Surgery,42,2,3,general,2,6272.55,18638.35,4281.76,10610.71,2978.49,46611.73
Cholecystectomy,22,2,2,single,5,35620.21,50514.63,17563.35,16793.99,9030.5,108906.12
Hernia Repair,70,1,3,twin,3,16094.0,39276.49,10823.82,13337.24,7237.09,89151.24
Total Hip Replacement,61,2,1,twin,6,58596.87,190252.84,45352.93,142211.75,32005.01,487576.87
Hernia Repair,82,2,2,general,5,22486.57,34795.72,21818.3,18052.42,7295.98,89734.27
Hysterectomy,45,2,3,single,4,20358.21,44881.14,11722.51,16072.09,8208.03,94960.75
Normal Delivery,40,3,2,twin,3,11266.82,17215.76,9123.3,7897.48,4225.63,56200.27
Total Hip Replacement,55,2,1,twin,8,84076.23,191155.67,58969.19,134264.64,34878.39,378589.39
Tonsillectomy,74,1,2,single,4,30297.57,44030.95,19528.11,8383.75,6744.73,122761.94
Appendectomy,68,3,1,general,4,17850.87,39587.19,12057.77,23084.65,7069.33,95654.51
Hernia Repair,47,2,2,suite,2,15154.06,48092.23,6153.57,15423.11,6065.27,82961.06
Cataract Surgery,62,2,3,single,1,4093.0,23798.9,2378.73,9656.6,2613.19,46665.24
Hysterectomy,45,1,2,general,4,30697.72,82481.95,26499.81,20914.45,16193.51,167562.44
Hysterectomy,56,2,1,general,5,31177.25,71040.44,27462.61,28096.43,15725.85,165324.91
Coronary Artery Bypass Graft (CABG),76,2,3,single,13,129515.47,167404.68,103316.74,85292.46,47515.13,504070.84
Coronary Artery Bypass Graft (CABG),75,2,3,general,9,76491.8,163878.41,76662.79,90047.2,35997.68,395354.11
Hysterectomy,24,1,1,twin,4,43813.99,104655.5,29870.39,26941.09,21865.3,207825.05
Dengue Inpatient Care,56,2,2,general,5,22211.58,0.0,20798.5,12138.94,9676.51,67358.21
Coronary Artery Bypass Graft (CABG),18,2,3,twin,6,52223.83,149656.51,35383.79,68337.47,30060.8,348561.27
Hernia Repair,60,1,1,twin,2,17708.9,63522.15,10064.3,16724.44,10361.71,136839.19
Hernia Repair,30,1,2,suite,2,20228.69,60650.28,8377.57,14402.97,7396.68,119369.18
Coronary Angioplasty,18,1,2,twin,2,26340.54,145576.02,21719.55,94946.7,22116.26,298916.04
Normal Delivery,67,2,2,twin,3,13584.09,21804.84,12580.6,8733.46,5736.74,53843.43
Coronary Artery Bypass Graft (CABG),80,3,2,general,11,94502.33,164675.45,101894.18,126607.34,38734.33,461600.51
Caesarean Section,55,3,3,twin,2,7925.68,36373.53,6021.66,16543.75,6173.79,77199.77
Dengue Inpatient Care,20,1,3,twin,9,46828.64,0.0,31611.38,10313.89,11259.16,104139.37
Kidney Stone Lithotripsy,82,3,1,twin,3,16894.99,37541.3,12318.8,17359.39,5044.5,113142.08
Dengue Inpatient Care,62,2,1,twin,4,26854.11,0.0,22088.43,17969.92,11266.5,80171.39
Kidney Stone Lithotripsy,71,2,2,general,3,13803.8,37938.11,11182.37,12124.55,5736.91,72010.57
Coronary Artery Bypass Graft (CABG),71,2,2,suite,10,168361.61,268266.7,92742.14,95822.02,52958.37,675943.59
Typhoid Inpatient Care,80,3,1,suite,5,31805.07,0.0,19956.24,20267.1,8556.57,67259.11
Total Knee Replacement,77,3,2,suite,6,51585.61,133424.27,30193.61,124365.99,18572.44,323195.55
Hysterectomy,58,1,1,single,3,37212.03,121348.72,22634.95,27948.6,18513.43,240618.23
Coronary Angioplasty,35,3,2,twin,3,20183.71,74732.07,15421.85,82690.91,11506.26,218306.25
Appendectomy,69,1,2,suite,6,69077.15,79276.13,28235.02,17860.08,11517.71,198320.91
Typhoid Inpatient Care,30,2,2,general,6,23748.59,0.0,20361.51,14479.71,9182.87,71240.68
Total Hip Replacement,58,3,1,single,6,58614.31,167168.84,34206.82,143208.31,28411.01,360042.64
Appendectomy,26,3,2,twin,3,13623.3,32611.64,7687.24,17578.8,5525.76,77725.12
Appendectomy,29,2,2,single,3,19044.32,46901.34,9010.66,15230.29,6438.15,101850.07
Hysterectomy,35,1,1,suite,5,73903.33,135248.1,37742.2,29740.38,22493.03,293565.34
Hysterectomy,25,1,2,general,5,34132.37,72122.29,28342.62,21355.53,15111.04,165242.26
Total Hip Replacement,72,2,1,single,7,79009.68,213578.12,55379.87,170425.93,33163.25,470629.79
Total Knee Replacement,77,2,2,general,5,30297.07,117682.2,31737.7,115019.97,21938.34,365277.1
Typhoid Inpatient Care,56,3,1,general,4,15793.64,0.0,13978.74,20214.86,7594.73,51082.82
Typhoid Inpatient Care,47,2,2,single,7,35523.9,0.0,22814.57,14341.58,9838.33,81922.64
Coronary Artery Bypass Graft (CABG),26,2,2,twin,8,87567.69,198100.42,62510.41,96876.71,38035.83,438919.43
Cataract Surgery,62,1,2,twin,1,6380.77,37820.08,4373.12,15222.33,5271.89,67406.02
Total Knee Replacement,36,1,3,general,5,38966.72,129920.3,31521.22,83137.0,25490.05,299739.67
Total Hip Replacement,82,2,2,general,7,49354.99,130749.78,52804.24,126665.27,29902.85,382005.72
Hysterectomy,22,2,2,suite,4,34034.51,75802.88,17607.48,23466.1,9997.46,175212.45
Typhoid Inpatient Care,26,2,1,single,5,31820.6,0.0,19734.64,19177.81,9580.52,86115.8
Kidney Stone Lithotripsy,25,3,3,twin,2,7853.5,26649.39,4149.92,8975.23,3741.01,40670.22
Coronary Artery Bypass Graft (CABG),40,1,1,twin,8,161196.33,387483.36,115914.11,109168.64,77264.83,879961.68
Dengue Inpatient Care,80,2,2,general,7,32317.17,0.0,36191.11,16531.26,11505.71,95593.27
Total Knee Replacement,19,2,2,suite,3,32488.52,161772.9,15448.64,106938.99,18828.42,316958.78
Coronary Angioplasty,33,2,3,suite,2,21388.35,103745.91,11568.16,62498.58,12872.79,220287.46
Total Knee Replacement,51,3,3,single,5,27532.62,89411.23,17236.16,84203.59,13029.4,203301.15
Coronary Artery Bypass Graft (CABG),73,2,1,twin,7,105061.12,292642.23,88985.43,146238.27,57320.69,767516.86
Appendectomy,20,1,1,single,3,35902.62,85119.5,16631.43,21780.52,12769.36,189016.98
Appendectomy,58,3,2,twin,3,13122.93,33895.41,7262.3,15347.03,5258.2,77514.5
Appendectomy,66,2,2,twin,6,32739.83,42641.49,18290.74,18375.13,8516.05,112041.69
Hernia Repair,42,1,2,single,2,18240.72,61790.37,9511.17,15178.45,7637.64,111333.67
Cataract Surgery,47,1,1,twin,1,6952.65,40644.23,4664.66,16354.18,5895.63,73819.46
Normal Delivery,47,2,3,suite,3,15441.09,21780.28,8164.73,6670.01,4305.49,53320.45
Cholecystectomy,54,1,2,general,3,20651.45,60806.76,15986.84,16370.39,12097.49,117743.6
Total Knee Replacement,47,3,2,general,8,42670.99,97302.92,33202.82,101633.08,23369.45,303123.61
Caesarean Section,23,2,3,twin,5,26632.1,40443.66,17523.76,16319.78,9244.53,110329.43
Caesarean Section,50,2,3,general,6,24985.35,39823.17,21389.87,14552.64,9311.49,129476.23
Tonsillectomy,47,1,2,single,2,17421.03,48390.37,8725.89,7765.18,6568.49,91862.47
Hysterectomy,52,1,2,single,6,62286.17,89886.03,37743.34,23183.12,19359.42,225232.48
Total Knee Replacement,36,3,1,single,6,50837.01,134052.36,29536.63,114456.37,24431.5,383706.75
Appendectomy,23,2,1,general,3,18468.75,52941.48,12452.03,22202.91,8267.54,121430.53
Cataract Surgery,41,1,3,single,1,5701.96,32107.44,3155.23,9906.22,4099.0,55788.85
Kidney Stone Lithotripsy,38,1,1,twin,3,27768.1,72781.98,17280.33,14709.21,9571.27,121083.16
Cataract Surgery,45,1,1,twin,1,7686.88,46354.23,5120.96,16797.73,6427.71,80081.42
Total Hip Replacement,35,2,2,twin,5,40469.86,143011.34,27618.14,126446.51,26176.83,357683.27
Caesarean Section,81,3,3,general,5,16197.47,27348.61,16115.39,18412.99,6711.79,93314.62
Cholecystectomy,51,2,1,twin,2,15342.3,59390.09,9725.2,21852.77,9539.52,110903.01
Normal Delivery,51,3,2,twin,3,12269.9,18520.98,8917.48,9795.19,4813.5,48778.29
Typhoid Inpatient Care,34,3,2,general,5,13745.94,0.0,12492.09,15420.36,5995.28,45487.45
Total Knee Replacement,58,2,2,twin,7,50276.97,123581.83,35437.95,95011.86,22646.02,260189.44
Normal Delivery,67,1,3,single,4,25950.35,27772.21,17926.45,6760.64,6265.63,81067.89
Coronary Angioplasty,75,1,2,general,5,52553.2,128706.7,53239.04,89730.89,27546.73,353719.25
Total Hip Replacement,62,1,2,twin,6,68830.33,218129.51,54586.37,109338.78,34138.37,426236.69
Typhoid Inpatient Care,28,2,1,twin,4,23398.17,0.0,18005.54,20817.55,10715.39,64469.56
Hernia Repair,29,1,1,single,3,33376.47,70410.69,15876.68,19358.82,10745.08,135615.37
Dengue Inpatient Care,33,1,2,suite,4,43862.56,0.0,21701.89,13953.07,12920.59,89423.97
Total Knee Replacement,55,2,2,single,6,55291.95,137401.68,33902.75,112739.51,27030.97,361075.34
Tonsillectomy,42,1,2,general,2,10893.2,36204.58,8007.19,7720.78,5413.14,64344.85
Coronary Artery Bypass Graft (CABG),38,3,3,twin,10,75289.83,140155.75,56689.28,69704.58,32855.35,406729.32
Normal Delivery,82,2,2,general,3,14149.77,22406.18,14270.75,10823.37,6025.25,84858.85
Caesarean Section,53,2,3,suite,3,19972.23,47920.88,10730.67,13238.04,7307.72,103142.26
Hernia Repair,42,2,2,single,1,6023.09,39778.62,3331.94,14032.96,5822.28,72262.65
Cholecystectomy,79,1,1,twin,4,40553.04,82159.73,31230.16,27844.59,14639.6,160188.44
Coronary Angioplasty,59,1,1,twin,3,47372.61,177339.72,36746.65,99079.5,28731.83,411685.32
Kidney Stone Lithotripsy,40,1,1,general,2,16113.03,64894.28,10736.21,15741.66,9366.44,127249.47
Tonsillectomy,33,2,2,general,2,8496.64,30993.19,7046.12,8201.53,4270.23,62403.38
Kidney Stone Lithotripsy,39,2,1,general,1,6719.72,50970.56,4476.72,15710.77,5934.89,76909.68
Hysterectomy,63,1,1,general,3,31017.54,105880.24,26622.53,27332.09,20429.14,190010.59
Total Knee Replacement,20,1,2,twin,4,42342.61,190061.48,30367.26,105287.3,26913.46,416514.94
Normal Delivery,65,2,3,single,2,8415.22,19566.31,6124.22,6777.35,3870.02,39087.43
Total Hip Replacement,55,2,1,twin,3,30247.13,172504.63,23837.64,141318.35,24530.63,365074.74
Tonsillectomy,35,3,2,general,2,6266.79,22153.5,4819.35,8353.2,3317.03,48979.43
Cataract Surgery,33,3,2,general,1,3046.55,18847.5,2280.23,12504.06,2865.76,39599.24
Dengue Inpatient Care,67,2,2,single,6,38284.68,0.0,26398.48,13631.94,11252.63,83883.79
Kidney Stone Lithotripsy,79,1,2,general,3,21314.56,54317.06,17637.3,14354.23,7674.97,139624.55
Total Hip Replacement,28,1,2,single,5,65722.02,225580.05,42853.47,122670.45,31785.24,485778.16
Kidney Stone Lithotripsy,70,3,1,single,4,26000.7,47041.03,15986.34,15396.47,5954.15,148089.41
Cholecystectomy,53,2,3,single,3,17131.08,41898.98,9749.33,13857.66,7105.25,107970.1
Hernia Repair,75,2,1,twin,4,23773.41,45628.32,17105.83,19713.48,7550.48,127437.86
Normal Delivery,42,3,2,single,4,19485.11,18970.33,12039.96,7665.0,4829.24,59505.25
Appendectomy,59,3,2,suite,1,6416.41,41895.94,2754.48,15608.84,4844.73,73051.87
Tonsillectomy,58,1,1,single,2,20553.76,57070.23,11234.76,9313.93,6923.48,95806.76
Hernia Repair,67,2,2,single,3,19883.2,41080.31,11076.75,17209.68,7252.32,83203.22
Total Knee Replacement,74,2,3,twin,8,51516.68,112888.97,39389.33,92376.52,22505.83,252258.59
Caesarean Section,54,1,1,general,5,47952.58,91628.22,37811.01,24209.31,21005.12,218942.94
Total Knee Replacement,56,2,1,general,6,47327.39,141973.58,37682.96,138931.38,32226.63,413430.46
Cataract Surgery,73,1,2,single,3,19753.43,38509.96,11773.27,15008.57,5912.52,106184.7
Cholecystectomy,79,3,3,twin,4,15817.48,28881.38,10986.19,16586.23,6135.81,85198.93
Typhoid Inpatient Care,76,1,2,single,8,56071.26,0.0,43943.72,18228.51,12604.04,107820.87
Cholecystectomy,72,1,2,suite,5,56093.79,87956.39,27671.71,18644.4,14431.94,203113.65
Normal Delivery,64,1,1,general,2,16642.25,39998.72,13882.5,12266.38,8916.7,102875.77
Tonsillectomy,64,2,1,general,1,5106.5,34220.25,3998.1,8823.79,4979.88,48797.77
Appendectomy,62,1,2,single,2,19105.46,67114.47,8929.9,15741.35,8975.34,123314.64
Hysterectomy,25,1,3,general,4,25313.88,60909.31,18974.15,16178.36,13570.31,128387.41
Total Hip Replacement,22,2,2,general,7,47501.56,119052.64,42777.68,101951.2,27205.86,344827.11
Coronary Artery Bypass Graft (CABG),44,2,1,twin,5,70392.82,241266.99,47178.89,109826.19,46845.82,507526.38
Total Knee Replacement,66,1,1,twin,6,75910.06,236446.27,64939.57,129322.58,39307.87,536948.34
Appendectomy,62,2,2,single,3,21002.8,47671.94,10159.63,16426.39,7525.54,106268.47
Coronary Angioplasty,21,1,1,twin,3,48866.37,188178.84,35309.08,113365.47,29161.71,445952.89
Hernia Repair,20,2,1,general,2,12053.34,42231.67,7998.9,20113.48,7385.71,93028.98
Kidney Stone Lithotripsy,58,1,2,twin,1,7773.81,60711.42,4752.68,11709.42,7497.02,83812.38
Normal Delivery,43,1,3,twin,2,11245.73,26657.14,8572.14,6488.26,5556.55,53839.73
Caesarean Section,63,2,2,twin,4,25557.94,51248.32,20077.45,20310.31,11297.8,116119.03
Normal Delivery,75,1,2,general,4,21869.3,27951.44,24015.4,9476.08,7272.14,97699.07
Coronary Angioplasty,24,1,2,general,5,50960.21,122046.5,48035.51,71476.67,29370.47,265407.1
Typhoid Inpatient Care,29,2,1,suite,6,44908.77,0.0,23748.21,19132.9,9829.57,82044.17
Total Knee Replacement,59,1,1,suite,5,84632.01,242704.97,46816.85,111992.82,34590.79,511531.91
Normal Delivery,64,2,1,single,2,14188.2,29284.29,9670.68,10899.12,5662.04,62420.45
Kidney Stone Lithotripsy,40,3,1,twin,2,10199.58,40848.1,6308.52,14396.24,4667.51,82352.98
Coronary Angioplasty,39,2,2,twin,4,34216.24,102459.94,26347.89,86332.67,19362.11,251068.71
Normal Delivery,48,2,1,general,2,10877.32,26711.07,9444.92,10034.2,6247.63,68647.58
Cataract Surgery,42,3,3,twin,1,2931.49,18183.42,1833.14,11110.53,2536.51,37568.44
Total Knee Replacement,22,1,1,single,6,99900.91,249124.55,57092.69,115383.54,40890.66,586450.8
Typhoid Inpatient Care,31,2,1,general,4,19113.88,0.0,14621.11,20136.56,8312.82,67709.77
Kidney Stone Lithotripsy,42,3,3,single,2,8093.86,27794.81,4249.83,8784.89,3249.44,54233.81
Total Knee Replacement,45,1,2,twin,8,83870.71,192910.2,59952.98,100356.07,35868.93,501684.53
Caesarean Section,50,3,1,single,4,29399.24,59094.5,16997.77,23418.83,10759.46,141127.46
Dengue Inpatient Care,44,1,3,general,4,19799.3,0.0,16391.91,10290.44,10717.05,57339.86
Hysterectomy,68,1,1,suite,6,89250.71,121407.44,50966.57,29629.44,20919.37,329343.9
Normal Delivery,73,2,2,general,4,17700.37,24312.44,18145.02,9328.29,6562.8,66525.02
Tonsillectomy,31,3,1,general,2,7812.33,25276.68,6368.26,9784.15,3803.13,53211.16
Hysterectomy,68,1,2,twin,5,42061.54,90387.5,34447.56,22528.08,17018.99,195744.26
Coronary Artery Bypass Graft (CABG),38,2,3,general,5,41828.55,157141.3,36609.79,82055.74,30172.9,408789.87
Cholecystectomy,69,2,3,twin,4,19539.54,39084.89,14199.08,15139.99,7425.18,96211.39
Kidney Stone Lithotripsy,82,1,3,general,3,15999.44,39474.91,12761.01,10839.68,6209.09,88429.71
Kidney Stone Lithotripsy,74,1,1,twin,4,40532.98,72729.19,26752.12,16310.46,9819.05,143080.38
Hernia Repair,34,3,2,single,3,14968.93,35406.11,7785.2,14996.91,5451.05,81267.41
Normal Delivery,43,3,3,single,2,7604.43,15515.82,4835.58,6357.66,3200.76,36257.73
Cataract Surgery,34,2,1,single,2,12142.95,33428.2,6410.18,15632.03,4425.24,63754.78
Caesarean Section,68,2,2,suite,7,61858.79,62992.21,34161.62,20409.36,13535.26,204471.22
Hernia Repair,61,2,2,single,2,13296.1,44344.41,7199.17,14907.31,6632.07,89375.37
Normal Delivery,50,3,2,twin,2,8137.68,19038.47,5907.72,8113.69,4079.29,41219.74
Caesarean Section,74,2,1,general,3,21019.46,59105.79,19491.13,28921.33,13490.21,143720.09
Normal Delivery,25,3,1,single,3,16883.36,24038.84,11283.83,9948.06,5041.13,71147.6
Caesarean Section,82,2,1,twin,5,38353.31,66939.32,36388.61,30901.83,15873.49,205022.43
Kidney Stone Lithotripsy,41,1,2,general,2,13445.85,53608.74,9778.65,12876.63,7338.37,100837.75
Hysterectomy,71,1,1,suite,5,69715.41,127405.77,42838.93,27942.18,19677.67,244421.56
Coronary Artery Bypass Graft (CABG),42,2,2,twin,7,79663.01,212870.24,53628.82,102295.62,40360.14,439345.37
Typhoid Inpatient Care,38,1,1,twin,7,55163.92,0.0,42114.95,18895.76,18788.21,125595.45
Total Knee Replacement,35,1,1,general,4,44634.72,209378.86,39887.94,131615.75,35740.31,511431.92
Tonsillectomy,48,3,2,single,2,8566.53,25878.94,4973.79,7307.82,3295.28,50537.82
Typhoid Inpatient Care,59,2,1,general,6,28492.93,0.0,23374.73,16941.03,10929.73,79736.73
Normal Delivery,29,1,2,twin,2,15403.49,35338.76,10834.99,8226.33,7172.06,79965.33
Caesarean Section,20,2,1,single,5,48096.11,75953.05,27186.54,23064.46,15283.13,228251.24
Cholecystectomy,75,1,2,twin,5,46710.79,72355.08,31452.91,20419.78,15605.72,201768.8
Total Hip Replacement,76,3,1,twin,7,53180.94,133937.6,44123.5,151610.66,28109.48,394616.99
Appendectomy,37,2,3,suite,2,12188.91,41608.21,4675.0,12732.93,4859.17,76808.46
Coronary Angioplasty,55,1,1,general,3,38902.96,158697.14,36636.07,101155.49,29880.28,360554.02
Total Hip Replacement,75,2,1,twin,9,87849.72,180773.0,81053.68,141821.16,37286.2,630548.72
Dengue Inpatient Care,71,3,2,twin,6,23845.43,0.0,20097.94,15688.51,9347.27,52323.48
Tonsillectomy,68,1,1,general,4,29676.93,43410.45,22616.32,11199.39,8785.0,106966.32
Cataract Surgery,63,1,1,single,1,8313.45,49008.75,4296.41,15432.47,6068.49,73625.14
Appendectomy,76,2,3,twin,5,22366.28,34276.56,16482.96,15503.51,6145.68,122718.12
Cataract Surgery,40,1,1,general,1,6166.59,39826.08,4829.36,15960.56,5898.12,75921.83
Kidney Stone Lithotripsy,53,1,1,single,1,11713.36,74125.04,5312.19,14507.37,8414.3,121601.47
Dengue Inpatient Care,55,2,1,twin,4,24566.49,0.0,19640.51,14983.91,10859.26,65435.63
Tonsillectomy,81,1,2,suite,3,28885.88,51293.64,15493.92,8364.14,6488.08,118827.25
Hysterectomy,38,3,2,general,3,12132.21,44438.19,10694.28,21826.37,7918.09,102096.82
Hysterectomy,34,2,2,twin,5,33718.36,70279.48,24152.88,20802.81,12850.66,156921.37
Typhoid Inpatient Care,37,2,2,general,4,14849.32,0.0,12392.88,14147.23,8229.29,44895.98
Cataract Surgery,31,1,2,twin,1,6054.17,35284.53,3546.87,13404.45,5218.34,70739.99
Appendectomy,53,1,2,twin,4,31994.78,61317.8,19198.44,17471.17,10281.63,145533.78
Cholecystectomy,55,2,2,single,3,21668.91,52834.01,11154.82,18350.27,8206.02,118117.42
Tonsillectomy,35,2,1,general,2,9816.39,36016.59,8070.33,9620.92,4956.47,75141.87
Total Knee Replacement,60,2,2,single,7,60282.85,153413.99,36904.73,104327.83,28068.92,488059.68
Appendectomy,45,2,2,general,3,15620.72,45210.15,9357.38,14993.66,7057.7,94199.58
Total Hip Replacement,20,2,2,twin,8,65319.54,151735.41,46929.22,104874.19,31084.19,349738.59
Coronary Artery Bypass Graft (CABG),75,1,1,general,10,161818.17,333948.78,163278.75,136623.82,84808.29,988739.87
Kidney Stone Lithotripsy,20,2,2,suite,3,22723.08,48397.72,8975.85,12379.85,5930.7,84154.56
Cholecystectomy,33,2,1,general,3,18142.61,55522.87,13971.96,19586.74,10379.68,118356.49
Tonsillectomy,21,1,1,twin,1,8307.69,46897.8,5502.69,9224.07,7101.0,75751.26
Cataract Surgery,75,2,2,single,3,16785.32,30041.22,10563.2,15462.37,4832.14,59487.75
Hysterectomy,75,1,2,suite,8,96308.72,103693.7,54941.2,24338.46,20555.61,316067.31
Coronary Angioplasty,60,2,2,suite,2,24767.79,126317.23,13271.59,73836.34,16915.44,263107.62
Normal Delivery,37,2,2,single,2,11802.25,25216.81,7912.92,10039.8,5127.83,57752.01
Tonsillectomy,38,3,1,general,1,4115.3,30039.79,3302.93,9234.89,4078.81,50859.49
Hysterectomy,59,3,3,single,4,17701.49,40017.44,11276.01,16936.87,6944.94,85423.46
Dengue Inpatient Care,19,3,2,twin,3,11157.21,0.0,9347.16,13693.38,6003.02,39910.26
Caesarean Section,72,3,2,suite,4,28275.43,55939.77,17229.8,23622.58,9115.53,132427.34
Coronary Angioplasty,52,2,2,general,3,23445.92,101569.18,21163.31,90021.16,16592.05,286719.98
Hysterectomy,31,1,2,suite,4,48359.91,102744.34,23798.8,23371.77,17696.25,229543.49
Coronary Angioplasty,52,1,1,single,3,51323.02,188001.88,33753.07,106656.58,28190.03,418229.8
Coronary Angioplasty,56,1,2,twin,3,37440.29,158901.45,29134.08,87353.32,26062.27,373631.93
Cholecystectomy,21,2,2,single,3,21642.79,58113.89,12751.49,18272.6,8458.6,109303.22
Hernia Repair,24,2,3,single,3,14215.96,31509.52,7172.0,12400.03,4478.7,71671.49
Total Knee Replacement,18,3,1,general,4,26096.82,128288.62,22581.14,118264.81,20198.67,316123.69
Cataract Surgery,79,3,3,twin,3,7918.68,15710.44,5835.7,12305.52,2409.78,50540.2
Caesarean Section,52,2,2,general,4,23894.49,54760.25,17869.83,20199.97,12437.9,138225.61
Total Knee Replacement,54,2,1,suite,5,71238.59,197457.01,38526.69,142177.23,31548.3,510167.98
Hysterectomy,69,2,1,general,3,19329.51,68994.02,16360.29,26050.26,11940.27,141111.81
Tonsillectomy,52,1,1,general,2,15177.27,49452.78,11501.54,10616.02,7629.67,101607.49
Total Hip Replacement,47,1,3,general,6,47456.5,156816.85,36461.16,89923.82,30712.97,358981.14
Kidney Stone Lithotripsy,44,2,2,twin,2,10810.38,40647.65,6033.36,12447.28,5072.49,74966.74
Tonsillectomy,34,2,2,single,2,12474.29,35919.46,6263.36,7903.31,4225.08,66955.13
Coronary Angioplasty,23,2,3,single,3,24054.62,89910.59,15048.0,58115.38,14834.12,164800.21
Hysterectomy,25,1,1,general,4,36077.43,89898.9,29014.86,25768.0,17502.75,194828.47
Dengue Inpatient Care,35,2,1,twin,7,44488.99,0.0,34075.58,15082.02,13972.23,105693.81
Coronary Angioplasty,68,1,3,general,4,30521.1,100790.44,28015.73,69104.57,17292.78,224311.73
Total Hip Replacement,80,2,2,single,9,85628.03,149562.51,64477.23,146902.61,33161.16,533729.83
Cataract Surgery,30,1,2,general,1,5563.97,32236.44,3796.67,12426.61,4884.79,67952.19
Cholecystectomy,19,2,1,twin,4,29285.71,61351.3,19036.36,23213.07,11450.16,143563.89
Coronary Angioplasty,34,1,1,single,2,36207.37,195297.03,22775.43,111541.54,30033.7,434382.15
Dengue Inpatient Care,23,1,2,twin,3,21103.94,0.0,15832.14,12829.86,12396.25,65194.77
Appendectomy,35,3,2,single,4,22172.63,41325.46,10250.58,15714.62,6853.7,100782.85
Total Hip Replacement,52,2,3,single,6,43252.35,123024.34,27536.4,89811.53,18483.4,314453.4
Cholecystectomy,27,1,1,single,3,38137.28,94696.65,20605.99,20810.24,14864.84,195650.25
Caesarean Section,33,1,2,general,5,35341.3,67448.32,29553.27,18649.04,15089.85,178316.01
Total Knee Replacement,82,2,1,twin,5,49237.1,170848.12,44341.76,162721.81,26229.35,280791.67
Coronary Artery Bypass Graft (CABG),38,1,3,suite,6,108328.78,290433.65,51935.22,76575.91,42062.31,597988.74
Appendectomy,18,1,3,single,2,14058.89,50421.65,7243.98,12725.55,6908.62,96574.16
Cataract Surgery,26,2,2,twin,1,3916.21,22870.22,2569.48,13950.44,3306.94,42476.44
Appendectomy,49,2,1,single,4,31722.23,56997.5,15340.81,19746.35,8458.36,117734.52
Total Knee Replacement,65,2,2,general,4,28093.79,121203.29,25627.0,101552.17,24111.66,334240.65
Coronary Angioplasty,59,1,3,single,4,47546.83,119877.8,29672.97,66211.97,20125.24,302569.63
Coronary Angioplasty,65,1,2,twin,3,34570.62,133807.66,29805.74,83066.67,20764.98,304795.07
Total Hip Replacement,77,2,1,single,8,88457.49,202930.13,64736.33,146243.03,33327.83,527325.03
Typhoid Inpatient Care,74,1,1,twin,7,54081.23,0.0,45391.31,20903.03,17288.64,162929.26
Appendectomy,21,2,1,general,3,18825.72,52446.55,13017.03,21543.19,9569.16,127226.66
Total Hip Replacement,74,2,2,general,6,44729.36,146594.22,47114.13,139961.62,27627.13,397127.27
Cataract Surgery,67,1,1,single,2,18330.49,52578.65,10944.33,17986.64,7114.88,113144.61
Kidney Stone Lithotripsy,79,3,1,suite,4,35474.87,54423.4,18475.38,18012.37,6785.69,88973.93
Cataract Surgery,22,2,2,general,2,8237.42,23855.44,5515.24,12177.91,4220.19,51084.08
Total Knee Replacement,37,2,2,single,7,62916.29,144186.12,39026.4,108760.07,27884.99,414868.47
Cataract Surgery,18,1,2,general,1,5115.05,31473.66,3422.66,13160.76,4649.59,56699.9
Typhoid Inpatient Care,69,1,3,general,6,27294.97,0.0,27078.05,12147.51,10017.96,86475.38
Caesarean Section,39,3,1,general,3,17516.95,50960.56,14752.99,25196.58,10655.33,126437.28
Dengue Inpatient Care,62,1,3,general,6,27406.43,0.0,26928.76,10987.45,10570.66,78595.65
Hysterectomy,42,2,2,single,1,7853.68,69614.68,4558.95,20614.95,8849.67,109158.06
Kidney Stone Lithotripsy,63,3,2,general,2,7508.46,31999.22,5099.62,11615.1,4121.71,58160.13
Appendectomy,50,1,1,general,3,26999.7,82181.11,19513.38,21732.04,12093.15,173789.4
Normal Delivery,34,2,2,single,2,11404.12,24910.97,7554.28,7681.9,5160.49,58290.23
Typhoid Inpatient Care,20,2,2,twin,6,26970.32,0.0,18883.39,14184.71,9402.14,73814.53
Tonsillectomy,43,3,2,general,1,3447.75,24538.19,2501.62,7139.91,3279.64,41090.27
Caesarean Section,18,1,3,single,2,14866.46,62050.29,9541.97,14195.03,8679.11,99200.77
Dengue Inpatient Care,77,1,2,general,6,40313.78,0.0,41856.85,16332.76,14923.92,95049.18
Tonsillectomy,31,1,2,single,2,16237.83,43354.08,8069.19,8378.94,6491.26,86200.63
Total Hip Replacement,45,2,2,single,4,39514.39,163090.85,24296.17,124262.8,21366.41,340613.49
Normal Delivery,30,3,2,twin,2,8265.0,19918.04,6669.16,8559.75,4540.68,49269.85
Hernia Repair,23,1,2,twin,2,13670.5,48280.13,8179.64,15138.13,7444.74,92370.75
Typhoid Inpatient Care,33,3,2,suite,5,26180.3,0.0,13060.66,16602.56,7359.76,61059.69
Coronary Artery Bypass Graft (CABG),19,1,3,general,6,60794.15,220065.87,49067.96,65682.61,38700.17,468836.37
Caesarean Section,49,1,2,general,6,47663.1,68555.87,39733.03,19090.22,19136.73,196931.88
Coronary Angioplasty,51,1,2,general,3,30857.08,129860.48,26031.22,77309.95,23838.89,306147.09
Typhoid Inpatient Care,19,3,1,twin,6,26137.08,0.0,18394.95,17936.89,9076.17,73269.78
Typhoid Inpatient Care,53,1,1,general,5,34371.89,0.0,30722.28,17695.17,14779.28,101711.69
Appendectomy,46,1,2,suite,3,31927.74,71294.31,13229.13,15494.56,9168.42,159198.21
Hernia Repair,71,2,1,twin,5,34111.56,46213.48,24081.96,22816.26,9517.97,139058.7
Cataract Surgery,64,2,3,twin,1,3424.27,17858.12,2133.88,11524.19,2641.91,35571.95
Cholecystectomy,38,1,3,general,3,16173.91,50238.82,11047.77,12179.84,9361.72,112890.48
Dengue Inpatient Care,36,1,2,twin,5,32826.82,0.0,25390.12,11432.72,11851.87,79851.6
Dengue Inpatient Care,41,2,3,twin,6,24640.81,0.0,18362.71,10154.88,8790.38,71369.4
Hysterectomy,18,1,2,twin,5,42698.06,90438.89,28189.07,22990.58,16143.53,207990.96
Coronary Angioplasty,61,1,2,general,4,40715.27,124309.02,33830.14,82681.0,26004.65,286868.4
Hernia Repair,67,1,2,twin,4,26105.6,47503.95,17279.53,15500.0,9131.78,111871.77
Total Knee Replacement,28,2,2,general,6,42728.88,129542.36,32475.49,110268.55,28616.7,310136.28
Cataract Surgery,25,3,1,twin,1,4256.77,23022.68,2530.44,15428.3,3816.0,58168.72
Normal Delivery,71,3,1,general,5,20901.44,21192.89,19678.04,11425.25,6307.83,87110.18
Normal Delivery,39,2,2,general,2,9582.69,24720.46,8552.46,8111.6,5315.11,61584.75
Normal Delivery,61,3,2,general,3,10488.63,17437.5,9805.33,9194.09,4410.26,54266.56
Normal Delivery,66,1,3,single,4,26205.44,29894.19,18297.03,7224.57,6903.54,99055.58
Dengue Inpatient Care,36,1,3,twin,3,16750.08,0.0,13632.4,9908.89,9316.8,46311.31
Hernia Repair,76,1,3,general,4,19420.09,34129.28,17669.44,13208.03,6556.29,65138.44
Hysterectomy,57,2,1,twin,4,29321.96,67940.88,20587.02,24462.11,12272.97,145976.2
Total Hip Replacement,35,2,2,single,6,62695.89,158709.61,41729.82,117402.34,28282.5,383795.26
Coronary Angioplasty,37,3,2,general,2,12130.65,71790.02,11668.35,92586.28,12016.99,196854.09
Total Hip Replacement,25,1,2,twin,5,58020.14,199741.61,43911.27,126435.79,34830.8,506047.35
Cholecystectomy,48,3,1,single,4,28583.16,49227.12,15499.57,23051.19,9883.63,121482.86
Typhoid Inpatient Care,52,1,3,general,4,16700.16,0.0,13705.37,12386.48,7573.41,44569.66
Tonsillectomy,18,3,2,twin,1,3745.09,21873.14,2497.06,8157.52,3009.01,38743.84
Typhoid Inpatient Care,30,1,1,twin,4,29681.84,0.0,23989.79,17668.6,12500.55,92937.51
Cataract Surgery,67,2,1,general,2,9484.1,29020.78,6811.47,16378.15,4557.59,63425.0
Typhoid Inpatient Care,67,1,1,single,5,40071.72,0.0,26589.38,21108.78,12908.42,110078.45
Hysterectomy,48,1,1,general,3,26844.6,90798.73,20582.19,28371.16,17835.63,186810.53
Coronary Angioplasty,80,1,1,twin,3,43295.27,183014.0,42092.2,131031.17,30117.13,379756.93
Normal Delivery,51,1,1,twin,3,26677.68,38567.59,19464.62,9728.68,10316.75,113543.38
Coronary Artery Bypass Graft (CABG),37,1,2,twin,8,131956.05,293560.2,89869.77,96080.85,64607.23,684186.72
Total Hip Replacement,59,1,1,twin,5,78488.08,268616.2,57065.44,145349.17,47634.81,576706.24
Cholecystectomy,67,3,1,single,4,28351.56,57143.55,17810.82,22797.94,8977.37,142070.19
Hysterectomy,32,2,1,single,2,17820.24,79755.02,11414.91,28956.51,11263.1,149395.62
Total Knee Replacement,71,2,3,suite,8,68777.19,123147.07,37145.06,80134.53,20812.44,304601.53
Coronary Artery Bypass Graft (CABG),23,2,1,twin,8,119610.51,273111.91,77107.73,104150.52,57722.72,736429.76
Tonsillectomy,74,1,2,twin,4,25407.57,41692.04,19620.51,7594.08,6722.69,98488.12
Cholecystectomy,71,2,1,single,5,41923.2,69467.92,26276.69,24085.03,10879.76,135653.76
Cholecystectomy,18,1,2,single,3,30565.97,74096.34,15933.61,15927.63,12946.73,162946.76
Appendectomy,77,3,2,general,4,15379.29,32678.55,12250.37,19662.68,5532.35,78908.59
Tonsillectomy,36,2,2,suite,2,12477.33,33935.57,5959.35,7347.38,4241.17,68354.15
Cholecystectomy,61,3,3,twin,3,11396.99,31392.35,6624.43,14975.11,5425.17,67653.65
Caesarean Section,67,2,3,general,7,29177.13,34925.77,24619.08,15669.19,9887.29,108555.73
Hysterectomy,30,2,3,twin,5,24645.22,46772.97,18351.23,18437.84,10048.89,104370.31
Total Knee Replacement,31,2,1,twin,8,74274.01,168735.06,57939.99,121639.75,31345.41,458488.4
Hernia Repair,46,2,2,twin,2,10713.15,38775.74,6673.19,17083.3,6533.93,80310.07
Kidney Stone Lithotripsy,45,2,3,twin,2,9116.53,34270.92,5266.07,8390.08,3780.43,62731.68
Coronary Artery Bypass Graft (CABG),82,2,2,general,9,89718.84,203598.73,99213.94,113339.75,46301.8,605043.36
Appendectomy,77,2,2,general,2,10073.22,46537.34,7688.67,20233.65,7057.02,118904.48
Hernia Repair,30,2,2,single,2,12655.03,45018.86,6789.94,16541.05,6241.19,94510.81
Total Hip Replacement,64,1,2,general,4,41498.25,183503.69,37975.92,125682.43,30797.81,373279.14
Normal Delivery,36,1,2,general,3,18217.51,28873.46,15486.29,9755.87,7679.58,90734.11
Coronary Angioplasty,72,2,2,twin,7,64813.84,105333.77,51992.7,87491.43,22728.15,410567.61
Caesarean Section,65,1,2,single,4,42543.33,78918.79,28205.68,21556.64,14389.36,174518.58
Total Hip Replacement,32,1,1,twin,8,119130.29,261970.9,87693.92,141218.45,47539.76,613516.24
Total Hip Replacement,59,2,1,general,7,61266.0,179253.51,55388.92,130844.74,34905.36,474446.85
Total Knee Replacement,45,1,1,single,5,72551.51,247066.92,45701.82,130659.03,36820.37,534028.88
Appendectomy,36,3,1,general,3,15795.39,42904.94,10844.35,21558.71,7227.46,100863.85
Total Knee Replacement,64,3,3,general,6,22881.34,67503.02,20153.36,85762.49,15739.68,215348.32
Tonsillectomy,61,2,2,single,2,10751.97,32646.7,5811.15,8337.67,3740.57,67276.04
Total Knee Replacement,68,2,3,single,7,47114.49,117570.66,34916.22,88255.22,22234.99,310957.71
Total Hip Replacement,36,1,1,general,8,95630.97,225976.57,83441.77,135998.18,51648.52,593281.58
Hysterectomy,71,3,2,single,5,29607.39,48498.28,19528.49,22926.4,8916.6,122694.24
Tonsillectomy,55,2,1,twin,1,6590.05,36831.69,4174.65,8935.17,4772.7,56901.25
Cataract Surgery,56,2,3,general,1,3305.53,18727.02,2395.38,9901.84,2906.72,40987.54
Hysterectomy,59,2,2,general,5,26495.67,57853.12,20645.52,21290.06,11503.08,134879.72
Appendectomy,35,1,1,general,3,25833.85,69605.68,16062.29,18645.73,12130.55,152799.01
Caesarean Section,81,1,1,general,5,48181.63,80021.96,45748.96,30775.69,20044.14,216843.88
Typhoid Inpatient Care,31,2,3,single,3,13102.2,0.0,8067.44,13050.14,5255.77,40360.25
Total Hip Replacement,65,3,3,single,9,56758.22,106288.06,37122.27,107210.55,20485.98,355126.65
Hernia Repair,41,1,2,single,2,16264.5,55871.48,8182.14,14156.14,8313.0,88017.16
Hernia Repair,67,1,1,general,5,38933.33,65706.47,33493.54,18460.45,14329.9,152717.86
Appendectomy,55,1,2,twin,3,22675.25,62842.43,14285.57,15353.97,9264.32,132313.9
Tonsillectomy,55,2,1,twin,1,6009.61,36191.6,3853.91,10418.72,4832.98,62252.52
Dengue Inpatient Care,43,2,2,general,8,38195.72,0.0,32564.43,13731.22,12256.36,86414.95
Hysterectomy,75,3,3,general,5,16496.41,34367.01,16583.06,19342.28,6895.62,95099.8
Dengue Inpatient Care,46,2,2,general,6,29223.62,0.0,22744.33,13334.35,11638.02,82731.58
Dengue Inpatient Care,71,1,3,twin,5,25869.03,0.0,22740.32,10255.73,10571.14,73016.71
Kidney Stone Lithotripsy,39,2,2,single,2,12544.32,43392.88,5892.09,10925.69,4767.21,75023.59
Total Hip Replacement,60,3,3,general,4,17477.56,82877.91,16188.09,91583.07,14978.84,238697.79
Kidney Stone Lithotripsy,45,2,1,twin,1,7019.59,45837.37,3876.04,13272.97,5158.47,79162.81
Caesarean Section,65,3,1,twin,4,22490.93,45351.27,15939.55,26146.25,9765.73,134194.75
Normal Delivery,56,1,2,general,2,11986.6,33180.29,11069.76,9447.98,7257.39,71713.75
Kidney Stone Lithotripsy,68,1,1,suite,4,53072.43,81948.14,23519.22,15820.41,10309.95,186653.32
Kidney Stone Lithotripsy,59,2,1,twin,2,15835.45,50878.05,8852.88,16069.9,6661.55,90120.39
Coronary Angioplasty,44,1,2,general,4,41454.56,121080.7,36375.04,80300.59,25840.08,309737.88
Hernia Repair,32,1,2,suite,4,44642.16,63638.08,20525.84,15124.24,9780.7,147875.67
Typhoid Inpatient Care,78,2,1,general,6,27816.85,0.0,28548.32,20595.6,11167.78,89574.33
Total Knee Replacement,64,1,2,suite,3,47131.48,218254.51,22798.26,100831.19,30312.81,421152.14
Coronary Angioplasty,60,2,2,general,4,31360.31,86933.01,24046.4,78040.01,19938.08,215459.69
Appendectomy,80,2,2,general,5,26730.14,46625.09,21671.54,21104.78,8615.4,100353.51
Coronary Artery Bypass Graft (CABG),42,1,3,twin,9,113586.52,238756.08,84681.97,70657.14,52738.88,559901.17
Tonsillectomy,60,3,2,general,2,6245.72,19439.38,4415.74,6810.31,2968.79,40544.67
Normal Delivery,36,2,1,single,3,24031.26,33899.31,15705.82,10992.6,7301.9,85115.53
Coronary Angioplasty,60,1,3,single,4,47247.62,132478.46,32011.51,72871.18,21849.39,338231.68
Typhoid Inpatient Care,39,2,1,twin,7,37583.14,0.0,30938.71,20940.96,12500.11,105330.38
Hysterectomy,56,1,2,single,6,60519.37,88610.44,34782.45,22850.88,17703.18,220570.99
Typhoid Inpatient Care,60,1,3,general,3,13221.61,0.0,11010.6,12831.74,8163.98,43875.93
Kidney Stone Lithotripsy,19,3,3,twin,2,7161.47,24162.16,4129.22,8777.09,3451.41,50432.4
Total Hip Replacement,32,1,2,twin,5,59788.22,217730.29,48210.91,107980.75,34705.25,394998.55
Total Hip Replacement,42,2,2,twin,6,45941.86,134422.32,37355.64,105526.56,23896.87,343611.41
Hernia Repair,63,2,2,twin,3,15151.33,35329.65,10206.71,15220.02,6231.81,79482.08
Kidney Stone Lithotripsy,44,2,3,general,3,10558.84,29178.9,7766.16,8782.7,4407.89,60675.12
Total Hip Replacement,25,2,2,single,8,78033.58,162891.04,47282.74,103105.38,30510.27,406683.99
Coronary Artery Bypass Graft (CABG),60,1,2,twin,8,124312.29,314369.0,89989.71,89930.34,55470.56,636466.31
Dengue Inpatient Care,57,2,2,twin,6,33016.29,0.0,26553.43,14221.28,12195.17,98912.9
Total Hip Replacement,32,1,1,twin,7,93798.21,239278.76,75698.67,149027.89,43867.01,569655.2
Appendectomy,81,3,2,twin,4,17491.75,37591.21,12948.87,20375.29,6458.44,110293.95
Kidney Stone Lithotripsy,67,2,1,twin,4,29934.47,51942.73,18139.77,15945.67,7720.81,125426.79
Coronary Angioplasty,25,1,3,single,3,33993.27,125659.68,21863.15,65267.51,19754.94,292488.36
Cataract Surgery,52,1,1,twin,1,7351.25,42240.75,4586.85,15961.03,5761.4,76486.82
Caesarean Section,26,1,3,single,4,32698.1,59248.88,19283.61,14956.85,12324.2,126637.55
Hernia Repair,58,1,2,single,2,17444.37,60138.1,9060.01,15579.68,7587.44,109348.55
Hernia Repair,45,1,3,general,2,10071.02,37535.02,6983.71,12080.31,6065.18,64330.94
Cataract Surgery,26,1,1,single,2,17735.08,45227.52,9622.56,15613.75,6396.82,106032.9
Dengue Inpatient Care,54,1,1,twin,4,34500.86,0.0,27912.97,17525.62,15490.1,102026.51
Appendectomy,25,1,3,twin,2,13771.25,55778.79,7583.38,13562.96,7169.19,93621.46
Hysterectomy,29,1,1,single,3,40816.57,118982.95,23705.08,28836.56,20010.32,239019.81
Hysterectomy,34,1,3,twin,6,43533.56,70055.24,28584.22,18787.39,14938.84,164965.5
Tonsillectomy,61,1,3,twin,3,14346.77,28714.65,10158.59,5819.14,4286.0,62688.43
Hysterectomy,28,3,2,single,5,27168.34,54857.54,16778.11,23708.06,9513.49,147388.22
Total Knee Replacement,71,3,2,single,7,51495.36,113274.44,36792.43,122083.62,24224.56,401075.89
Typhoid Inpatient Care,35,3,2,general,4,12898.28,0.0,10733.8,16516.51,6535.64,47105.08
Cholecystectomy,63,2,2,suite,4,35390.26,57299.17,14955.24,17104.49,8823.41,138872.89
Typhoid Inpatient Care,49,3,2,general,5,15901.77,0.0,14427.69,15253.93,7210.86,49895.45
Typhoid Inpatient Care,53,1,1,suite,4,42138.92,0.0,23400.31,18723.15,12085.28,87908.81
Normal Delivery,18,2,3,general,3,9847.01,16504.78,8344.38,6059.85,4533.5,41665.86
Hysterectomy,50,3,1,single,5,35738.97,61295.29,21363.16,25568.01,11914.71,131892.15
Tonsillectomy,52,3,2,general,1,3405.68,21235.56,2382.06,7933.05,3050.1,42399.69
Cholecystectomy,23,2,1,single,4,35205.98,63226.24,18615.44,23236.71,11383.16,166817.97
Normal Delivery,18,1,3,twin,3,16351.82,27091.51,13157.68,6467.55,6657.78,66945.78
Tonsillectomy,47,1,2,twin,2,13104.89,41746.68,9188.74,7401.6,5726.59,89190.14
Coronary Angioplasty,31,2,1,general,3,26449.28,118239.28,25388.43,95008.74,20791.53,280841.03
Caesarean Section,64,1,1,twin,5,53589.09,89276.85,40869.69,23574.27,19915.95,245218.16
Cataract Surgery,45,2,1,general,2,8773.73,26890.57,6077.6,17151.31,4297.56,63682.85
Typhoid Inpatient Care,24,1,2,twin,5,31498.75,0.0,22449.03,16838.05,12665.64,73585.69
Caesarean Section,32,1,2,general,3,23313.46,71983.95,16601.07,21505.29,14198.31,162881.06
Appendectomy,19,1,1,general,2,16418.47,73449.99,11644.73,20197.4,10516.61,140460.46
Hysterectomy,56,2,1,twin,6,44212.54,74571.68,29833.66,25545.78,14341.57,199428.83
Cataract Surgery,79,2,2,single,3,15688.79,25428.34,10026.77,15187.18,3910.39,70545.83
Hernia Repair,40,2,2,twin,3,17150.76,40462.38,10935.17,15112.73,6674.64,89263.71
Total Hip Replacement,24,3,2,twin,6,39929.54,114400.03,31560.11,132814.71,21905.79,306744.64
Cataract Surgery,53,2,1,general,1,4204.37,25240.09,3097.69,14802.07,4310.45,45140.36
Hysterectomy,22,3,2,suite,5,38297.96,65345.45,19294.01,23055.9,11026.27,168334.94
Tonsillectomy,42,2,1,single,2,13017.91,34173.17,6579.7,8986.63,5175.45,67820.33
Total Knee Replacement,34,1,3,single,5,44970.05,138222.79,28221.43,77305.94,21653.9,305718.22
Coronary Angioplasty,26,3,2,general,3,19938.46,71970.66,15676.78,74440.81,13490.85,180269.11
Typhoid Inpatient Care,19,2,1,twin,4,21776.71,0.0,15339.69,18618.35,9786.73,64755.43
Tonsillectomy,54,3,2,single,1,4387.7,25821.71,2291.2,7000.49,2706.54,44768.06
Normal Delivery,52,3,2,general,1,3427.81,18340.52,3042.52,8788.04,3482.44,32939.41
Cataract Surgery,29,2,3,single,1,3872.1,23470.41,2080.04,9493.17,3008.47,43195.83
Hernia Repair,66,3,1,twin,4,19716.17,32981.27,12358.61,20685.64,6119.78,101071.04
Hysterectomy,54,3,2,twin,4,19443.1,45032.48,14103.31,19765.77,8652.99,105253.51
Hysterectomy,39,2,2,single,5,38218.42,65129.2,21803.86,23598.9,13898.21,147539.01
Hysterectomy,64,1,3,suite,4,36623.63,79534.66,17893.38,16718.64,11476.2,175699.21
Hernia Repair,39,1,2,single,1,8884.04,52552.95,4306.33,15486.19,7773.87,92171.01
Total Hip Replacement,50,3,1,twin,8,67668.36,159489.59,50740.29,151914.74,32044.24,491488.1
Total Knee Replacement,69,2,2,twin,9,63864.54,113166.04,51413.36,112206.11,29234.67,330196.94
Cholecystectomy,36,1,1,general,2,18123.49,84353.75,13698.65,20259.21,13384.28,161391.55
Appendectomy,31,1,2,suite,3,34298.8,71724.06,14631.25,17816.26,8920.37,148771.76
Cholecystectomy,52,2,2,single,4,29948.39,59529.65,15166.35,16546.62,9835.49,146496.01
Total Hip Replacement,32,1,3,twin,6,55167.67,165055.44,41100.68,97132.13,31994.65,417907.99
Total Knee Replacement,27,1,3,suite,6,73417.92,187458.61,37730.24,83457.88,28520.67,417785.96
Total Hip Replacement,50,3,1,suite,6,71032.17,185421.36,38081.97,150938.02,24850.08,475475.16
Typhoid Inpatient Care,50,2,2,general,7,26809.83,0.0,24911.2,13985.58,9534.22,78754.68
Tonsillectomy,20,1,3,twin,2,10024.07,33034.02,6310.58,6014.14,4145.56,58556.63
Caesarean Section,62,2,1,general,5,34699.06,58307.56,29826.93,26713.62,14272.39,160064.15
Total Knee Replacement,20,2,2,single,8,66790.47,134682.57,42487.62,99980.14,28592.14,393953.69
Hysterectomy,81,1,2,general,5,37920.79,73778.46,39347.67,23808.0,16425.62,216917.84
Caesarean Section,40,3,1,single,5,36535.57,54690.59,20784.04,25812.73,11288.42,151380.25
Caesarean Section,78,1,1,suite,5,75793.04,113497.43,44743.42,25753.99,20285.54,251176.22
Kidney Stone Lithotripsy,54,1,2,suite,2,23528.16,70857.5,9473.07,11203.08,7132.63,125158.86
Coronary Angioplasty,73,2,2,general,6,45159.4,91787.36,50009.52,93233.31,20484.83,283484.12
Typhoid Inpatient Care,44,3,1,single,6,31628.73,0.0,21364.76,18097.09,8297.09,82977.26
Tonsillectomy,41,1,1,suite,2,24342.36,60777.04,11053.46,9965.09,6865.42,134194.38
Tonsillectomy,77,1,3,general,4,18126.05,30079.35,16730.84,7049.41,5054.61,60367.12
Hysterectomy,49,1,1,single,5,61893.31,103415.84,35844.82,28516.23,20227.8,274026.36
Cataract Surgery,26,1,3,single,1,5467.76,29154.71,2751.89,10706.51,4205.35,49271.34
Caesarean Section,23,2,1,general,3,19814.37,60867.83,17510.09,26629.07,11491.58,153871.0
Hysterectomy,75,3,1,general,7,37142.71,54918.98,35599.49,31000.43,14584.12,164089.96
Cataract Surgery,23,2,1,twin,1,5290.75,32929.74,3025.03,15472.18,3894.6,60395.54
Hernia Repair,31,3,2,twin,3,11972.16,27094.83,7780.65,15430.93,4647.84,72682.73
Coronary Artery Bypass Graft (CABG),33,1,1,general,6,108373.7,330642.06,85823.99,115708.08,67603.87,785052.08
Appendectomy,29,2,1,twin,4,31162.52,59080.11,18466.8,19104.73,10489.84,125440.65
Hernia Repair,20,2,1,general,2,12048.98,43093.73,8701.31,17933.96,7078.54,81886.29
Hysterectomy,35,3,3,single,6,27937.65,43995.37,16848.39,17057.5,8621.11,127836.45
Appendectomy,70,1,1,single,4,46424.01,80996.68,24731.22,19717.64,13362.65,184088.37
Total Hip Replacement,66,2,1,single,9,104137.65,192175.25,74137.06,155986.17,36207.47,559180.74
Cholecystectomy,61,3,2,general,3,12967.91,37505.35,9865.12,16828.53,6133.55,97227.0
Cataract Surgery,81,1,2,general,3,16545.6,33693.2,15727.11,17284.9,6604.75,83078.74
Tonsillectomy,77,2,2,suite,4,26969.0,37895.31,16019.47,8717.76,4781.46,95750.42
Total Hip Replacement,46,1,2,general,5,48351.43,189706.52,42910.07,107069.58,33238.85,345736.88
Cataract Surgery,57,2,2,suite,1,6212.89,29128.79,2721.1,12357.16,3750.65,57679.21
Hysterectomy,29,2,1,general,6,37898.56,65752.68,30854.39,25192.5,14579.91,177081.1
Normal Delivery,21,2,1,suite,3,26524.53,34882.7,14310.28,11610.69,6470.72,97625.55
Appendectomy,26,1,3,twin,3,18165.95,50379.73,10477.88,13008.44,6950.78,108025.03
Typhoid Inpatient Care,72,2,3,single,7,29978.81,0.0,21004.39,14455.95,6830.01,72027.56
Total Knee Replacement,54,1,3,general,3,22702.44,144629.5,20376.53,77219.49,22471.43,304515.33
Kidney Stone Lithotripsy,43,3,2,twin,2,9036.55,33051.43,5485.05,12069.33,4015.55,65171.68
Dengue Inpatient Care,44,1,1,single,6,63155.66,0.0,40302.94,17068.63,19668.17,130226.46
Appendectomy,52,3,2,general,3,10846.1,30466.34,7997.6,17207.11,5783.16,82154.71
Cataract Surgery,39,2,1,twin,2,10256.6,30558.32,6204.71,15734.44,4315.06,64542.32
Dengue Inpatient Care,21,2,2,single,3,18438.27,0.0,12630.93,13942.86,9926.27,56792.19
Kidney Stone Lithotripsy,60,3,2,general,2,8115.36,28626.11,5341.01,11689.22,4151.08,53384.95
Coronary Angioplasty,48,2,2,twin,3,27610.17,95606.98,19783.69,85385.35,17297.81,246419.39
Total Hip Replacement,62,1,1,single,5,86724.05,276994.39,56919.51,137939.42,42179.11,640504.66
Cholecystectomy,23,2,1,single,4,33894.39,63135.75,18859.25,20190.49,9845.31,152136.1
Coronary Artery Bypass Graft (CABG),49,1,3,twin,6,68559.29,215967.3,50356.9,75066.43,39522.49,400167.2
Coronary Artery Bypass Graft (CABG),73,1,3,twin,14,168322.2,212288.92,141294.15,92037.24,58452.72,643220.86
Cataract Surgery,66,1,2,suite,2,16844.44,44316.49,7183.17,13692.6,5512.19,83743.33
Coronary Angioplasty,56,2,1,single,3,40307.21,141695.07,25225.85,111567.54,19610.92,354570.41
Appendectomy,30,1,2,single,3,26253.15,66316.52,13188.68,17445.26,10338.87,132296.28
Normal Delivery,77,2,1,general,4,20841.36,27892.43,23052.12,11444.88,7825.47,83674.42
Cataract Surgery,68,2,2,twin,3,12096.35,26339.24,8352.62,15368.19,4468.18,77330.42
Normal Delivery,80,3,2,general,4,13934.1,17751.06,14165.09,10231.87,4626.69,61742.1
Cataract Surgery,45,2,2,suite,1,6265.94,31446.4,2485.96,13357.44,3181.41,61673.77
Hysterectomy,54,3,3,twin,6,22428.7,38557.48,14452.82,17974.82,7326.43,105957.85
Tonsillectomy,63,1,1,general,2,13472.9,45701.67,10716.4,9495.51,7275.43,85693.0
Typhoid Inpatient Care,33,1,3,twin,4,19861.59,0.0,14884.24,11089.06,7863.56,55973.0
Cataract Surgery,49,2,2,suite,1,6200.33,34014.04,2902.1,12591.35,3274.06,62642.99
Cholecystectomy,57,2,2,general,3,15757.15,44366.83,12168.72,19116.52,9286.89,94322.05
Caesarean Section,71,2,1,general,5,37970.31,70342.59,34374.41,28918.24,15284.97,165858.62
Kidney Stone Lithotripsy,19,2,1,single,2,16572.23,58994.3,8296.81,14973.5,6661.5,105616.32
Hernia Repair,21,3,2,single,4,19413.22,30198.5,10049.95,14298.41,4902.91,82134.21
Total Hip Replacement,55,1,2,twin,6,68944.47,201828.55,47570.06,109909.37,35675.95,544639.47
Caesarean Section,56,2,2,general,5,25160.08,43841.61,19866.81,19490.67,10813.6,119881.12
Appendectomy,33,1,1,single,4,45206.25,79187.85,23503.86,21811.83,12720.91,168565.36
Caesarean Section,58,2,3,general,3,12163.13,34730.73,10131.86,14098.56,7678.04,74957.38
Coronary Artery Bypass Graft (CABG),82,3,1,single,10,126273.0,230059.08,98490.98,132282.92,49475.07,543400.11
Typhoid Inpatient Care,40,1,3,general,4,17059.75,0.0,13471.93,12656.38,8356.56,58203.6
Coronary Artery Bypass Graft (CABG),73,1,1,general,8,123220.78,330504.27,125025.85,118088.17,73997.5,788253.16
Coronary Artery Bypass Graft (CABG),28,1,3,single,6,88005.48,261938.75,59692.2,64947.4,46282.94,545178.06
Total Knee Replacement,77,2,2,twin,7,54468.62,135305.69,48399.01,119833.71,28248.7,392258.84
Total Hip Replacement,49,2,1,twin,5,47203.39,165222.36,32842.52,137187.82,29733.68,441155.6
Total Knee Replacement,45,3,2,single,8,55588.06,103050.33,36176.05,103831.97,19767.49,298025.45
Cholecystectomy,68,1,1,twin,6,55267.29,78855.06,39134.62,23128.81,15242.0,202243.54
Normal Delivery,70,2,2,general,4,17420.64,20609.2,16607.3,9332.77,5903.88,58134.34
Appendectomy,63,2,3,general,3,11482.01,34859.93,7746.57,14469.66,5583.28,67660.0
Normal Delivery,69,1,1,twin,4,33483.42,39823.33,31736.12,11051.26,10414.75,108798.51
Dengue Inpatient Care,39,2,1,twin,5,30382.89,0.0,22286.06,15332.56,12122.27,77271.89
Total Knee Replacement,68,2,1,twin,9,84181.81,158228.7,60810.17,136388.89,38361.31,512893.23
Hysterectomy,40,2,1,general,5,33402.66,68189.21,28413.63,26792.17,14855.38,194427.94
Hernia Repair,61,2,2,twin,3,14546.59,32186.65,9026.49,14783.94,6471.16,74794.47
Hysterectomy,39,1,1,general,4,36716.72,91548.08,29458.48,26525.58,19819.4,186625.53
Normal Delivery,63,3,2,twin,3,12402.2,17996.22,10007.66,9554.53,4680.33,51678.51
Total Knee Replacement,38,2,2,general,5,32406.4,118338.3,27908.44,101180.79,24044.91,282486.54
Dengue Inpatient Care,29,3,1,general,6,24305.01,0.0,20610.65,16730.91,10119.12,61623.87
Total Knee Replacement,38,2,3,general,5,26070.13,106434.56,23725.71,84030.56,20382.58,265339.13
Coronary Artery Bypass Graft (CABG),27,2,1,single,6,95753.56,276641.39,64704.69,115322.2,47397.68,581743.34
Tonsillectomy,48,1,3,general,2,8893.51,30990.64,6512.0,5762.63,4540.99,55762.83
Hernia Repair,68,2,2,twin,4,20298.91,38368.53,15253.64,15318.41,6495.31,108328.58
Tonsillectomy,65,1,1,general,2,14452.92,51399.27,11804.47,11404.14,6941.28,117800.45
Coronary Artery Bypass Graft (CABG),42,2,1,twin,6,85066.94,264773.92,64242.19,102633.85,49430.33,592390.79
Coronary Angioplasty,69,2,2,general,3,24604.85,90115.73,24022.26,98985.66,19031.3,259853.18
Normal Delivery,47,2,3,suite,3,17121.45,24451.9,9589.88,6135.3,4299.57,62157.83
Hysterectomy,41,2,2,twin,4,27301.37,61134.7,17722.06,22159.35,11128.12,134567.9
Coronary Artery Bypass Graft (CABG),78,2,1,twin,5,67658.19,247899.8,61108.82,143619.82,42248.55,541045.03
Kidney Stone Lithotripsy,33,1,3,suite,2,18341.52,54789.26,7279.85,9696.27,5558.59,85841.8
Cholecystectomy,32,2,1,single,4,34347.13,67109.86,18479.77,20845.56,11859.86,164356.15
Caesarean Section,60,1,1,suite,4,67859.32,109718.65,32126.68,23315.51,21370.64,253981.71
Kidney Stone Lithotripsy,38,2,3,general,2,8236.09,32234.56,5583.06,9331.25,4488.19,60314.18
Cataract Surgery,53,2,1,general,1,4962.82,28697.53,3473.48,15954.89,4260.96,55439.16
Appendectomy,52,1,1,general,3,24673.52,77798.02,16165.37,20934.28,11222.54,157061.72
Cholecystectomy,77,2,2,single,5,34970.35,54354.06,23598.43,20116.16,9732.45,164287.67
Total Knee Replacement,45,3,1,single,6,55487.87,138297.88,33011.71,136613.08,23459.13,399295.74
Dengue Inpatient Care,77,3,3,general,5,14367.31,0.0,16547.28,11863.2,6825.52,54624.93
Cholecystectomy,44,1,2,twin,3,24330.28,71402.79,15253.49,16930.61,12069.96,143414.91
Typhoid Inpatient Care,77,2,1,suite,6,53383.77,0.0,30756.96,24388.91,11136.31,139267.96
Total Knee Replacement,29,2,3,single,6,40139.18,104927.21,24801.07,84688.61,19135.56,265137.53
Coronary Artery Bypass Graft (CABG),43,2,2,twin,10,111614.11,226842.65,82262.34,87082.17,45032.25,555917.61
Normal Delivery,64,3,2,single,2,8435.48,20097.52,6124.21,7950.43,3998.13,51078.88
Coronary Artery Bypass Graft (CABG),52,2,2,suite,9,145634.49,255807.29,77977.63,102696.59,43809.12,568760.82
Hernia Repair,54,1,1,twin,2,18492.81,65923.39,11118.41,20587.7,10554.44,99671.95
Hernia Repair,36,3,1,general,2,9024.91,34741.49,6647.28,19228.22,5947.85,79570.59
Normal Delivery,80,1,1,single,4,39269.09,41362.52,31677.68,12061.71,10486.48,105110.97
Typhoid Inpatient Care,78,1,2,twin,8,49828.01,0.0,48512.92,16095.35,15507.95,130735.23
Hysterectomy,59,1,2,twin,5,48634.84,90431.94,34736.74,20809.37,19559.66,212377.41
Tonsillectomy,20,2,2,twin,2,9512.4,29573.22,6299.01,8368.14,4396.83,55183.6
Cholecystectomy,39,3,2,twin,2,10837.26,41747.17,6337.26,16684.21,6669.22,79119.18
Total Hip Replacement,32,1,1,general,8,99312.34,241020.19,79967.59,150481.96,56162.31,645761.87
Cataract Surgery,38,1,2,twin,1,6820.96,39857.13,3974.05,13219.86,5174.66,69389.96
Total Hip Replacement,18,2,1,suite,4,54977.96,217725.53,31590.17,156146.5,30780.48,495044.53
Hysterectomy,42,3,3,single,4,17823.23,40598.64,10113.19,15041.85,7243.54,87822.08
Cholecystectomy,81,2,1,single,6,54628.93,71313.63,32940.01,28492.73,12669.28,156178.64
Kidney Stone Lithotripsy,37,1,2,twin,2,15179.85,53481.4,9488.18,12817.37,7821.74,112736.53
Typhoid Inpatient Care,48,1,1,single,6,56391.19,0.0,32950.92,19356.76,15815.06,107011.02
Total Knee Replacement,77,2,2,general,7,45607.42,112155.22,44274.33,125424.08,27672.82,351020.75
Total Hip Replacement,61,1,2,single,6,83084.24,223045.31,54511.79,112292.65,33533.28,609440.91
Typhoid Inpatient Care,18,1,2,general,4,22095.93,0.0,19464.77,16771.03,10088.23,68077.78
Cholecystectomy,28,2,2,twin,4,25303.26,47376.0,16600.13,15479.28,10187.71,124224.77
Dengue Inpatient Care,41,2,1,general,5,25617.09,0.0,24401.14,15289.48,12329.29,72322.09
Hernia Repair,73,1,1,twin,5,43751.72,67304.09,32557.79,22901.94,13892.77,167329.16
Normal Delivery,54,3,3,suite,3,12961.54,17161.37,7712.21,6154.05,3314.59,49826.9
Total Knee Replacement,78,2,1,general,8,63857.16,160018.78,70273.68,145655.11,36220.05,507932.61
Normal Delivery,34,3,2,twin,3,12912.03,19583.04,8942.76,9684.76,4844.6,60595.22
Hernia Repair,54,3,2,twin,4,16515.85,29057.81,9442.24,15321.73,5655.92,74586.65
Coronary Artery Bypass Graft (CABG),30,1,2,twin,14,215301.56,295310.29,166245.76,91169.4,77222.93,810014.86
Coronary Angioplasty,52,2,2,general,5,38375.3,95055.56,31472.31,85546.46,17367.76,258609.89
Caesarean Section,74,2,2,suite,7,68420.28,69618.33,37403.06,20678.23,13114.32,217472.14
Coronary Artery Bypass Graft (CABG),59,2,3,single,11,110469.13,170038.18,69263.3,68924.58,36369.52,478454.87
Kidney Stone Lithotripsy,49,2,2,suite,2,16269.54,53727.69,7392.24,13323.08,5083.94,103322.45
Kidney Stone Lithotripsy,29,3,2,general,2,7682.23,28853.99,5387.12,11985.9,4116.47,62082.6
Total Hip Replacement,62,3,2,general,6,33655.03,98441.62,29181.79,122876.66,19450.06,325205.77
Total Hip Replacement,19,1,1,twin,5,75481.05,266020.48,53674.82,135636.44,41483.63,614915.26
Hysterectomy,30,3,2,single,3,18296.06,54101.03,10616.5,22300.35,8873.52,109373.73
Normal Delivery,46,1,1,single,3,29927.65,44899.76,19738.81,11626.52,9012.54,122994.64
Appendectomy,52,3,1,single,3,20841.09,56342.46,10575.84,20753.9,8156.53,117461.29
Cholecystectomy,47,1,1,general,4,34737.58,73467.17,23926.98,22358.63,16616.1,174150.62
Coronary Angioplasty,74,1,1,twin,5,77688.89,169191.53,65078.41,105654.28,33131.8,498612.72
Coronary Artery Bypass Graft (CABG),52,3,1,twin,6,65091.52,216909.61,47833.46,110820.98,39282.67,443034.01
Total Knee Replacement,34,1,2,general,5,47442.29,179670.81,37483.6,111549.76,33639.99,426707.6
Dengue Inpatient Care,41,1,1,twin,3,27249.57,0.0,20338.87,16340.61,15544.82,69789.43
Dengue Inpatient Care,47,3,1,single,4,23517.28,0.0,16430.12,16152.01,9649.79,62395.51
Normal Delivery,22,1,3,general,3,15958.73,24453.05,13884.19,6469.41,6793.24,72626.22
Tonsillectomy,39,2,2,general,1,4205.33,30375.37,3019.88,7929.27,4336.84,45526.56
Cataract Surgery,18,1,1,single,2,19900.28,48574.3,10875.83,15342.21,7484.08,104790.98
Dengue Inpatient Care,62,1,2,general,5,29322.74,0.0,24633.85,12008.94,13606.26,82635.13
Tonsillectomy,74,2,2,suite,3,20816.68,38901.27,10684.07,8160.23,4681.44,90003.59
Kidney Stone Lithotripsy,52,2,3,single,3,15865.64,33931.14,6968.83,8951.94,4728.58,69999.67
Hysterectomy,43,2,2,general,4,21557.43,55829.04,16399.31,22879.7,10912.31,130219.58
Hysterectomy,43,1,2,general,4,29919.55,80731.68,24925.91,23972.07,15880.68,180618.03
Appendectomy,80,1,2,general,4,28155.43,61115.64,20956.77,19251.37,10526.88,121338.61
Coronary Artery Bypass Graft (CABG),50,2,2,single,8,105314.79,218017.52,65010.71,90253.74,44474.37,503553.06
Kidney Stone Lithotripsy,74,3,1,single,4,25114.5,43571.59,15019.54,17767.47,6079.22,87209.69
Dengue Inpatient Care,35,3,1,general,1,4192.04,0.0,3996.58,15826.14,6752.49,24465.58
Appendectomy,80,1,2,single,4,36662.21,70651.76,24044.58,18657.08,11539.18,180340.04
Caesarean Section,65,1,2,general,4,30871.11,66746.7,27288.37,20417.18,15049.25,164174.67
Total Hip Replacement,54,2,2,general,6,44191.51,127901.93,38606.05,122292.99,26373.42,386362.3
Typhoid Inpatient Care,49,1,2,general,5,27293.56,0.0,23129.52,14200.25,11638.8,72944.78
Coronary Artery Bypass Graft (CABG),26,1,2,general,8,110615.34,283628.26,93239.85,90755.76,64037.63,665206.87
Total Knee Replacement,23,1,3,general,3,23174.42,142744.63,18920.76,79043.13,24617.72,258922.8
Coronary Angioplasty,57,2,3,suite,3,30346.91,98166.46,16184.53,67305.79,13740.73,229901.12
Cataract Surgery,68,1,2,general,2,10989.31,31060.29,8580.66,14899.87,5973.48,84029.35
Kidney Stone Lithotripsy,63,2,2,single,2,13900.54,48790.97,7495.02,13289.84,5190.45,101162.66
Appendectomy,24,1,3,twin,4,22925.98,45265.71,13612.34,12232.72,8780.02,108255.25
Total Knee Replacement,49,2,1,general,5,41540.47,152786.24,35467.9,138492.88,27681.44,444225.46
Cataract Surgery,39,2,2,twin,1,4399.41,26532.44,2630.34,13287.41,3864.21,53135.06
Hysterectomy,47,3,2,single,6,35464.87,52804.16,21016.38,23882.38,10627.53,136040.51
Cholecystectomy,20,1,2,single,4,41118.07,77302.96,22631.7,15905.7,11813.55,170433.54
Kidney Stone Lithotripsy,53,2,3,single,2,9930.67,35262.1,4965.1,9422.75,4062.26,57679.96
Typhoid Inpatient Care,51,1,2,twin,3,20364.96,0.0,14477.66,17214.16,10439.73,60092.17
Tonsillectomy,52,2,3,single,2,9010.91,23704.92,4895.17,6239.49,3518.7,54368.72
Cataract Surgery,30,3,1,single,1,5343.05,26610.27,2797.42,15447.74,3493.61,53822.11
Typhoid Inpatient Care,57,1,1,general,4,26350.82,0.0,22456.85,19648.04,13809.63,76316.01
Normal Delivery,28,1,1,general,4,29529.25,35130.64,27540.41,9581.63,11650.29,96685.78
Tonsillectomy,30,2,1,twin,2,11197.64,34271.63,7264.35,8700.74,5091.58,70140.98
Caesarean Section,20,2,3,single,4,23343.04,42918.19,13592.76,14580.62,8224.71,102120.86
Kidney Stone Lithotripsy,22,1,2,general,2,14523.28,60547.11,9682.06,11791.97,7271.67,109873.72
Typhoid Inpatient Care,75,3,3,single,7,22704.86,0.0,18376.09,14608.61,6699.07,60889.43
Hernia Repair,32,1,2,general,3,19690.39,51228.93,12552.79,13677.29,8337.32,92916.0
Kidney Stone Lithotripsy,53,1,2,twin,3,24604.52,56323.79,12896.57,11697.84,7401.77,103981.47
Total Knee Replacement,80,1,1,general,6,65942.1,224599.86,73687.29,143968.6,44602.75,570178.49
Kidney Stone Lithotripsy,55,2,1,twin,2,14868.23,54710.84,8976.6,15278.56,6996.9,101515.88
Caesarean Section,49,2,3,single,5,27250.48,41144.15,16460.22,16568.29,9037.9,120930.03
Total Hip Replacement,54,1,2,single,6,77528.35,236791.15,49647.82,111261.28,35204.78,541057.56
Coronary Artery Bypass Graft (CABG),33,1,1,single,7,154818.49,408094.17,100518.9,110155.21,64571.78,874161.62
Hysterectomy,37,3,2,twin,2,10352.34,53756.18,7284.81,21370.44,7592.73,100585.06
Hernia Repair,54,2,2,twin,3,15994.57,34979.6,10378.46,15210.25,6738.17,94376.29
Cholecystectomy,26,2,2,single,3,20736.53,52432.04,12045.03,15998.27,9541.53,106935.12
Cataract Surgery,35,1,2,twin,1,6067.74,33932.94,3636.09,12353.68,5365.34,57876.73
Cataract Surgery,38,2,1,general,1,4435.05,29939.27,3581.26,16275.82,4262.75,53946.31
Total Knee Replacement,44,2,2,general,3,19746.91,123083.97,17262.47,108015.91,22816.43,268312.31
Cholecystectomy,37,3,2,general,4,18429.21,36876.0,13399.26,17070.86,8255.0,101735.94
Hernia Repair,76,2,1,general,4,23567.63,41066.94,20115.14,21446.69,9117.85,118752.48
Typhoid Inpatient Care,47,3,1,suite,3,18143.58,0.0,9309.99,17818.24,7134.27,48791.75
Typhoid Inpatient Care,59,1,2,twin,5,29916.65,0.0,20412.89,16010.41,11930.31,91518.41
Appendectomy,44,3,2,twin,4,16541.48,34036.2,9575.86,17016.86,5859.83,71462.51
Cataract Surgery,47,1,2,twin,1,6420.88,36095.89,3859.98,12087.0,5070.48,58594.33
Typhoid Inpatient Care,76,2,1,twin,6,32223.3,0.0,30086.29,20511.66,10838.96,77397.58
Cholecystectomy,70,3,1,single,5,38309.34,52482.81,20866.81,25602.53,9721.95,156685.44
Hysterectomy,27,2,1,general,4,27162.31,77768.8,23994.77,28867.77,14113.43,161017.99
Total Knee Replacement,64,1,2,general,6,55108.45,181497.3,52282.63,111655.18,33070.51,425251.13
Tonsillectomy,50,1,2,general,2,10912.96,35965.4,7981.79,7465.11,6030.54,72925.56
Dengue Inpatient Care,57,3,2,single,4,19389.65,0.0,12489.47,13122.79,7446.9,53255.19
Typhoid Inpatient Care,40,2,1,general,6,28161.37,0.0,24853.43,17405.09,9739.57,79185.3
Coronary Artery Bypass Graft (CABG),57,1,2,single,12,228011.14,334635.9,153233.13,88517.32,78295.38,835552.3
Tonsillectomy,47,1,1,twin,3,26167.66,55582.45,16781.29,9793.0,8736.82,112064.62
Tonsillectomy,48,2,3,twin,2,7483.23,24459.85,4847.65,6148.23,2997.91,43387.57
Total Hip Replacement,74,3,1,single,5,46549.05,147203.35,34859.1,148648.74,22983.32,286355.85
Tonsillectomy,41,3,2,general,2,7028.48,23935.13,4660.98,7647.39,3530.67,45508.77
Typhoid Inpatient Care,20,2,1,twin,7,33848.46,0.0,28160.54,17115.96,10389.67,88770.15
Total Knee Replacement,74,1,3,general,7,50629.3,122627.49,46577.78,92147.09,29754.88,391281.82
Hysterectomy,30,2,1,general,4,26257.75,64844.57,19832.21,29077.02,12165.57,150054.16
Typhoid Inpatient Care,22,2,2,general,5,20573.14,0.0,16574.32,17121.25,9100.23,66259.01
Dengue Inpatient Care,72,1,2,twin,4,30695.87,0.0,25940.39,15504.86,13455.81,96958.27
Hysterectomy,70,1,2,general,6,46879.58,75024.23,39529.75,23615.21,17946.61,185626.15
Coronary Artery Bypass Graft (CABG),57,2,1,twin,9,122029.16,233592.68,79942.63,114650.64,47843.95,543457.34
Dengue Inpatient Care,73,2,2,general,5,21351.45,0.0,20519.39,13998.99,9223.35,80356.17
Cataract Surgery,22,2,1,twin,1,4902.12,30601.82,2996.27,15388.51,4252.25,51782.65
Tonsillectomy,42,2,2,suite,2,13572.14,36942.03,6671.54,7429.78,4695.64,70831.62
Caesarean Section,56,2,1,suite,3,33483.37,83389.68,15836.59,25098.21,12661.64,163887.91
Hysterectomy,52,1,2,suite,5,62878.31,108821.05,31500.78,24385.26,16557.28,248310.36
Coronary Angioplasty,74,2,2,suite,4,52064.98,127907.8,32215.01,102743.63,19198.39,311900.72
Kidney Stone Lithotripsy,48,2,1,twin,2,13073.87,48618.99,8106.52,14413.81,6614.37,101835.8
Normal Delivery,28,2,3,single,2,10093.1,20512.97,6651.79,7124.95,4038.37,40960.39
Cataract Surgery,71,2,2,general,2,7241.55,24679.48,6197.01,14841.69,3780.24,59389.92
Cataract Surgery,53,2,2,suite,2,13679.38,34440.06,5476.45,14023.89,4585.45,70260.06
Kidney Stone Lithotripsy,28,2,2,twin,2,10203.75,36997.71,5699.98,10845.58,4889.54,70035.31
Typhoid Inpatient Care,53,1,2,single,5,35575.69,0.0,21574.77,14787.97,10960.87,80699.69
Appendectomy,71,1,1,twin,5,52962.13,73596.25,32568.85,23771.18,14127.98,197779.84
Caesarean Section,77,3,1,suite,5,48850.5,72647.5,29193.14,28719.49,12590.6,236978.78
Coronary Angioplasty,21,2,2,twin,7,61303.7,96593.41,42368.65,82357.92,22784.17,331274.56
Hysterectomy,30,2,1,suite,6,69479.33,100255.84,32482.51,28451.02,15993.11,259278.32
Cataract Surgery,45,2,3,general,1,3086.37,21279.14,2271.39,11148.35,2738.43,40742.64
Coronary Angioplasty,28,2,1,single,4,47104.44,122369.0,31372.47,90683.27,19042.44,337992.04
Hernia Repair,76,3,1,single,5,32910.35,40660.28,18666.74,20918.62,7149.07,107962.08
Tonsillectomy,73,2,1,twin,4,22967.63,38242.8,18637.77,10452.83,6011.04,95627.16
Total Knee Replacement,39,1,2,general,5,47898.34,184914.5,41413.14,114621.61,36192.83,367014.27
Cataract Surgery,60,1,2,general,2,11328.75,36895.62,8323.91,14582.02,5674.26,88696.03
Total Hip Replacement,19,1,1,twin,4,55135.57,261375.11,40043.91,146917.55,41668.97,566363.21
Dengue Inpatient Care,48,1,2,twin,3,22088.06,0.0,14742.55,13468.08,12773.85,59227.75
Hernia Repair,71,1,3,twin,5,29265.88,41657.11,19866.89,12309.57,8606.98,109433.64
Coronary Angioplasty,50,1,1,twin,4,60598.32,168797.64,42642.84,98157.68,29586.16,417515.28
Caesarean Section,78,3,2,single,5,30647.38,43128.49,21623.99,25281.67,9955.53,112448.33
Hernia Repair,30,2,3,twin,2,8166.87,28465.34,5423.73,12024.37,4467.1,57292.55
Hernia Repair,53,2,1,general,3,17490.59,45396.78,12203.27,17716.39,8254.77,101010.78
Total Knee Replacement,80,1,3,twin,9,73767.25,141694.56,62817.8,85419.66,29682.94,383223.6
Hysterectomy,52,2,2,twin,4,26947.37,69903.83,18263.81,24431.77,12350.76,137559.97
Hysterectomy,58,1,2,twin,4,32430.75,76330.13,24047.77,19612.97,14722.75,171430.04
Total Knee Replacement,49,1,2,general,5,50394.52,183211.13,37862.87,107966.58,36630.98,447747.31
Cholecystectomy,43,2,2,suite,1,8686.21,62132.86,4156.25,16300.67,8103.17,102465.6
Typhoid Inpatient Care,61,2,2,twin,7,31813.46,0.0,23381.04,15947.51,10246.73,76821.6
Tonsillectomy,36,3,2,general,2,6226.45,21958.89,4882.09,8463.47,3224.27,47807.5
Caesarean Section,62,2,2,single,3,22547.05,62758.79,13527.29,19297.83,11376.51,118048.66
Dengue Inpatient Care,38,1,2,single,3,24335.21,0.0,15974.42,13858.88,12428.71,58489.23
Typhoid Inpatient Care,70,2,2,twin,6,25963.73,0.0,20816.0,17785.35,9646.59,70772.0
Coronary Artery Bypass Graft (CABG),59,1,2,general,8,108237.42,256431.06,88067.8,85260.68,66688.39,600867.29
Hernia Repair,62,1,3,single,2,13359.86,45853.47,7207.27,12406.15,6131.58,80706.65
Hysterectomy,45,1,2,general,5,38005.71,87383.03,32058.71,22196.48,16366.32,208193.02
Cholecystectomy,70,1,2,general,4,29837.19,68496.57,24995.91,18956.94,12828.53,172813.38
Normal Delivery,19,2,3,twin,3,10998.15,17608.67,8074.85,6679.9,4296.61,44742.6
Kidney Stone Lithotripsy,19,1,2,general,2,13712.5,54368.29,8610.24,11235.18,7128.13,105778.49
Tonsillectomy,80,2,1,twin,4,22542.6,37173.28,16840.23,12135.16,6206.56,102741.99
Normal Delivery,68,2,2,general,4,16677.4,20434.35,16570.44,9892.48,5514.13,63990.84
Coronary Angioplasty,55,1,3,twin,5,48017.79,115943.7,39449.27,64029.8,22259.92,297065.57
Hernia Repair,61,2,2,twin,4,21051.63,40160.37,12663.7,17048.76,6725.78,105716.62
Kidney Stone Lithotripsy,38,1,2,twin,2,16897.6,62304.32,9813.47,13504.96,8050.08,99209.37
Tonsillectomy,68,1,1,twin,5,38983.29,50330.25,28337.62,9057.51,8088.88,144620.97
Cholecystectomy,26,1,1,twin,3,30561.18,86539.44,20175.71,22729.15,15447.21,193157.77
Tonsillectomy,43,1,3,twin,2,9601.48,29423.89,5874.16,5462.52,3930.31,62528.55
Cholecystectomy,77,3,2,general,3,12736.21,36917.52,11468.51,21371.33,7331.58,77183.86
Cholecystectomy,28,1,2,general,2,15647.31,65613.79,10509.74,17655.73,10684.8,126485.76
Hysterectomy,25,1,2,general,5,42418.17,82632.2,32647.55,21681.01,19222.91,185648.78
Cholecystectomy,81,1,2,general,5,37978.95,60149.2,34807.91,20844.21,12991.25,186445.76
Kidney Stone Lithotripsy,62,2,3,twin,3,13622.9,34218.69,7390.06,9722.44,4359.4,65897.93
Normal Delivery,74,3,1,twin,5,23574.75,21003.15,20334.13,11194.04,6235.74,72180.69
Kidney Stone Lithotripsy,26,1,1,general,2,17547.01,67402.88,10709.83,14326.95,9590.73,114775.75
Caesarean Section,20,2,2,twin,2,11699.99,49407.03,8436.83,17500.37,8233.76,91885.01
Hysterectomy,60,1,1,single,5,63829.29,124893.59,37157.01,26757.59,24155.74,295352.69
Caesarean Section,59,2,2,twin,4,24317.58,54707.83,19054.21,21618.49,11028.64,119770.36
Cataract Surgery,55,2,2,twin,1,4327.41,25798.58,2624.0,13900.99,3291.74,43231.87
Kidney Stone Lithotripsy,31,2,2,twin,1,5518.1,41202.48,3159.78,13306.84,4663.13,70333.98
Typhoid Inpatient Care,69,1,2,twin,6,36092.37,0.0,32623.84,17572.29,12531.17,104527.79
Hernia Repair,54,2,2,twin,2,10369.1,38208.84,6687.46,17042.59,6067.45,80469.85
Typhoid Inpatient Care,63,2,1,single,5,29917.73,0.0,19120.02,19607.03,10257.83,72399.12
Cataract Surgery,44,2,2,single,1,5632.78,27306.01,2650.0,12198.69,3971.81,50475.99
Total Knee Replacement,66,2,3,suite,6,49318.17,125140.38,27830.5,96215.12,20803.1,294973.95
Coronary Angioplasty,41,1,3,single,4,42722.21,115821.22,26632.8,55896.86,20599.84,282525.22
Appendectomy,44,2,1,single,3,26085.51,59226.9,12862.99,19361.96,9283.55,144160.42
Total Knee Replacement,45,3,1,twin,4,32795.54,145010.55,23953.51,144975.99,21596.06,379199.63
Tonsillectomy,47,2,1,general,1,4825.3,32178.27,3938.69,9479.3,4444.6,53336.01
Kidney Stone Lithotripsy,64,2,2,suite,1,7859.85,48697.18,3220.34,13314.9,4427.04,72582.96
Normal Delivery,51,3,2,suite,3,16642.5,22404.78,9136.41,9124.18,4408.58,57062.66
Total Hip Replacement,27,2,1,general,4,34410.01,173204.53,29118.74,135066.02,26591.34,396286.44
Typhoid Inpatient Care,42,1,1,twin,4,31204.2,0.0,23710.65,18330.31,14443.87,94895.2
Total Hip Replacement,33,2,2,twin,6,46485.04,136912.14,38325.74,111086.83,26313.9,333723.15
Normal Delivery,35,3,2,single,2,9708.61,21109.59,6569.29,9670.08,4204.96,54459.09
Appendectomy,26,1,2,single,3,28152.02,68711.49,13577.42,18088.32,10613.82,134152.7
Cholecystectomy,66,2,2,twin,4,24611.63,48533.09,16731.93,18694.75,9934.63,129597.34
Caesarean Section,65,2,1,single,4,36815.93,71197.77,21188.88,24804.3,12839.69,160285.08
Typhoid Inpatient Care,24,2,1,general,5,23573.84,0.0,21485.85,20469.79,10352.84,73743.62
Appendectomy,26,3,2,general,2,8155.54,33064.92,5274.76,16869.91,5542.37,73043.46
Hysterectomy,34,1,2,twin,6,52486.97,90736.61,39089.76,21043.17,16942.31,195141.54
Hernia Repair,25,3,3,twin,3,10565.86,26852.62,6733.46,13199.63,4157.98,57578.91
Cataract Surgery,66,2,1,single,3,21076.76,36477.86,11242.21,19191.44,5996.79,100607.38
Cataract Surgery,61,2,2,general,2,6945.07,22505.11,5054.66,11811.91,3461.16,46096.75
Total Hip Replacement,38,1,2,twin,7,78317.84,210550.35,58614.01,119109.63,39177.75,535697.79
Kidney Stone Lithotripsy,33,3,3,suite,2,10137.09,31699.77,3788.72,9105.7,3220.71,53012.83
Dengue Inpatient Care,53,2,3,general,7,24028.39,0.0,20026.0,11134.39,9264.48,74832.52
Tonsillectomy,34,2,2,suite,1,7233.97,35135.38,3254.85,8454.74,3887.72,59101.47
Total Hip Replacement,58,3,3,general,6,27818.12,92578.57,23116.27,88441.11,17310.21,270060.21
Cataract Surgery,20,2,3,single,2,9141.11,25706.4,4776.34,10035.65,3033.48,50518.92
Kidney Stone Lithotripsy,79,2,2,single,4,28451.88,46739.87,16224.17,14530.34,6815.29,109717.21
Dengue Inpatient Care,29,2,2,suite,4,30502.11,0.0,15290.72,12307.89,10040.27,70533.17
Hernia Repair,61,1,2,twin,3,21923.48,54765.83,14862.04,15111.58,8764.59,117664.26
Cholecystectomy,80,3,2,single,5,27055.4,40718.64,16728.4,19741.43,7967.39,132356.95
Hysterectomy,46,1,2,twin,2,18046.32,88610.44,12211.97,20258.36,14074.3,144372.9
Total Knee Replacement,42,2,3,twin,7,42836.24,112210.96,31720.61,80202.33,21199.32,221047.88
Dengue Inpatient Care,76,2,1,twin,5,30794.48,0.0,26400.95,19290.6,10874.63,86010.44
Total Knee Replacement,20,2,3,twin,5,25922.48,89697.91,19574.91,71959.9,16338.16,235599.35
Coronary Artery Bypass Graft (CABG),65,1,1,suite,11,335232.7,447759.7,186478.96,128509.27,84701.14,1089535.18
Cataract Surgery,78,2,1,general,3,15095.47,32312.99,13869.44,18997.09,5895.32,98624.33
Typhoid Inpatient Care,54,2,2,general,6,24674.52,0.0,20175.89,15728.89,9271.52,53918.31
Total Hip Replacement,56,2,3,general,5,28001.22,114286.45,24867.1,98850.19,18589.91,262045.25
Typhoid Inpatient Care,81,2,2,twin,6,28775.33,0.0,25540.14,20053.84,9810.29,96746.35
Hernia Repair,50,2,3,single,3,14701.56,30814.45,7433.96,12920.44,5380.74,79631.23
Hernia Repair,82,3,2,suite,4,21990.75,34068.43,12674.66,16857.68,4993.47,95459.3
Coronary Angioplasty,32,1,1,general,6,85925.68,170182.64,67945.8,99245.03,34722.13,525654.58
Tonsillectomy,61,2,1,twin,2,12002.16,36930.35,7526.36,10228.01,5602.16,75139.91
Cataract Surgery,60,1,3,twin,1,4560.27,27789.11,2632.28,10297.86,3552.56,42530.28
Total Knee Replacement,76,2,3,general,7,38924.89,102623.02,37725.5,99101.63,19598.05,313837.24
Tonsillectomy,79,2,1,general,3,15117.45,32039.45,14234.9,11949.66,5587.36,99201.92
Coronary Artery Bypass Graft (CABG),59,1,2,twin,6,100388.41,286057.86,72469.69,90090.8,55553.84,539442.93
Hysterectomy,44,3,2,twin,2,9833.38,50119.31,6897.7,22191.91,7724.24,88292.37
Coronary Artery Bypass Graft (CABG),22,2,3,twin,9,73531.97,156006.2,53564.68,67265.05,31430.22,349301.71
Cataract Surgery,69,2,2,general,4,14901.25,22839.82,12599.74,13684.07,4535.26,76126.22
Appendectomy,58,1,1,suite,3,40716.96,101458.25,17721.97,21016.11,12464.17,186485.83
Hysterectomy,26,1,3,twin,4,25528.96,65809.84,16917.2,15446.67,10682.92,131528.15
Coronary Artery Bypass Graft (CABG),53,1,1,suite,5,134686.41,426147.79,70775.19,112470.82,54549.72,835049.08
Coronary Artery Bypass Graft (CABG),61,2,2,twin,9,105016.84,215526.12,72147.38,102078.53,45711.27,545451.24
Cholecystectomy,71,2,2,suite,5,43061.85,61727.76,22167.35,17732.17,10090.71,147298.28
Caesarean Section,42,3,3,single,2,9748.94,37729.61,5841.81,15894.23,5470.5,72254.66
Hysterectomy,27,1,1,general,4,40549.78,109562.24,35325.61,28712.09,22500.03,200195.05
Hysterectomy,65,3,2,twin,4,20632.43,55754.59,16151.68,23144.24,9725.54,123744.35
Normal Delivery,39,1,2,twin,2,14903.6,35665.03,10630.84,9410.37,7462.98,67528.62
Coronary Artery Bypass Graft (CABG),36,1,1,twin,9,177496.71,390014.44,118603.81,99942.68,80208.25,879402.63
Kidney Stone Lithotripsy,40,1,1,general,2,16545.74,58882.06,10071.41,14861.86,9348.14,117752.03
Cholecystectomy,20,3,1,single,2,13888.02,52850.12,8059.57,19294.22,7436.17,97658.03
Kidney Stone Lithotripsy,44,2,3,general,1,3599.69,28753.25,2325.27,9542.41,3338.19,46311.44
Normal Delivery,65,2,3,single,3,12070.37,19642.55,8121.11,7160.22,4066.75,48670.73
Coronary Angioplasty,57,1,2,twin,3,37543.61,144275.24,26958.8,76375.67,21874.52,270261.33
Caesarean Section,79,1,1,general,5,45183.17,89554.85,42140.46,28688.65,21000.63,187741.5
Total Knee Replacement,44,2,3,suite,6,47118.61,120584.66,22397.87,75932.38,16092.43,289733.59
Coronary Angioplasty,75,3,2,suite,4,42907.43,105892.53,26945.77,107713.28,16962.69,299528.33
Dengue Inpatient Care,47,1,2,twin,5,35627.02,0.0,27862.5,12801.01,12843.8,96791.62
Normal Delivery,69,1,1,twin,5,45351.35,39544.09,36571.69,11921.54,12461.83,132441.25
Hysterectomy,64,1,2,general,6,47672.52,88106.95,38374.36,23623.26,20314.86,203686.66
Cataract Surgery,58,3,3,general,1,2506.02,15287.5,1614.9,9239.98,2099.22,34002.84
Total Knee Replacement,21,3,2,twin,8,49419.87,101146.21,35416.62,112870.16,24162.29,330728.13
Tonsillectomy,72,1,2,twin,4,26077.57,39938.84,19368.26,7719.51,6721.88,106827.66
Total Knee Replacement,26,2,2,twin,5,36359.41,132764.13,28545.62,102164.58,22988.06,327920.61
Typhoid Inpatient Care,55,3,3,suite,7,27942.8,0.0,14130.88,12722.0,5448.53,59640.0
Caesarean Section,52,3,2,general,5,23326.17,37964.95,17564.51,18422.5,8873.39,99223.99
Appendectomy,30,2,1,suite,4,39128.59,72633.36,16649.68,22072.5,8599.06,144907.68
Coronary Angioplasty,41,2,1,single,4,48713.56,125438.2,32613.26,98199.72,22123.54,314578.16
Normal Delivery,65,3,2,twin,1,3880.47,17545.96,2890.47,8486.81,3871.19,38818.21
Typhoid Inpatient Care,29,1,1,single,6,55583.3,0.0,36071.97,20516.99,16203.61,126979.71
Hernia Repair,69,2,1,general,3,17152.02,41607.75,12674.43,21363.58,8172.46,94446.69
Total Knee Replacement,35,1,2,suite,6,87419.18,209730.44,44355.89,92314.28,31387.82,479174.09
Normal Delivery,18,2,1,general,4,22485.62,28593.7,18633.66,12277.22,7422.94,93431.1
Kidney Stone Lithotripsy,80,2,2,general,4,20495.27,39252.59,16900.38,15444.81,7076.17,81397.65
Typhoid Inpatient Care,31,3,1,twin,4,16709.43,0.0,12829.3,17727.52,7730.65,52001.89
Hernia Repair,60,2,3,general,2,7446.02,29085.04,5412.51,11500.58,5080.04,62891.56
Normal Delivery,40,2,1,single,2,14566.42,31261.62,9626.6,11741.81,6216.75,66599.83
Hysterectomy,35,2,1,suite,5,59163.05,98984.48,28251.51,29758.03,14410.32,204889.64
Appendectomy,45,1,3,single,3,21589.17,50343.39,10504.04,11922.1,7338.48,98037.17
Total Hip Replacement,21,3,3,suite,6,43956.09,110037.23,20581.79,84417.85,16010.72,264566.07
Cataract Surgery,56,2,1,general,1,5073.55,30740.53,3455.08,15960.78,4741.89,53508.3
Coronary Artery Bypass Graft (CABG),61,1,1,twin,8,151213.13,358843.7,105542.3,109998.18,70691.05,820925.22
Cataract Surgery,75,2,2,twin,2,8965.36,25083.98,6859.79,13923.64,4019.29,54819.06
Normal Delivery,47,2,1,twin,3,18843.64,26682.86,13728.4,10268.56,7049.41,69980.09
Hysterectomy,77,1,2,single,7,70776.07,99070.53,49061.4,25404.88,18515.56,312238.34
Tonsillectomy,73,1,3,twin,4,19136.67,28801.84,15681.88,6767.8,4944.55,83274.09
Total Hip Replacement,55,2,1,single,4,46168.41,187591.2,26809.41,142602.03,28333.38,450886.64
Total Knee Replacement,30,2,2,single,7,61041.71,137434.37,37526.0,114807.34,27912.35,432477.22
Cholecystectomy,46,1,3,general,3,16814.62,51831.25,12708.65,14925.62,8481.83,116477.87
Hysterectomy,50,2,3,twin,5,24557.11,48124.48,19198.96,18922.83,10901.91,116937.71
Appendectomy,39,2,1,twin,4,29087.67,58470.1,17735.06,21664.11,9249.56,112510.77
Hysterectomy,80,1,1,general,5,47757.07,88961.36,42405.3,29972.73,22530.85,212691.9
Appendectomy,38,2,1,general,3,17702.78,51305.98,11620.91,20095.11,8138.33,99588.38
Typhoid Inpatient Care,33,2,2,twin,3,13306.14,0.0,10637.31,15862.83,7708.24,41700.99
Cataract Surgery,25,1,2,general,2,10794.15,35854.93,8055.88,14144.08,5651.56,62729.97
Typhoid Inpatient Care,48,1,2,twin,6,34581.68,0.0,25835.78,16447.45,11990.82,78948.46
Normal Delivery,82,2,2,general,4,18602.39,21746.91,19399.31,11790.28,6242.72,83245.11
Dengue Inpatient Care,44,1,2,general,4,22533.31,0.0,19080.26,12627.15,13417.11,74853.55
Coronary Angioplasty,23,1,3,suite,5,69343.23,124492.93,33764.42,69263.44,20315.63,342853.46
Hysterectomy,47,2,2,general,5,29278.77,61497.78,21944.61,23411.43,11528.61,153635.21
Coronary Artery Bypass Graft (CABG),65,1,1,single,13,276035.81,379194.96,176590.05,111299.86,92685.85,1028210.76
Appendectomy,71,3,3,twin,5,15560.79,26824.07,11446.54,12642.66,5071.5,89268.98
Total Hip Replacement,39,1,3,twin,4,34153.5,162238.81,22945.35,85006.07,25428.13,298009.81
Total Knee Replacement,67,1,1,general,8,88574.89,224084.3,82715.11,146804.06,47525.48,608996.09
Kidney Stone Lithotripsy,47,1,3,single,2,13523.96,42258.96,6848.43,8893.82,5037.33,69549.94
Coronary Artery Bypass Graft (CABG),41,3,2,single,6,63365.11,173806.51,36885.07,88675.26,31861.66,353654.49
Normal Delivery,78,2,2,twin,4,21590.66,26353.66,19051.94,11261.98,6706.46,79324.5
Typhoid Inpatient Care,20,2,2,general,4,14381.01,0.0,12549.85,16008.85,7985.41,55218.28
Coronary Artery Bypass Graft (CABG),71,1,2,single,11,196561.76,331979.11,127649.98,103126.92,71319.86,784615.22
Appendectomy,30,3,1,general,4,20267.98,39090.56,13075.83,20903.22,7373.15,97898.17
Tonsillectomy,62,3,2,twin,2,7651.51,21538.65,5373.43,8607.71,3031.57,50471.55
Appendectomy,48,3,3,single,3,11954.01,31689.6,6058.8,13575.4,4265.37,76808.48
Coronary Artery Bypass Graft (CABG),32,1,2,twin,6,94730.28,324885.58,71173.18,87912.19,54048.39,639011.09
Total Knee Replacement,32,3,3,general,5,20347.9,77034.41,17842.06,73902.1,12581.71,221262.35
Dengue Inpatient Care,53,2,3,general,4,12966.15,0.0,11350.64,10023.27,7572.65,42759.01
Coronary Artery Bypass Graft (CABG),69,1,2,twin,11,173402.43,278121.46,136588.69,102544.58,76857.24,649401.22
Cataract Surgery,65,1,2,twin,2,12550.3,35167.93,8375.73,14413.91,5446.84,90210.8
Hysterectomy,72,2,3,twin,6,29687.65,52192.8,23610.08,19989.85,9999.15,133084.87
Cataract Surgery,30,3,3,single,1,3208.78,19457.48,1880.49,11010.42,2218.07,34329.89
Dengue Inpatient Care,34,2,2,general,4,17102.24,0.0,14861.77,12687.54,9747.9,65916.74
Appendectomy,69,1,2,single,5,42544.83,65407.71,24825.01,16133.04,10918.41,154323.66
Appendectomy,41,2,2,general,3,14406.93,39903.6,10251.99,17025.5,7492.89,84683.12
Typhoid Inpatient Care,31,1,3,general,4,15779.33,0.0,12987.42,10961.12,8338.85,41957.85
Appendectomy,53,1,1,suite,4,62711.1,106524.41,24376.87,20389.49,15666.7,218876.95
Total Hip Replacement,75,2,3,suite,8,81488.92,154447.29,51099.44,96702.45,24387.92,334931.7
Typhoid Inpatient Care,46,1,3,general,5,20389.02,0.0,17167.85,11020.98,9617.48,63617.29
Tonsillectomy,82,1,2,twin,3,19211.83,37635.54,15606.19,9167.73,5725.06,99905.07
Hysterectomy,63,2,2,general,5,26657.87,57136.52,23113.06,21420.22,12312.46,121084.6
Coronary Angioplasty,77,2,1,single,5,65065.11,137072.26,52298.87,129473.43,26167.37,438341.12
Caesarean Section,32,2,1,twin,4,27457.54,61643.02,19941.11,24115.34,12600.35,115686.84
Total Knee Replacement,79,1,2,twin,8,81664.06,166377.53,71417.08,131907.6,38858.22,414947.54
Coronary Angioplasty,53,2,2,twin,4,34088.14,97792.55,25328.31,75455.96,17023.79,246453.61
Hernia Repair,56,2,2,general,4,18938.56,36169.51,13861.74,14328.14,7333.11,93650.13
Cataract Surgery,78,3,2,single,2,8526.73,22474.59,5564.08,17079.68,3416.91,41436.29
Cholecystectomy,61,3,3,general,4,13344.85,28561.41,10996.91,14612.27,5822.1,61470.82
Tonsillectomy,24,1,2,single,2,15035.15,39714.6,8087.77,7714.63,5656.38,82349.13
Hysterectomy,25,1,2,twin,4,37074.15,87331.86,23012.02,23230.37,16365.05,190637.0
Dengue Inpatient Care,41,2,1,general,4,21835.37,0.0,19639.43,14711.28,11239.95,70046.46
Cataract Surgery,61,1,3,twin,2,9499.92,27630.44,6206.58,10476.33,4364.68,62857.34
Normal Delivery,44,2,2,single,3,17946.04,24257.09,12496.0,9085.75,5756.34,77085.93
Appendectomy,53,2,2,general,4,20268.19,41313.63,12674.38,15581.65,7032.99,103687.9
Dengue Inpatient Care,54,2,2,single,1,5955.84,0.0,3441.89,12018.98,6494.38,25136.2
Normal Delivery,76,1,1,general,4,31565.34,42539.62,36299.28,12887.11,10852.64,134899.91
Coronary Angioplasty,24,1,1,single,3,57317.62,199299.61,38474.83,101209.84,32617.31,450773.11
Total Hip Replacement,29,2,3,twin,6,39943.6,122114.17,26856.89,82700.15,19179.6,315812.8
Hernia Repair,53,3,2,single,3,16165.25,35232.13,8962.69,14624.85,5676.93,73993.46
Hysterectomy,30,1,2,single,4,39192.41,92650.81,24938.71,20317.01,16465.91,180904.26
Hysterectomy,60,3,1,single,2,14408.77,64831.23,8698.01,24541.05,10816.14,127904.77
Typhoid Inpatient Care,43,1,2,twin,8,47928.49,0.0,36300.9,16821.22,13013.21,123183.04
Coronary Angioplasty,73,1,1,twin,5,72673.66,170976.75,65785.39,120723.03,32398.47,456783.99
Cholecystectomy,26,2,1,general,3,18771.61,52820.03,13675.12,22459.74,10137.39,115441.48
Total Hip Replacement,82,1,1,general,6,80956.97,260680.56,90909.39,183676.2,48087.16,725617.89
Caesarean Section,35,2,3,twin,2,9312.64,37001.87,5899.31,16283.27,6451.73,82121.41
Caesarean Section,37,2,1,twin,4,30483.68,69246.53,21409.07,23325.02,12861.01,156667.67
Coronary Angioplasty,29,1,2,twin,3,38499.0,153070.44,28894.13,73873.91,23059.71,338250.13
Appendectomy,31,1,1,single,2,23813.8,85382.42,11997.22,21117.82,10630.01,119148.04
Cholecystectomy,67,2,1,twin,6,46561.76,64394.48,34071.21,24333.03,13749.65,160015.05
Hysterectomy,62,1,2,general,3,23813.77,85698.16,18442.57,21710.56,15330.17,181128.22
Cataract Surgery,67,1,1,single,3,25333.23,47230.31,16188.51,16303.46,7001.69,129459.53
Tonsillectomy,35,2,2,twin,2,10317.48,30495.45,5933.4,7032.79,4561.26,59002.08
Hysterectomy,42,2,2,twin,5,29057.78,59548.54,21222.46,20958.71,11422.81,145753.14
Normal Delivery,47,1,3,general,4,18694.97,23931.64,16458.45,7076.98,6966.25,86258.04
Total Knee Replacement,65,3,2,suite,6,54056.34,119473.5,27027.15,112840.03,19610.09,306652.44
Total Knee Replacement,71,1,2,twin,6,58801.53,180916.98,46921.3,104482.51,31187.44,521550.04
Kidney Stone Lithotripsy,31,1,2,single,3,26058.41,63733.61,12382.69,11337.07,7190.92,123364.57
Coronary Angioplasty,35,1,1,general,3,35864.58,153320.18,33225.96,103380.51,28735.87,368974.6
Dengue Inpatient Care,38,2,2,single,4,24790.53,0.0,17263.81,14030.73,8895.47,67253.18
Tonsillectomy,20,2,2,twin,2,9971.32,31207.19,6136.1,7530.87,4556.57,64342.59
Tonsillectomy,53,1,2,twin,1,6632.65,37265.56,4286.66,7595.66,5703.26,58165.73
Coronary Angioplasty,59,1,1,twin,2,32899.27,174053.16,24941.46,98788.57,30703.06,354175.59
Cholecystectomy,31,2,1,general,3,18895.33,54545.87,13921.09,22684.09,10675.78,117743.91
Normal Delivery,36,2,1,general,1,5610.14,29458.7,5177.67,10339.93,5785.6,55000.75
Hernia Repair,64,2,2,suite,2,15394.7,49209.09,7079.86,16629.45,6535.48,116539.43
Normal Delivery,33,1,2,twin,2,14121.23,31850.75,11260.43,8025.4,6582.52,81606.72
Tonsillectomy,41,2,2,twin,2,10128.71,29258.35,5844.5,7098.45,4173.69,55848.97
Hysterectomy,59,2,2,single,4,30605.02,73059.78,17628.06,22609.15,12086.16,141507.81
Caesarean Section,72,2,2,twin,5,28475.08,50432.72,23660.28,19507.86,10766.11,140200.64
Cholecystectomy,37,1,1,single,3,41122.86,107995.88,20289.91,22116.3,14505.32,206970.66
Cholecystectomy,81,2,2,single,6,39194.91,50648.03,27595.1,19164.81,10159.48,142378.77
Tonsillectomy,57,1,1,general,3,22374.24,46914.19,15170.81,9785.55,8374.87,91462.3
Total Hip Replacement,64,1,3,single,6,55388.0,160890.5,36776.21,86985.23,27241.88,386725.02
Total Hip Replacement,61,1,2,single,7,93087.79,210264.16,63562.71,121976.68,41246.25,593680.68
Coronary Angioplasty,35,2,2,twin,5,44769.95,103021.34,33725.09,74094.34,18767.84,299743.15
Typhoid Inpatient Care,21,1,2,twin,3,18286.55,0.0,14576.99,14778.16,10136.85,58890.04
Total Hip Replacement,82,2,1,single,7,88744.79,199681.88,70097.16,175925.0,34861.85,750103.38
Kidney Stone Lithotripsy,44,1,2,twin,2,16476.46,56610.86,9754.73,12326.76,7516.6,112777.15
Tonsillectomy,65,3,3,general,2,5272.85,16560.34,3850.37,5899.13,2691.29,27211.43
Hernia Repair,74,2,3,single,4,18962.03,34182.06,11634.87,12536.91,5601.66,75536.61
Total Hip Replacement,61,1,1,twin,5,71349.26,248859.24,53162.16,144551.06,39472.13,523970.95
Dengue Inpatient Care,74,2,2,general,5,21372.87,0.0,20292.04,14988.07,9746.44,56572.26
Kidney Stone Lithotripsy,80,2,3,single,4,19929.64,37074.33,13009.41,9939.95,4989.3,79511.9
Normal Delivery,41,2,3,twin,2,7906.08,17114.91,5432.02,7465.51,3601.88,34715.19
Total Knee Replacement,55,1,2,general,6,52861.06,162828.3,45316.55,97979.75,31823.33,381401.33
Appendectomy,47,2,3,suite,3,21017.24,46781.74,8558.45,12010.0,5519.49,74761.16
Hysterectomy,25,1,1,general,4,41471.77,107748.52,32527.96,29415.06,22664.79,221889.62
Kidney Stone Lithotripsy,62,1,1,twin,2,19345.25,71494.95,10852.29,15384.98,8342.24,132464.17
Normal Delivery,47,2,2,single,3,19284.85,26028.19,11870.87,8151.09,6565.28,62071.06
Hysterectomy,38,1,2,general,5,36990.07,70508.71,28947.91,20935.21,15626.78,177846.8
Coronary Angioplasty,18,1,1,twin,4,62721.14,182504.49,46458.07,114392.4,35314.74,543310.77
Total Knee Replacement,82,2,2,suite,6,69445.4,180685.9,43154.67,130551.97,26978.67,428507.68
Cholecystectomy,81,1,2,twin,4,33836.02,71808.2,26176.93,20676.34,12515.79,154199.51
Appendectomy,80,2,2,general,5,24907.84,42992.97,19880.88,18703.59,7998.23,102592.59
Total Knee Replacement,66,2,3,general,9,47336.54,94673.51,45291.01,98027.5,25082.4,277568.2
Kidney Stone Lithotripsy,43,1,1,general,2,17655.08,67327.64,10996.81,15426.56,8491.26,110168.37
Total Hip Replacement,65,2,2,suite,7,75750.36,167467.93,45027.58,111281.21,26669.18,421450.38
Cholecystectomy,28,2,2,twin,3,16715.42,44628.78,10501.07,18349.89,8083.23,95588.31
Caesarean Section,61,2,2,twin,4,25267.32,56111.98,17280.04,18680.23,11015.99,128225.46
Coronary Artery Bypass Graft (CABG),19,1,1,suite,8,216516.87,429593.1,111543.92,115722.03,82429.7,903621.02
Tonsillectomy,57,2,2,single,1,5529.76,31815.06,3114.69,7673.73,4028.05,45108.86
Normal Delivery,24,1,2,twin,1,7101.3,32153.86,5544.13,8163.88,6666.12,58646.24
Dengue Inpatient Care,68,3,3,single,4,15201.98,0.0,10458.63,11493.54,6363.37,54651.39
Coronary Angioplasty,20,1,2,suite,4,72625.65,159130.88,36668.1,83803.34,27923.45,356895.04
Hysterectomy,31,1,2,single,5,53887.61,105104.53,34288.86,24248.18,19501.55,239563.99
Typhoid Inpatient Care,31,3,2,twin,6,19970.52,0.0,15269.48,14699.12,7432.67,52022.18
Hysterectomy,24,3,3,twin,5,18947.24,35725.58,12849.73,14839.64,7569.99,102189.58
Dengue Inpatient Care,30,2,1,suite,6,52832.98,0.0,27064.16,15388.32,13107.6,115135.18
Tonsillectomy,28,2,1,single,1,7008.21,38569.51,3749.38,10573.01,5212.07,73202.03
Coronary Artery Bypass Graft (CABG),55,2,1,general,7,85256.59,233641.75,71806.27,123713.78,50817.04,561251.43
Total Hip Replacement,26,2,2,general,5,35913.24,134078.4,31325.47,123427.74,26100.8,357405.58
Kidney Stone Lithotripsy,62,3,3,single,2,8009.92,27258.83,4163.68,10087.84,3477.51,54687.72
Normal Delivery,62,2,2,single,1,5937.44,23347.19,3790.36,8240.43,4648.19,47439.87
Appendectomy,34,1,2,general,4,27874.89,62800.51,17923.2,16385.22,12028.89,122440.11
Dengue Inpatient Care,31,3,1,general,6,24990.7,0.0,23750.89,15596.16,11128.21,81042.5
Tonsillectomy,82,1,2,single,4,30137.38,45675.89,21853.69,8932.86,6684.34,123343.73
Appendectomy,25,1,2,single,3,26509.89,66264.8,13997.7,16932.48,10000.98,134614.75
Cataract Surgery,72,1,1,single,2,17545.26,47727.61,10266.56,17497.28,6169.2,97605.41
Cholecystectomy,28,1,2,twin,2,16993.15,71529.29,11361.36,19200.74,12254.62,146408.55
Coronary Angioplasty,82,2,3,twin,6,37374.72,74464.07,34122.29,80822.42,15576.58,233827.95
Appendectomy,39,2,1,suite,4,38472.56,72313.01,15724.91,19968.41,9327.84,151943.79
Hysterectomy,47,3,2,suite,6,41496.74,63138.81,20857.85,19792.61,10359.64,173199.58
Hernia Repair,58,1,2,twin,3,21921.05,51538.58,12678.82,14340.44,9757.74,120324.83
Dengue Inpatient Care,66,2,2,general,8,33854.45,0.0,35160.65,12829.23,11831.68,89308.86
Hernia Repair,81,2,3,single,4,19112.82,32188.8,13115.27,13144.75,4897.3,92146.41
Coronary Angioplasty,77,2,3,twin,6,42809.61,72727.47,37212.7,80605.1,15613.75,212918.88
Kidney Stone Lithotripsy,80,2,2,twin,4,24108.12,44349.29,17967.82,14693.77,6994.43,97791.33
Hysterectomy,66,1,2,general,6,43690.54,78351.22,34662.04,20979.41,18586.81,204930.24
Total Knee Replacement,67,1,1,twin,6,72287.64,200729.38,57049.16,135956.94,43826.5,512297.87
Appendectomy,75,3,1,single,4,26874.64,50674.34,16767.06,22829.31,7144.88,103992.37
Dengue Inpatient Care,58,1,3,twin,4,22486.95,0.0,17103.45,9808.43,9669.49,53457.27
Total Hip Replacement,67,1,3,general,8,60790.52,152832.21,52759.33,89990.12,30511.96,367622.98
Dengue Inpatient Care,43,1,2,single,3,25155.63,0.0,16798.76,13563.19,10900.3,61265.9
Cholecystectomy,72,2,3,single,4,23175.2,41180.1,15158.51,15926.56,7837.94,117253.98
Typhoid Inpatient Care,75,1,1,twin,6,43833.73,0.0,35338.87,21723.46,14561.51,102740.11
Dengue Inpatient Care,49,2,1,twin,5,30784.38,0.0,23305.19,15663.49,13406.35,83496.75
Normal Delivery,40,2,2,general,2,7887.37,21689.24,6769.9,8468.69,4897.45,47045.25
Hysterectomy,69,3,3,single,6,27826.8,42060.39,19700.74,17476.18,8530.42,118394.15
Caesarean Section,46,2,3,single,4,23754.82,44473.9,13906.09,16897.67,8279.21,123317.0
Kidney Stone Lithotripsy,35,2,2,twin,3,15681.71,40259.88,9424.14,10681.37,4964.77,83510.27
Coronary Artery Bypass Graft (CABG),28,1,3,single,7,104687.57,242282.53,66397.51,67629.59,47787.14,508780.0
Appendectomy,54,2,1,general,3,18918.92,47952.76,12963.14,21239.42,9177.98,95363.7
Typhoid Inpatient Care,18,2,2,general,5,18799.7,0.0,18005.67,15619.7,8178.47,53869.82
Typhoid Inpatient Care,60,2,1,general,4,20193.0,0.0,16862.88,20403.31,10242.32,69172.93
Dengue Inpatient Care,54,1,1,twin,4,33455.18,0.0,28161.92,17632.98,17297.02,101884.78
Caesarean Section,58,1,2,general,2,16714.61,75853.04,12622.11,22713.81,13421.95,145000.85
Hysterectomy,61,1,3,general,4,24283.5,60313.31,20088.34,18390.06,13682.27,134604.02
Dengue Inpatient Care,76,1,1,general,7,50855.92,0.0,55386.25,17126.4,20080.2,149406.11
Typhoid Inpatient Care,25,1,1,suite,4,42480.45,0.0,22333.75,20225.36,13380.14,108270.72
Cholecystectomy,59,2,1,single,4,34490.29,59272.94,19283.56,23471.68,10951.69,157622.1
Hysterectomy,25,2,1,single,5,47964.83,84102.61,28347.36,24665.57,15767.6,183830.69
Coronary Angioplasty,48,2,2,general,1,8482.66,107287.57,7250.8,80438.36,17001.67,218060.1
Tonsillectomy,41,2,1,general,1,4942.84,34342.2,3603.2,9964.3,4737.2,64959.25
Cholecystectomy,29,3,2,suite,2,14649.81,48444.67,5964.77,17424.21,6555.87,104189.54
Dengue Inpatient Care,56,1,2,single,6,50766.76,0.0,35513.58,12913.69,16800.0,118886.63
Coronary Artery Bypass Graft (CABG),67,2,2,suite,8,125705.33,262739.08,71960.91,107204.28,45715.46,577432.94
Hernia Repair,62,1,2,twin,3,22948.09,58860.29,15929.59,16385.14,9072.3,116324.61
Hernia Repair,61,2,2,twin,2,10437.81,32873.08,6494.97,15098.56,5825.41,85121.49
Tonsillectomy,58,1,1,single,2,17879.14,53192.01,10365.24,8826.67,7006.76,84804.85
Hysterectomy,76,2,1,general,7,45741.85,68903.66,42334.21,29184.83,17663.99,182406.8
Total Knee Replacement,71,2,2,single,7,64817.16,148229.41,44860.04,120590.73,26914.07,447293.46
Hysterectomy,40,3,2,general,3,12708.91,48792.16,10484.84,23785.7,7972.37,102306.71
Hysterectomy,76,2,1,twin,5,38915.27,74003.4,31405.42,29582.25,13633.17,194986.2
Appendectomy,19,1,3,suite,4,36727.96,56203.23,13591.83,11788.72,8333.38,131847.13
Caesarean Section,58,2,2,twin,5,30393.84,45932.13,21290.98,20417.8,11703.59,121537.8
Coronary Artery Bypass Graft (CABG),79,1,2,single,8,154429.74,306728.57,116131.06,101947.72,61979.48,835939.93
Appendectomy,68,3,3,single,5,20492.46,28790.04,10849.63,14845.6,5016.5,83208.61
Coronary Artery Bypass Graft (CABG),73,1,3,single,9,128234.81,235999.71,93125.36,85433.33,54677.29,642733.84
Coronary Artery Bypass Graft (CABG),55,2,3,general,5,42109.01,169987.45,36167.46,73442.49,28057.18,382398.69
Coronary Artery Bypass Graft (CABG),18,1,2,single,8,151173.18,329595.94,96396.87,98751.09,66776.07,802959.46
Normal Delivery,47,3,3,general,2,5891.17,14890.17,4905.39,7573.11,3374.34,34777.36
Tonsillectomy,34,2,1,general,1,4843.45,29659.62,3193.66,9656.17,4310.23,54197.19
Coronary Artery Bypass Graft (CABG),72,1,2,general,11,141691.04,283201.98,130051.59,111261.01,72673.66,754851.74
Dengue Inpatient Care,80,3,1,general,3,12474.48,0.0,12870.49,18109.55,7445.1,51979.38
Normal Delivery,75,3,3,suite,4,18135.33,18580.1,10496.21,7486.92,3831.38,51923.38
Coronary Angioplasty,23,2,2,general,3,22063.45,86932.07,17701.07,78467.11,15404.66,242854.43
Total Knee Replacement,60,3,2,suite,8,74283.33,139451.92,37869.54,109452.43,24388.27,403949.2
Caesarean Section,75,2,3,twin,6,27034.07,36948.08,24281.29,15722.96,8060.51,129492.1
Cholecystectomy,73,2,2,suite,4,36473.24,62299.1,19034.8,18659.75,8929.66,142278.33
Cataract Surgery,82,2,2,general,3,12064.69,24080.34,9958.75,17057.54,4162.8,69642.33
Total Knee Replacement,39,3,1,twin,5,37906.73,129186.27,28928.8,119097.36,25466.27,359106.58
Dengue Inpatient Care,57,1,1,single,5,52323.43,0.0,32331.11,16289.63,16493.87,113287.35
Normal Delivery,52,1,2,suite,3,30822.72,42452.54,15235.7,8537.1,8432.42,111474.58
Normal Delivery,71,1,1,general,4,29063.69,35392.81,30298.84,12906.9,9857.85,126999.12
Hernia Repair,43,2,1,twin,3,19649.59,42335.98,12705.54,19482.62,7327.55,96697.04
Kidney Stone Lithotripsy,70,1,1,single,3,33398.75,77355.44,19277.76,15837.65,9725.11,132790.74
Hernia Repair,39,2,1,single,3,21155.42,48384.88,11504.84,19136.23,8048.95,108887.5
Coronary Artery Bypass Graft (CABG),59,2,3,twin,11,93182.86,158973.19,64980.87,69948.43,38217.73,483093.54
Dengue Inpatient Care,81,1,2,twin,5,31539.01,0.0,33629.05,14713.08,12794.03,90070.88
Total Hip Replacement,59,3,2,single,6,44063.84,126325.67,29218.78,120723.6,18975.73,382090.94
Coronary Artery Bypass Graft (CABG),53,1,3,twin,10,115004.6,220577.63,82710.79,70288.83,44965.18,507372.94
Typhoid Inpatient Care,69,2,2,general,6,22782.9,0.0,21634.8,18728.63,9623.63,67574.5
Total Knee Replacement,63,2,2,single,5,42362.49,137118.55,27631.9,97939.62,24267.47,345158.78
Appendectomy,50,1,2,general,1,6628.73,52955.39,4638.82,16830.64,7200.65,90488.37
Kidney Stone Lithotripsy,69,1,1,twin,4,36862.56,63141.23,24395.01,15507.45,9154.02,132771.58
Caesarean Section,63,2,3,general,4,16914.09,41182.32,13646.23,16739.16,8968.04,101223.15
Coronary Artery Bypass Graft (CABG),44,2,3,twin,6,54186.82,177174.4,40496.6,74441.39,29057.67,383611.79
Hysterectomy,80,1,2,general,6,48570.61,82571.79,46445.58,26652.16,18702.41,213757.4
Hernia Repair,19,1,2,single,2,16998.3,60725.57,9938.93,16068.98,8714.41,111988.15
Total Knee Replacement,23,1,1,twin,8,108444.21,232003.67,76521.89,125573.83,42763.05,494335.49
Total Hip Replacement,75,3,2,twin,7,47191.4,110122.02,40639.04,137915.06,24105.83,423315.97
Kidney Stone Lithotripsy,68,2,1,single,3,24195.46,49315.25,12932.05,16540.0,7136.94,126825.31
Kidney Stone Lithotripsy,41,2,3,single,2,10335.84,35421.97,5237.56,10163.03,4295.0,61504.83
Typhoid Inpatient Care,78,3,2,general,7,21547.37,0.0,21763.6,18397.76,8173.23,74334.79
Cataract Surgery,48,2,1,twin,1,5353.25,29072.81,3561.98,15543.3,4415.35,59522.28
Kidney Stone Lithotripsy,51,2,2,twin,2,10776.32,39318.04,6165.71,10807.47,5043.92,80311.62
Coronary Artery Bypass Graft (CABG),39,1,3,single,8,118359.87,280312.1,78837.18,79470.71,52973.2,540468.17
Hysterectomy,44,1,1,twin,5,57330.61,104176.57,40880.95,27178.94,20741.26,271795.25
Tonsillectomy,60,1,1,general,2,13226.57,45343.05,9842.85,9320.52,7061.74,88212.89
Hernia Repair,40,1,2,general,3,18038.44,50464.91,12948.98,14360.19,8765.71,96225.27
Cholecystectomy,78,2,2,suite,4,32626.73,57115.62,17626.23,20284.71,8125.68,157311.34
Total Knee Replacement,48,2,2,single,5,45567.73,144549.94,30575.67,105054.39,22606.13,368334.18
Kidney Stone Lithotripsy,63,3,3,single,3,12509.33,26584.78,5948.6,10389.28,3198.22,64864.15
Normal Delivery,71,2,2,suite,5,38108.61,31773.93,23666.03,10402.28,6191.54,83527.83
Cholecystectomy,30,3,2,twin,4,19258.35,41570.73,13429.8,16496.62,7809.43,91352.35
Hernia Repair,19,3,1,twin,3,15660.66,33954.92,9261.9,20604.17,6253.09,77029.43
Dengue Inpatient Care,71,3,2,twin,7,30254.99,0.0,25187.23,14725.2,9320.46,68269.69
Caesarean Section,67,1,2,general,6,45211.56,74913.85,41110.81,23663.11,17016.47,148514.2
Appendectomy,56,2,1,single,2,17315.54,62135.31,8468.55,19318.86,8136.15,120107.21
Dengue Inpatient Care,70,1,2,single,5,39921.62,0.0,28097.19,13349.3,12940.92,86122.57
Hysterectomy,35,1,2,single,5,55455.53,93485.12,30656.33,21055.53,19779.24,227294.83
Hysterectomy,29,2,2,single,5,33280.53,59748.94,20085.7,19992.97,12391.79,151155.89
Cholecystectomy,81,2,2,suite,6,49659.76,63154.99,27082.6,21322.02,10373.05,155454.95
Cataract Surgery,37,2,1,general,1,4539.92,28920.69,3280.07,14965.39,3943.72,62934.04
Hernia Repair,67,1,2,single,5,41956.89,54528.84,26381.57,16626.73,10611.82,147317.51
Tonsillectomy,21,2,1,general,2,11598.87,34193.37,7724.85,9030.85,5786.08,75415.16
Caesarean Section,29,3,1,general,5,27431.96,46374.64,19296.82,22342.39,11167.59,132200.33
Normal Delivery,76,1,2,general,4,25130.17,28688.69,23456.44,9990.15,7909.69,98056.11
Cholecystectomy,53,2,1,twin,4,31279.85,60971.74,20323.57,23243.56,10963.94,151250.6
Coronary Artery Bypass Graft (CABG),35,2,1,suite,8,169961.35,341245.08,86657.64,124890.48,58692.59,739190.05
Dengue Inpatient Care,68,1,3,twin,7,37668.17,0.0,31841.04,11874.34,10932.47,96513.47
Cataract Surgery,19,1,2,general,2,10380.54,32944.41,6782.58,12756.93,4661.55,61301.13
Dengue Inpatient Care,52,3,1,general,4,16842.15,0.0,16008.04,16301.81,9592.83,47166.53
Normal Delivery,76,2,1,twin,4,25705.61,31512.89,22318.53,12707.91,8180.34,86527.57
Normal Delivery,45,1,2,single,2,17944.34,38108.99,12572.2,9819.45,7616.5,90241.39
Cholecystectomy,81,2,3,single,5,27365.1,44610.18,19871.48,15344.08,7562.92,148361.35
Coronary Angioplasty,36,3,2,single,1,7792.98,81517.29,5269.19,84757.08,10679.95,191728.29
Hernia Repair,55,3,1,general,3,13341.98,31282.68,9063.41,18876.81,6448.44,84948.86
Tonsillectomy,57,3,2,general,2,7090.87,24386.21,5076.62,7938.36,3551.37,51081.58
Tonsillectomy,29,2,3,twin,2,6821.01,20987.94,4175.39,6031.14,2956.12,46396.38
Cholecystectomy,21,1,2,general,2,14532.11,67506.68,10515.31,16534.98,12285.9,118735.08
Kidney Stone Lithotripsy,37,1,1,single,2,23622.07,74038.91,11891.68,14210.8,8786.65,154160.24
Typhoid Inpatient Care,30,1,2,single,4,27943.69,0.0,18552.61,15032.06,11158.03,66367.26
Cataract Surgery,19,2,2,twin,1,4294.1,25578.8,2715.88,12278.76,3969.07,54964.2
Coronary Artery Bypass Graft (CABG),44,2,2,general,12,125428.69,202276.36,94498.33,96164.71,52633.67,508617.63
Coronary Angioplasty,30,1,1,twin,2,29757.75,180671.11,22764.9,112176.64,25288.74,399584.58
Tonsillectomy,68,3,1,general,4,16849.71,27659.06,13093.97,9447.16,4686.08,74857.17
Coronary Angioplasty,58,1,2,twin,4,47670.66,146502.32,35485.29,85330.92,26597.09,335225.3
Cholecystectomy,52,1,2,twin,4,32485.0,70803.75,22616.74,19946.38,11705.57,182517.01
Cataract Surgery,33,1,1,general,1,6516.35,41895.34,4523.59,16436.52,6672.63,62298.31
Cataract Surgery,18,2,2,twin,1,4447.42,24049.24,2756.76,13424.42,3822.9,47403.73
Total Knee Replacement,73,3,2,twin,7,42553.68,100191.75,34452.2,109691.86,21483.96,348836.97
Normal Delivery,78,1,2,suite,4,41815.92,42536.67,27500.3,10671.44,8267.2,118477.02
Normal Delivery,75,2,1,single,3,21987.07,29438.5,17926.81,10888.64,6401.84,98014.19
Tonsillectomy,20,2,1,single,1,6401.52,40557.53,3750.71,10431.51,4186.26,65197.21
Tonsillectomy,28,3,1,twin,1,5145.74,33366.83,3327.36,10023.25,4171.64,67244.55
Hysterectomy,79,1,2,single,6,60911.27,87892.7,40385.91,24161.4,18744.0,278875.5
Hernia Repair,63,2,1,twin,3,19412.11,43405.09,12027.47,20876.49,7879.83,107505.18
Normal Delivery,36,1,1,twin,3,26375.71,41924.24,20175.34,11424.6,10889.39,103405.76
Tonsillectomy,76,3,3,general,2,5033.72,16593.66,4418.14,7198.82,2711.55,39861.96
Coronary Angioplasty,28,3,1,twin,2,16854.45,100811.68,13081.47,89925.14,16634.24,249603.03
Hysterectomy,48,1,2,twin,3,25179.74,89276.0,17484.87,21311.79,15357.53,184317.78
Appendectomy,22,2,2,single,2,12840.19,45427.05,7062.14,18121.63,6094.5,95523.23
Tonsillectomy,66,1,1,general,3,22461.25,48744.7,17304.23,9208.04,8191.08,96563.56
Hysterectomy,27,2,2,twin,4,25427.53,60198.82,16961.82,21483.17,11643.18,123536.73
Cataract Surgery,53,3,2,general,1,3131.77,20027.65,2345.78,13829.84,2760.3,45733.58
Normal Delivery,26,2,3,twin,3,12363.4,20319.58,9865.48,6653.15,4880.47,48147.06
Total Hip Replacement,36,1,3,general,4,30374.82,137182.76,26887.18,83166.62,24903.48,287694.91
Hysterectomy,61,3,3,single,3,14478.08,45574.92,8983.5,16267.05,6600.37,98682.45
Total Knee Replacement,71,1,2,twin,6,65247.23,196786.8,53414.13,110675.12,34689.53,587002.18
Normal Delivery,28,1,1,single,2,19640.29,46449.36,12018.87,11076.3,8548.83,89173.25
Cholecystectomy,77,2,2,general,5,26564.28,45109.15,23531.07,20256.81,10395.8,111899.12
Total Hip Replacement,75,3,2,twin,6,39898.85,124154.44,34319.21,126324.92,23176.08,402041.84
Caesarean Section,54,2,2,single,5,38581.17,59540.62,22951.38,20087.36,11603.76,147987.15
Caesarean Section,64,3,2,general,4,17309.63,35599.69,14880.07,22208.62,8759.4,86218.75
Cataract Surgery,61,2,1,general,1,4810.71,29257.3,3184.7,17643.51,4792.12,58622.27
Cholecystectomy,71,1,2,twin,5,46331.81,73239.69,35354.47,19897.19,15010.75,175149.77
Dengue Inpatient Care,41,1,2,twin,5,36254.09,0.0,26544.26,13892.32,14756.87,89983.78
Coronary Artery Bypass Graft (CABG),80,1,2,single,9,162365.98,311695.8,133788.52,112905.23,59828.73,754429.59
Total Hip Replacement,64,1,2,single,8,111784.53,239773.68,68720.85,116829.14,41151.87,628423.08
Kidney Stone Lithotripsy,52,2,1,single,2,15568.34,55337.27,8101.27,15186.24,6272.42,93179.95
Coronary Artery Bypass Graft (CABG),23,1,2,single,9,169689.11,342792.99,110180.64,91362.9,59930.34,833378.23
Appendectomy,61,1,1,twin,3,33458.1,80252.48,18003.39,19394.26,14527.91,184633.81
Hernia Repair,78,3,3,general,2,5725.14,22845.41,5087.74,12988.38,3846.43,42491.66
Normal Delivery,38,2,2,twin,2,10253.61,23808.89,7229.47,9348.72,5220.05,59181.94
Hernia Repair,63,2,2,general,2,9040.73,35905.21,6668.34,17428.03,6177.61,76290.99
Cataract Surgery,69,3,3,single,3,10140.69,20368.44,5918.11,10718.67,2988.64,48982.76
Coronary Angioplasty,24,1,1,general,4,52033.44,153455.31,42400.11,98355.13,30249.37,392272.91
Normal Delivery,25,3,3,general,2,5452.31,12757.46,4515.09,7649.04,2997.87,30834.67
Hysterectomy,75,2,1,single,6,54439.59,88308.78,37818.79,29528.88,15050.76,202900.33
Total Hip Replacement,82,2,2,single,8,73838.35,145001.48,53454.03,147011.32,26410.94,416919.76
Hysterectomy,26,3,2,general,4,17202.25,44877.58,13521.23,21574.66,9923.14,106757.68
Coronary Angioplasty,25,3,2,single,3,23447.47,86199.23,15133.94,85901.41,12616.32,255345.39
Hysterectomy,75,3,1,general,5,25535.52,56336.57,25218.7,31328.31,11498.72,131020.02
Hysterectomy,45,1,1,twin,4,44965.04,101158.1,29439.14,29345.33,19789.71,228130.83
Hernia Repair,67,1,3,general,5,27560.28,38416.57,20216.74,13769.4,8663.02,106426.76
Hysterectomy,57,3,1,general,4,20737.94,54764.96,16933.69,27654.4,11919.47,139816.17
Tonsillectomy,39,1,1,twin,1,8589.31,49778.07,5804.21,10069.67,6696.43,87786.23
Normal Delivery,39,2,2,suite,3,21027.27,29206.52,10588.46,8648.68,5775.0,72362.47
Total Hip Replacement,70,2,2,single,8,82405.55,166768.46,53737.0,124854.58,31963.26,455485.49
Caesarean Section,55,2,1,twin,5,40491.73,68674.14,25961.55,22709.69,13760.21,190473.76
Coronary Artery Bypass Graft (CABG),48,3,1,single,11,136980.13,222676.21,84707.62,116622.37,44331.98,656849.02
Total Knee Replacement,71,2,2,general,7,41726.75,107241.51,43277.67,114777.48,26720.14,368058.23
Dengue Inpatient Care,79,2,3,single,7,31306.45,0.0,25879.42,11971.36,8528.01,90638.24
Cataract Surgery,49,1,2,twin,1,6714.08,37136.37,3927.31,14409.18,5250.9,64637.69
Coronary Angioplasty,69,1,2,twin,4,49498.22,149805.69,44395.5,92599.11,25944.83,301207.2
Coronary Angioplasty,53,2,3,single,2,15997.74,88792.26,10658.92,64557.8,10904.55,204509.49
Hernia Repair,24,2,1,general,2,10189.1,40084.64,7620.2,16972.3,6250.18,86130.21
Typhoid Inpatient Care,54,2,2,general,4,13769.69,0.0,11906.45,14349.4,7472.27,46639.45
Tonsillectomy,65,2,3,general,2,5996.33,21499.91,5102.15,6549.42,3097.83,41242.2
Cholecystectomy,72,1,2,single,5,46671.27,71434.52,28812.72,20539.59,12647.25,162470.09
Dengue Inpatient Care,71,2,2,single,5,28707.92,0.0,20468.23,14090.77,8761.26,67003.51
Tonsillectomy,80,2,2,general,4,16143.04,24927.4,15508.32,8439.4,4407.66,90839.96
Caesarean Section,56,1,2,twin,3,26429.63,77689.93,18571.37,21610.9,13820.47,151667.75
Typhoid Inpatient Care,79,3,3,suite,8,30575.59,0.0,20963.07,14946.17,5837.04,75669.76
Coronary Angioplasty,52,3,2,twin,3,20413.64,82323.5,15793.6,87459.41,12366.42,210257.93
Normal Delivery,40,1,2,general,3,20477.53,33092.8,17465.48,8306.93,8883.95,100658.91
Cholecystectomy,37,1,3,single,3,22093.43,55210.32,11013.68,13866.14,8852.81,106873.1
Hysterectomy,36,2,2,suite,4,37000.06,75251.01,17051.48,20985.99,10974.61,146979.11
Hysterectomy,24,2,2,suite,4,33445.59,74727.7,15825.24,19341.41,9794.47,152451.13
Appendectomy,74,1,1,single,4,45635.28,77764.07,25860.79,24031.86,12988.72,152053.52
Cholecystectomy,32,2,3,general,4,15521.08,33609.89,12378.34,12855.37,6531.09,76592.01
Dengue Inpatient Care,61,1,1,twin,4,35693.75,0.0,27448.85,17606.96,15747.86,84035.7
Appendectomy,51,2,3,twin,4,18627.97,32860.53,10682.77,14601.47,5777.53,85986.15
Hysterectomy,66,3,3,general,6,20603.14,36672.57,16839.88,18569.99,8674.43,78786.56
Typhoid Inpatient Care,72,2,2,single,7,35492.48,0.0,24576.1,15375.88,9191.95,74960.97
Normal Delivery,46,1,2,single,3,26489.75,38146.77,17723.65,8559.72,8971.92,98087.06
Cataract Surgery,19,1,1,suite,1,10602.51,57919.05,4502.92,18260.45,6442.54,90397.07
Normal Delivery,47,2,2,single,4,26070.3,29087.21,16639.5,8196.41,5972.26,94200.52
Total Knee Replacement,36,1,2,general,7,58021.33,168347.89,49789.41,92336.56,34963.44,393768.37
Caesarean Section,56,2,3,general,5,22262.35,38968.5,18338.59,15733.41,10103.99,109674.21
Hysterectomy,66,3,3,general,5,17151.51,34188.85,15079.65,16184.04,7895.42,110542.58
Total Hip Replacement,49,2,2,single,4,36333.01,155552.81,25458.32,115992.81,24100.94,362657.39
Total Knee Replacement,50,3,1,single,3,25798.27,141232.78,16874.37,133929.8,19694.55,346179.03
Normal Delivery,58,2,3,general,3,10049.2,18478.39,9670.56,6763.73,4604.49,52691.1
Total Hip Replacement,57,1,1,twin,8,109761.67,260608.61,81308.45,141803.24,48677.13,655176.75
Typhoid Inpatient Care,62,1,2,general,6,29676.68,0.0,25320.38,14726.4,11128.8,84777.87
Cataract Surgery,52,2,2,twin,1,4661.36,25694.75,2920.71,12540.6,3340.93,47480.64
Coronary Artery Bypass Graft (CABG),65,3,1,twin,14,161046.52,239659.17,133635.27,132731.18,62286.34,662599.65
Appendectomy,30,1,3,twin,3,19017.5,49762.19,11501.23,12027.58,7936.13,96106.9
Coronary Artery Bypass Graft (CABG),80,2,1,twin,10,138426.15,254616.67,132196.32,148558.2,54641.86,583676.97
Total Knee Replacement,42,2,2,general,5,33865.89,124010.33,29054.62,116683.62,22621.2,368773.38
Cataract Surgery,25,2,3,twin,1,3455.08,18603.29,2105.13,10442.95,2695.74,38176.03
Normal Delivery,42,2,1,single,2,14033.25,33815.87,9112.81,10344.18,6890.68,85087.21
Hysterectomy,77,2,1,twin,6,44377.72,73012.92,36099.6,32712.41,15245.46,162562.71
Hernia Repair,43,2,2,single,2,12643.99,36917.97,6555.98,15814.0,5909.87,74876.2
Total Hip Replacement,73,2,1,twin,5,45569.01,159092.09,38927.74,143798.06,29054.57,375161.84
Total Hip Replacement,55,3,3,single,5,28810.36,95975.29,18754.9,83521.83,14804.46,227984.59
Total Knee Replacement,61,1,2,single,6,81859.81,224929.71,53303.07,117282.93,40255.72,481978.99
Total Hip Replacement,69,3,1,single,8,81308.91,151591.96,58346.62,166540.16,29117.54,440098.94
Hernia Repair,40,1,2,general,3,20037.21,55119.54,15832.08,16325.22,10134.49,123611.56
Hysterectomy,36,2,2,single,4,29196.96,60996.55,16643.36,21060.1,11171.0,131737.56
Total Knee Replacement,52,3,2,single,6,42650.19,116581.15,24743.36,119731.49,21111.49,316016.09
Cataract Surgery,58,1,1,twin,2,15023.68,47021.5,9725.51,16949.13,6682.15,86376.41
Coronary Artery Bypass Graft (CABG),82,1,3,general,9,94593.4,223375.1,100859.04,83478.5,50085.27,415985.0
Coronary Angioplasty,74,1,2,suite,6,109325.25,185200.04,67440.95,98098.6,32076.5,445270.65
Tonsillectomy,79,3,2,single,3,13579.23,24213.94,8903.16,8170.89,3666.55,47079.38
Kidney Stone Lithotripsy,62,2,1,suite,2,20819.74,65448.44,8056.91,13932.54,6800.43,107463.17
Hysterectomy,75,2,1,twin,6,48848.2,83659.04,37003.18,34507.72,16182.39,222693.76
Caesarean Section,80,3,2,general,5,22894.25,38153.63,22071.06,22287.03,8807.27,119277.74
Hernia Repair,63,2,2,general,4,18184.67,32240.32,12990.95,15375.65,6649.63,82343.8
Total Hip Replacement,61,1,1,general,3,37578.21,245857.37,32049.47,134551.58,36990.7,523018.67
Typhoid Inpatient Care,57,1,2,single,4,26134.7,0.0,18029.56,15022.28,9346.1,64786.57
Total Hip Replacement,30,3,1,twin,5,43222.38,151037.58,28600.74,135503.36,24957.94,432399.83
Cholecystectomy,18,1,1,general,4,39654.54,85103.64,26152.99,23375.19,16486.91,215194.22
Cholecystectomy,51,3,2,single,4,24225.0,43653.31,12875.3,18697.27,7293.05,117202.48
Tonsillectomy,33,3,1,general,2,7624.0,27018.97,5552.67,9734.47,4201.63,56536.97
Coronary Artery Bypass Graft (CABG),77,1,1,twin,12,210125.24,333329.82,182144.3,119524.19,86062.39,654736.43
Total Knee Replacement,70,2,1,general,8,62557.14,150727.09,62912.49,145544.1,34891.34,436184.89
Total Hip Replacement,81,1,2,single,9,124880.72,244051.78,91691.88,125743.91,41965.3,524408.35
Hernia Repair,26,1,2,general,3,19729.06,50503.37,15161.61,15631.62,8372.84,115325.22
Normal Delivery,73,2,1,general,5,27149.71,27905.15,27162.83,13168.81,7686.76,83642.31
Cholecystectomy,47,2,3,general,4,18376.68,37478.81,13729.93,13862.18,7936.05,95383.91
Hysterectomy,31,2,1,twin,5,40280.26,73619.62,25862.64,27814.61,14323.94,178667.26
Normal Delivery,40,1,1,suite,3,36730.57,50920.75,19651.45,11390.68,9779.29,116460.84
Normal Delivery,70,2,2,single,4,23450.06,25021.72,17143.32,8828.63,6171.59,80563.93
Cholecystectomy,18,3,1,general,2,10413.32,44341.35,8013.35,22213.62,7185.45,77656.4
Appendectomy,59,1,2,twin,2,15041.23,57074.0,9132.5,15311.82,8188.67,109803.82
Coronary Artery Bypass Graft (CABG),51,3,3,single,8,63619.11,147991.21,40087.06,69627.36,28811.05,346700.15
Tonsillectomy,22,3,2,single,2,9420.67,24602.27,5306.67,8093.59,3556.92,54410.99
Hernia Repair,80,1,1,twin,5,47368.59,61762.54,35586.8,21415.6,13756.9,183754.54
Normal Delivery,44,2,2,general,2,9052.25,23014.01,7993.36,8861.59,4792.4,56438.68
Tonsillectomy,58,2,2,single,1,5167.14,29258.3,2932.87,7697.8,3892.17,54724.7
Coronary Artery Bypass Graft (CABG),61,3,1,twin,10,112008.45,230957.02,86940.94,108734.01,47746.47,612172.19
Cataract Surgery,81,2,2,twin,3,12979.78,27603.81,10245.86,14848.36,4362.04,61322.55
Appendectomy,44,1,2,general,4,27164.49,54539.68,17195.54,15873.34,10736.31,134773.82
Total Hip Replacement,74,2,1,general,6,58228.88,176755.76,56818.66,167123.21,31867.83,419615.45
Tonsillectomy,40,3,1,single,2,10499.9,33206.37,5694.49,8249.32,4426.85,68653.14
Normal Delivery,68,1,1,twin,4,35731.09,38171.43,28114.28,10818.76,9733.12,123256.15
Caesarean Section,61,2,2,twin,3,19374.94,57040.9,13789.13,20995.07,10022.28,117978.04
Kidney Stone Lithotripsy,39,1,2,single,2,19746.29,68794.61,9289.42,12529.97,8132.42,117545.56
Tonsillectomy,52,1,3,single,1,6169.12,38991.85,3567.15,6597.19,4289.99,54251.22
Kidney Stone Lithotripsy,65,1,2,single,2,18618.53,60329.15,10292.75,11688.59,7945.29,102037.51
Kidney Stone Lithotripsy,70,1,2,single,3,25023.96,59865.86,13575.5,13430.26,7912.78,135226.46
Tonsillectomy,43,1,2,general,2,11493.37,37869.57,8230.75,7756.18,5729.47,68169.09
Dengue Inpatient Care,34,1,2,single,4,29418.57,0.0,19892.2,13781.35,12762.65,80240.72
Tonsillectomy,63,3,1,twin,2,9184.22,27963.5,5679.79,9488.73,3566.64,67458.12
Cholecystectomy,61,3,1,single,4,26220.73,50989.37,16037.7,24402.28,9004.89,133172.41
Coronary Angioplasty,66,3,2,general,5,30756.63,69938.13,28927.72,86759.83,15124.79,257585.56
Coronary Artery Bypass Graft (CABG),33,3,2,single,5,52991.28,194591.0,31759.3,85052.53,30359.53,442298.77
Typhoid Inpatient Care,60,1,2,twin,6,38506.27,0.0,31345.74,15181.48,12158.07,92608.61
Hernia Repair,20,1,1,single,3,32639.68,69532.36,17554.04,19295.44,12036.23,151693.16
Appendectomy,76,3,2,general,4,16135.52,35205.08,13939.74,19268.87,6916.09,99515.41
Typhoid Inpatient Care,74,3,3,twin,8,23319.58,0.0,19946.88,14957.39,6000.15,50543.15
Caesarean Section,43,1,3,suite,5,49860.22,67326.44,24030.17,14726.22,13830.45,182712.78
Typhoid Inpatient Care,73,2,3,suite,8,40846.39,0.0,25437.3,13798.14,7704.39,80797.61
Dengue Inpatient Care,79,2,3,twin,3,12004.72,0.0,10966.94,11089.48,6481.55,42804.07
Tonsillectomy,55,1,2,twin,1,6948.45,44283.87,4658.03,7983.29,5306.06,71357.92
Kidney Stone Lithotripsy,81,2,3,general,4,15031.83,30106.85,12680.71,10972.2,4908.87,77179.7
Tonsillectomy,60,2,3,general,2,6505.19,21752.1,4966.98,5615.41,3187.09,39631.48
Kidney Stone Lithotripsy,23,2,2,general,2,9886.41,40820.43,6356.28,12825.63,4994.18,76902.67
Kidney Stone Lithotripsy,19,1,2,single,2,18410.53,66200.24,8877.23,11715.87,7259.81,125162.77
Appendectomy,56,1,3,single,3,22601.27,54545.93,10336.17,13350.05,8491.8,97632.06
Kidney Stone Lithotripsy,72,1,1,single,4,43571.06,66546.02,24504.8,14677.73,8815.82,192472.59
Total Hip Replacement,25,3,1,general,5,34189.96,137718.08,28998.9,143854.4,25816.33,375882.04
Appendectomy,48,1,2,twin,3,21882.07,61504.87,13840.86,14625.5,9632.43,135722.09
Caesarean Section,39,1,1,twin,4,41421.29,85232.7,30391.11,26493.64,19203.19,212445.93
Kidney Stone Lithotripsy,59,1,1,single,2,21810.25,68252.94,10042.28,13472.04,7619.22,125022.22
Normal Delivery,78,1,1,twin,4,35113.22,38160.33,33209.09,12015.06,9755.68,142016.79
Hernia Repair,22,2,3,single,3,14016.76,30797.56,7202.45,11999.35,4656.75,64158.13
Caesarean Section,39,2,1,single,3,25064.03,65522.36,14661.43,24508.46,11935.8,148158.43
Cataract Surgery,42,3,2,single,1,4127.87,25082.96,2336.73,12486.77,3159.7,48999.9
Hernia Repair,82,3,1,single,3,19117.77,43861.48,12465.27,23710.55,7280.1,132899.5
Coronary Angioplasty,72,3,3,single,4,26872.42,68978.05,19183.76,77587.43,11644.73,187064.55
Normal Delivery,31,3,1,twin,1,4807.97,22629.01,3561.28,11182.83,4838.09,47331.06
Kidney Stone Lithotripsy,26,2,2,suite,2,14814.05,49006.41,6155.79,12264.89,4726.37,88926.54
Hernia Repair,51,1,3,general,3,14938.98,36736.86,10332.92,12916.51,7609.74,94353.6
Caesarean Section,48,1,2,twin,4,36937.63,76472.76,27043.77,18961.11,15819.77,143950.7
Dengue Inpatient Care,37,2,2,general,5,23111.5,0.0,20115.23,13859.91,9946.07,70093.6
Coronary Angioplasty,51,2,1,single,3,40019.36,142325.98,25001.77,107408.89,21613.59,315575.52
Typhoid Inpatient Care,26,1,2,general,4,21686.63,0.0,19573.36,14655.58,11447.89,67578.93
Caesarean Section,78,3,3,general,5,16376.62,28462.54,15525.26,16764.88,6862.48,83959.17
Cholecystectomy,80,1,2,general,6,42026.38,64139.4,39315.93,21973.82,13770.31,160758.5
Caesarean Section,44,2,1,twin,3,22670.99,60211.64,14925.52,24628.64,11785.9,124139.31
Hysterectomy,26,2,3,single,5,30299.17,56076.38,16945.96,18055.53,10141.96,122884.95
Hysterectomy,42,2,2,general,4,20697.24,51657.39,17334.04,22143.93,11027.98,124540.22
Hysterectomy,49,3,1,single,4,29446.42,65912.13,17865.38,24882.55,12300.96,156468.88
Tonsillectomy,54,1,3,suite,2,15128.49,40524.32,6698.39,6363.11,5117.54,70823.18
Coronary Angioplasty,41,2,2,twin,3,25569.87,97197.76,20278.28,81862.92,15282.32,258928.26
Total Hip Replacement,38,2,1,suite,7,93519.35,209154.96,53115.59,126883.37,35079.48,486548.99
Appendectomy,53,1,1,single,2,24275.73,87229.19,12000.13,21151.04,12542.12,174930.01
Total Knee Replacement,40,1,1,twin,6,73294.89,208924.89,55253.34,120665.66,40833.47,524934.04
Coronary Artery Bypass Graft (CABG),74,1,2,suite,12,255762.74,367821.86,146662.55,111131.76,75839.87,1085566.58
Kidney Stone Lithotripsy,52,2,1,twin,2,14274.88,50552.76,8567.51,13685.96,6231.08,92740.85
Coronary Artery Bypass Graft (CABG),49,1,1,single,10,225614.33,409601.89,149719.02,126097.49,82621.94,977883.15
Total Hip Replacement,21,2,1,general,6,55010.61,157203.4,42726.51,139703.58,33746.09,411710.55
Total Hip Replacement,66,1,3,twin,6,49641.57,153632.33,43133.81,86175.85,27216.44,373480.89
Tonsillectomy,52,3,2,suite,1,5416.0,28182.75,2480.6,8347.96,3263.61,53411.11
Typhoid Inpatient Care,41,3,2,general,5,15226.9,0.0,13678.25,15898.73,6790.5,47203.58
Dengue Inpatient Care,66,1,1,twin,6,53315.48,0.0,43951.07,16805.85,19831.09,132612.53
Typhoid Inpatient Care,23,1,2,single,5,35523.17,0.0,22604.21,16262.82,10718.68,78815.45
Total Hip Replacement,19,1,1,suite,4,77018.11,296802.89,36453.78,139529.94,37828.27,704146.19
Cholecystectomy,44,2,3,general,5,20686.33,37078.82,14910.42,13271.72,7302.48,88809.19
Tonsillectomy,77,2,2,single,3,17011.65,35000.14,11839.82,8186.35,4894.15,74098.13
Appendectomy,29,1,2,twin,3,24414.5,61946.37,13183.55,17104.78,9115.8,140898.95
Coronary Artery Bypass Graft (CABG),28,1,1,general,5,88403.14,339328.45,75679.92,105387.47,64253.85,792903.29
Total Knee Replacement,44,1,2,general,7,63620.49,171097.52,53405.08,105853.42,38980.08,428733.52
Total Knee Replacement,72,2,3,general,5,26104.99,97070.95,26488.62,87467.17,18798.63,262133.2
Cataract Surgery,33,1,2,general,1,5953.48,35389.47,4043.81,13131.36,4849.7,55704.09
Total Hip Replacement,47,2,1,general,7,64866.65,162423.81,54427.56,154458.11,36011.65,490644.99
Caesarean Section,29,1,2,general,4,29040.19,71132.55,24450.75,19436.6,14651.34,164227.14
Hysterectomy,18,2,2,twin,4,24126.22,61765.41,17284.94,20081.0,11448.9,132074.83
Appendectomy,47,1,2,suite,3,33515.14,75925.95,12602.33,16549.09,9597.06,168773.98
Cataract Surgery,24,1,1,single,1,9271.16,53617.09,4725.78,17592.74,6176.26,104355.17
Coronary Artery Bypass Graft (CABG),77,3,1,general,9,86986.17,205222.84,86164.38,140040.15,43045.97,317997.39
Coronary Artery Bypass Graft (CABG),56,2,3,single,8,83192.24,183570.44,52942.63,78072.89,34647.21,470015.03
Coronary Artery Bypass Graft (CABG),62,1,1,general,4,66214.17,302166.19,55179.96,122104.5,49498.78,610584.76
Tonsillectomy,74,2,2,single,2,11923.05,34082.74,6805.39,9231.38,4249.37,74747.57
Tonsillectomy,23,1,2,suite,2,20239.58,52729.41,8957.96,7947.56,6330.33,95077.29
Normal Delivery,47,3,3,general,2,5944.02,14911.99,4789.2,7702.27,3576.94,40317.11
Coronary Angioplasty,81,3,3,general,5,22719.54,51446.48,22330.99,76583.82,12512.2,142139.51
Cataract Surgery,30,2,2,twin,2,9771.47,25792.68,5869.44,14636.89,4201.62,59080.55
Normal Delivery,55,3,2,general,3,10138.45,16742.57,9546.63,8495.19,4500.18,56502.4
Coronary Artery Bypass Graft (CABG),41,1,2,twin,8,118264.79,268247.58,91331.25,83602.54,55594.15,631371.8
Tonsillectomy,61,2,3,twin,2,6845.18,19845.34,4399.95,6481.88,2854.61,39925.88
Caesarean Section,60,1,2,twin,4,36073.68,73271.58,23067.0,17495.42,16112.81,159634.49
Coronary Artery Bypass Graft (CABG),28,1,3,twin,7,84371.82,237508.18,56025.39,75091.81,43653.02,517527.77
Cataract Surgery,52,1,1,general,1,7048.63,42466.43,5120.82,15328.67,5944.28,78046.91
Typhoid Inpatient Care,21,2,2,twin,5,21794.25,0.0,15504.58,15555.0,7161.3,58546.02
Hysterectomy,53,2,1,general,5,31823.63,68638.47,23685.18,27786.41,13685.56,160696.61
Normal Delivery,30,2,2,single,2,13326.79,25759.36,8650.08,9904.11,5997.3,61727.88
Total Knee Replacement,79,3,2,single,7,48663.07,108859.05,38867.79,106692.18,20867.45,367959.3
Typhoid Inpatient Care,43,1,3,twin,7,35911.78,0.0,25378.04,13407.89,11331.74,80151.54
Coronary Angioplasty,75,1,3,general,4,32541.9,102605.55,34029.84,72484.19,21557.67,297740.52
Cataract Surgery,38,3,2,single,1,4120.31,21695.29,2005.54,12563.2,2657.41,45706.77
Normal Delivery,33,3,1,suite,2,14368.28,30349.56,7718.82,10395.54,4888.88,69705.06
Hysterectomy,41,2,2,suite,5,44937.9,72904.76,23548.05,23590.46,13097.28,161238.47
Total Knee Replacement,74,1,1,twin,8,106298.35,216143.18,86645.04,145829.88,48026.76,572922.63
Hernia Repair,47,1,1,twin,3,29673.61,65626.01,18855.05,17461.96,12251.6,136574.28
Tonsillectomy,75,1,2,twin,2,12780.58,35986.52,10318.44,8955.72,5477.55,61701.38
Typhoid Inpatient Care,47,1,1,twin,7,53467.4,0.0,41564.36,17354.38,16334.39,138226.25
Kidney Stone Lithotripsy,73,1,3,general,4,20960.31,39528.02,16792.63,11162.72,6944.92,97479.45
Coronary Angioplasty,62,1,2,suite,2,35550.07,166742.4,17909.66,87238.81,22860.87,335532.93
Kidney Stone Lithotripsy,63,2,1,single,2,15465.5,49819.29,8229.48,14935.57,6560.21,112189.39
Typhoid Inpatient Care,30,3,1,twin,4,17220.58,0.0,13729.04,18776.83,7310.77,57976.93
Hysterectomy,41,1,2,single,4,42737.73,103438.76,24644.62,22391.54,15849.72,226077.35
Kidney Stone Lithotripsy,59,2,2,suite,3,22831.44,50654.09,9964.88,12469.99,5791.01,92246.23
Caesarean Section,69,3,3,general,5,17871.83,31092.36,14671.69,18551.02,7952.64,92276.21
Kidney Stone Lithotripsy,56,2,2,suite,2,16676.2,50368.04,6407.61,12711.2,5132.31,95072.11
Cholecystectomy,23,1,2,twin,4,36321.67,65727.77,20830.37,16464.31,14399.48,136941.0
Kidney Stone Lithotripsy,59,3,2,general,2,8053.39,31304.68,5109.49,11701.49,4239.27,49409.83
Hernia Repair,82,1,1,twin,4,35384.05,60644.56,26826.91,25181.74,12199.86,166894.83
Total Knee Replacement,28,1,1,twin,5,65453.04,233241.42,50303.36,128733.73,40877.53,613124.91
Kidney Stone Lithotripsy,46,1,3,general,2,11711.84,42720.82,7517.5,8922.72,6058.85,78839.69
Normal Delivery,80,3,2,twin,4,14889.71,17342.26,14622.99,9619.07,4237.71,67381.39
Kidney Stone Lithotripsy,52,2,2,general,2,10373.05,37559.9,6945.39,13528.77,5031.53,77303.05
Hysterectomy,29,1,1,twin,5,55983.51,121004.49,42633.54,28951.26,25038.95,231183.44
Dengue Inpatient Care,58,2,2,general,7,29302.22,0.0,26313.99,11324.32,10997.34,73337.52
Cholecystectomy,28,2,1,general,3,18531.98,56872.33,14137.1,21282.2,10300.86,122663.08
Coronary Artery Bypass Graft (CABG),60,2,1,single,7,117506.65,282554.47,69066.23,123405.73,49445.6,627103.22
Coronary Angioplasty,40,3,3,single,3,19435.5,71987.26,13381.13,69218.2,10435.12,201786.85
Typhoid Inpatient Care,82,2,3,single,7,28439.49,0.0,24606.66,16343.66,7079.28,84749.25
Dengue Inpatient Care,58,1,2,twin,5,37258.91,0.0,29724.63,13969.74,15726.03,100048.72
Total Knee Replacement,25,3,1,twin,4,28830.71,134765.26,22590.67,133556.98,22327.01,307781.55
Cholecystectomy,47,3,1,twin,3,17572.87,51634.37,12247.57,22261.77,7758.75,115767.35
Hernia Repair,45,1,2,twin,3,22508.46,52989.21,14563.44,14274.51,8538.55,114457.83
Coronary Angioplasty,81,2,2,single,5,58139.14,117195.96,45857.75,103497.95,19938.56,300306.96
Cataract Surgery,69,2,1,general,3,14980.33,32947.23,12059.3,17594.61,5300.16,93255.13
Cholecystectomy,74,1,1,single,5,66507.39,95941.9,42645.13,24209.91,19522.92,287456.76
Hernia Repair,35,3,1,general,4,17856.13,35234.09,13128.94,20707.7,7628.02,94158.61
Cataract Surgery,65,3,3,twin,1,2893.9,16968.27,1908.72,10376.43,2152.09,36744.61
Normal Delivery,61,2,2,suite,2,14711.1,28963.94,8520.31,8161.86,5830.63,64255.69
Coronary Angioplasty,70,1,2,general,5,59782.32,143482.94,55515.66,86746.32,27662.05,394950.58
Normal Delivery,33,3,3,twin,3,9009.35,14229.5,6649.11,7695.51,3610.74,40695.71
Typhoid Inpatient Care,35,2,2,twin,5,21425.11,0.0,16674.03,14320.11,7997.2,61972.15
Tonsillectomy,75,2,2,single,4,23661.35,34231.88,13953.66,8611.94,5583.43,72925.79
Total Hip Replacement,30,1,2,twin,8,98707.73,232577.53,66972.15,119712.59,47060.12,576694.35
Coronary Angioplasty,62,3,3,general,5,22257.12,54721.29,20840.06,63215.59,11273.84,161635.98
Coronary Artery Bypass Graft (CABG),32,1,1,general,6,102857.6,338087.4,90126.03,119593.56,73640.27,732174.91
Total Hip Replacement,27,2,2,twin,5,43355.85,160172.36,31188.37,109301.13,25696.63,330039.4
Hysterectomy,69,1,3,single,8,65874.92,76486.33,45226.66,18665.1,14666.17,232611.69
Cholecystectomy,73,2,3,general,6,22764.7,35047.52,19289.65,13892.37,7073.19,98856.39
Cataract Surgery,19,1,2,twin,1,6408.76,39142.29,3759.4,12455.99,4791.76,61159.68
Total Knee Replacement,64,2,2,twin,5,39839.86,141822.34,30223.84,119558.22,27284.29,337150.02
Hernia Repair,22,2,1,general,2,11840.57,45388.72,9071.38,18273.35,7027.1,100937.66
Total Knee Replacement,21,1,2,single,6,82395.63,199661.83,48735.16,118896.07,37711.23,499179.91
Caesarean Section,56,3,1,twin,5,29323.6,48794.96,20956.52,25030.29,11422.02,150644.73
Hernia Repair,60,2,2,single,2,12912.29,41147.39,7100.62,14341.86,5505.33,87659.84
Hernia Repair,30,1,1,twin,3,26101.11,57149.16,15207.21,18181.53,11508.16,129658.02
Total Hip Replacement,53,1,2,single,7,96642.93,215216.98,58021.3,119491.8,36858.81,524240.95
Coronary Artery Bypass Graft (CABG),76,1,1,twin,7,145406.47,394831.6,115691.84,143539.43,79611.34,927290.29
Appendectomy,60,2,1,suite,4,40533.55,62434.2,15007.06,20816.39,9490.92,149389.93
Hernia Repair,60,2,3,single,2,8924.85,30154.21,5315.92,11193.95,4586.55,53647.95
Normal Delivery,44,1,3,twin,3,16680.48,24076.07,12047.35,6978.05,6638.09,71695.28
Hernia Repair,66,3,1,twin,5,24299.17,38860.11,18070.01,21392.88,7628.07,87980.33
Typhoid Inpatient Care,39,3,2,single,4,15478.05,0.0,9769.67,16259.41,6180.69,48209.83
Hysterectomy,62,3,2,single,4,24692.93,58038.48,14421.05,24829.94,9771.37,137936.34
Total Hip Replacement,27,1,1,general,8,94711.97,212447.36,82367.76,123509.68,45936.82,604809.0
Total Knee Replacement,63,1,2,single,5,60808.3,190471.12,39632.78,109753.97,33862.63,436416.27
Coronary Angioplasty,20,2,1,general,3,28932.81,112785.12,23872.01,96018.45,21163.33,288586.71
Coronary Artery Bypass Graft (CABG),23,2,1,twin,10,126906.79,236961.79,91138.07,100371.86,59973.0,612534.27
Dengue Inpatient Care,59,1,2,general,4,25422.51,0.0,22147.38,14320.45,12922.9,74525.99
Total Knee Replacement,26,1,1,twin,6,79294.52,212267.41,52828.79,137398.44,42866.24,487815.3
Normal Delivery,29,2,2,single,3,18960.61,25755.52,12259.53,8409.23,5548.18,65208.31
Coronary Angioplasty,51,1,2,twin,4,48009.65,137597.8,35839.98,77536.33,26211.31,266319.29
Cholecystectomy,71,1,1,twin,3,33609.48,85327.98,23454.56,25718.97,15501.19,185782.79
Coronary Artery Bypass Graft (CABG),62,2,3,single,10,93769.71,181772.72,58535.23,73438.15,35109.81,453276.53
Hysterectomy,25,2,2,twin,4,23941.44,59189.95,16084.26,23458.72,10956.9,135674.02
Cholecystectomy,18,1,2,general,5,34684.35,63977.31,28127.09,18690.72,14537.98,177188.04
Appendectomy,27,1,2,single,3,27830.84,66608.04,13444.67,15779.43,10733.81,117505.24
Caesarean Section,74,2,1,suite,6,70002.48,87648.51,37219.12,27016.7,14448.98,228648.5
Typhoid Inpatient Care,40,1,1,twin,6,42913.28,0.0,34280.33,19322.04,13464.23,110707.57
Normal Delivery,28,2,2,twin,3,15622.63,24330.89,11119.45,8006.5,5863.74,71611.26
Kidney Stone Lithotripsy,43,1,2,twin,2,15630.76,52530.47,8404.84,12556.97,7579.2,82826.04
Coronary Angioplasty,19,3,1,single,4,37029.96,102054.06,23658.02,101174.73,17361.25,234565.14
Dengue Inpatient Care,46,2,3,general,5,17251.27,0.0,15794.44,10511.98,7563.43,54345.72
Tonsillectomy,80,2,1,general,4,20484.47,35244.56,18459.66,12483.17,6716.57,93297.42
Normal Delivery,40,3,1,twin,3,14546.91,21914.07,11347.33,9862.24,5853.66,65736.48
Tonsillectomy,54,2,3,twin,2,6468.23,19348.46,4380.99,6100.1,2998.31,39639.84
Hernia Repair,53,2,3,general,4,14978.7,27431.55,10738.3,11636.71,4875.08,67487.76
Cataract Surgery,62,1,3,general,1,3790.35,24263.0,2969.63,11088.79,3650.89,37911.09
Cataract Surgery,47,1,2,twin,2,12558.53,37992.95,8279.96,14835.62,5809.72,90323.38
Appendectomy,46,1,2,general,3,21055.59,55907.21,13753.55,18328.82,9572.62,125148.38
Cataract Surgery,77,1,1,general,2,13563.18,42239.96,11343.38,19954.75,6751.78,104200.35
Hernia Repair,44,2,3,general,1,3731.31,28982.04,2716.09,12352.19,4537.09,56035.16
Cholecystectomy,53,2,2,general,3,15232.95,46471.8,10965.79,18418.36,8634.61,89464.53
Dengue Inpatient Care,24,2,2,twin,4,21190.09,0.0,15335.49,14165.78,10027.87,56506.12
Dengue Inpatient Care,68,2,1,single,5,34527.25,0.0,23974.43,15164.2,11500.25,82346.83
Kidney Stone Lithotripsy,25,1,1,general,2,17395.23,65371.27,11069.59,15735.02,9312.14,121577.61
Hernia Repair,62,3,2,twin,3,12461.51,27572.79,7603.52,15303.2,5276.12,64149.94
Coronary Angioplasty,58,2,2,twin,4,33276.72,104315.37,24974.85,83932.97,18599.75,276364.52
Normal Delivery,75,1,2,suite,4,43823.94,39967.93,27178.83,11008.34,8592.06,128567.59
Cataract Surgery,37,2,2,twin,1,4412.94,27206.96,2656.3,13509.83,3368.33,52075.91
Total Knee Replacement,39,1,2,twin,5,56153.5,186520.77,38110.7,107762.34,32510.1,447968.3
Tonsillectomy,40,1,1,twin,1,7827.8,48954.17,5378.2,9026.81,6109.49,63502.03
Total Hip Replacement,25,2,1,twin,9,91366.93,167688.97,61923.13,134002.36,40907.51,478182.74
Total Hip Replacement,43,1,2,single,6,71685.08,207026.69,47099.15,119010.56,34059.26,445799.58
Normal Delivery,50,1,1,suite,2,23915.85,49879.67,13548.71,10852.73,9114.88,109355.51
Dengue Inpatient Care,33,3,2,general,3,11606.82,0.0,9366.09,12785.06,7924.14,39017.55
Tonsillectomy,75,1,1,general,3,20417.43,43647.91,16355.45,10700.14,7740.76,95840.85
Hernia Repair,20,1,2,general,2,13890.45,50349.48,9967.25,16629.46,8884.61,103383.82
Coronary Angioplasty,18,1,3,twin,5,45968.51,113892.32,35140.87,58178.17,21891.04,267180.17
Caesarean Section,44,3,2,single,4,24648.86,47083.1,15453.86,21273.04,8154.29,119787.35
Cholecystectomy,44,2,1,twin,3,24093.28,65888.26,15356.24,22123.83,10839.36,142560.63
Hysterectomy,19,1,2,twin,4,33790.22,82311.93,24175.22,23363.51,17316.09,178146.28
Coronary Angioplasty,73,2,1,single,5,64559.43,133561.04,44665.93,114755.71,25956.35,356154.29
Appendectomy,27,3,1,twin,4,22998.46,41846.7,13365.23,19602.85,7319.59,100727.97
Coronary Artery Bypass Graft (CABG),67,2,2,twin,11,113228.82,187440.92,87595.96,104003.9,43183.66,461153.82
Appendectomy,48,2,1,general,2,12104.99,48112.24,8018.47,20124.08,7377.6,102285.17
Total Knee Replacement,21,2,1,twin,6,55938.57,151570.53,39459.34,133344.06,29347.44,389762.05
Caesarean Section,81,2,3,general,6,24323.48,35024.16,24064.04,17977.95,9911.53,108694.97
Kidney Stone Lithotripsy,30,3,2,general,2,7540.08,32689.43,5648.37,12968.26,4403.99,62002.59
Cholecystectomy,53,1,2,single,2,21552.46,79127.31,11898.84,17696.38,10972.2,138141.63
Tonsillectomy,19,2,2,general,1,4114.25,27375.32,2905.54,7573.42,3765.84,42567.49
Cholecystectomy,51,3,2,single,3,16357.14,38613.29,8065.19,16400.0,6156.09,90933.36
Normal Delivery,65,3,1,general,2,8455.68,19890.76,8426.21,11642.79,4718.98,52754.56
Cholecystectomy,70,3,1,single,5,34281.16,52347.78,20082.42,22633.73,8547.81,128362.45
Cataract Surgery,49,2,3,general,1,2909.17,18132.6,2154.34,10326.1,2655.06,35343.65
Cholecystectomy,60,2,1,single,3,25084.2,67592.81,13045.77,20285.0,9530.81,147454.82
Caesarean Section,57,2,2,general,4,21961.62,44832.87,17907.95,19971.48,10492.61,97343.97
Coronary Artery Bypass Graft (CABG),53,3,3,suite,8,81734.98,163101.61,42252.85,66620.23,29343.39,358372.71
Hernia Repair,24,3,2,twin,2,7770.99,29440.73,4990.47,14451.98,4461.81,64756.7
Tonsillectomy,57,2,2,single,2,10667.36,29055.57,5761.07,7109.82,4302.01,61292.46
Total Knee Replacement,82,1,2,twin,6,62421.49,187043.87,55689.54,114349.99,31173.01,349800.55
Cataract Surgery,35,1,1,general,1,6616.78,44905.89,4970.77,17121.93,5866.03,78668.36
Kidney Stone Lithotripsy,45,1,2,twin,2,16360.59,61991.65,10085.25,12001.84,8295.12,111464.4
Coronary Angioplasty,33,3,1,single,4,41033.2,105763.96,25770.88,111193.42,19068.12,306653.17
Tonsillectomy,39,1,2,twin,2,13985.12,39232.81,9152.92,6866.66,6414.53,72701.06
Total Hip Replacement,32,2,2,twin,7,51600.1,132050.29,37189.36,112128.85,23956.32,345184.2
Dengue Inpatient Care,47,2,2,twin,5,23558.64,0.0,17680.35,12836.71,8731.28,61405.9
Caesarean Section,60,2,3,twin,4,20961.48,43054.18,13469.82,14645.38,7759.65,98430.64
Kidney Stone Lithotripsy,63,3,3,twin,3,11263.14,27819.44,6548.74,8709.31,3680.35,57786.84
Coronary Artery Bypass Graft (CABG),36,1,2,twin,7,110428.54,298765.64,74005.28,99738.83,57991.9,637636.45
Coronary Angioplasty,44,1,2,single,4,57713.11,161556.48,34001.67,75512.33,27543.07,371340.67
Typhoid Inpatient Care,64,2,2,twin,4,19420.56,0.0,13826.17,15147.43,8073.44,51897.26
Appendectomy,60,3,2,single,2,10588.74,34540.55,5049.74,17825.33,5178.15,81384.31
Appendectomy,46,2,1,single,3,25476.28,61861.4,12246.39,19853.56,8513.99,124153.46
Dengue Inpatient Care,53,2,1,general,4,21875.73,0.0,18410.76,16332.95,11840.38,62595.14
Total Knee Replacement,19,3,1,general,7,47001.07,125461.71,39805.57,127870.03,26464.06,416589.36
Coronary Angioplasty,74,2,3,suite,6,62956.95,97143.01,34878.02,77811.81,15760.08,278166.81
Coronary Artery Bypass Graft (CABG),52,2,3,single,10,105452.87,195264.11,64374.7,72460.92,37909.65,432524.55
Normal Delivery,29,3,2,single,2,9406.99,20908.44,6096.73,8418.19,3844.21,48612.42
Total Knee Replacement,69,3,3,twin,7,34162.09,84494.97,26342.09,90526.18,17505.43,244295.43
Cataract Surgery,82,2,3,general,2,5388.79,17691.45,5307.57,11308.93,3065.28,46512.93
Hernia Repair,46,2,1,general,2,11188.59,44834.72,8236.8,20189.66,6780.96,83488.24
Kidney Stone Lithotripsy,40,1,2,single,3,30748.28,69700.83,15330.43,12035.86,9234.59,129112.23
Cataract Surgery,66,3,3,twin,3,8328.55,16325.48,5874.26,11339.87,2663.94,46468.03
Cataract Surgery,82,2,1,general,3,14106.1,28014.85,11761.05,20369.53,5212.61,58405.76
Caesarean Section,77,1,3,general,4,24772.61,52120.89,23756.51,16675.98,10855.81,134905.76
Appendectomy,36,3,2,general,3,11219.75,34185.55,7379.84,15802.76,5551.94,90209.07
Hysterectomy,47,3,2,twin,3,14711.21,44479.38,9844.56,20670.59,7693.33,90542.02
Dengue Inpatient Care,31,1,2,general,4,25076.38,0.0,23836.97,14348.45,13117.03,86619.05
Total Hip Replacement,20,2,1,general,5,40740.84,161902.76,34577.81,134259.67,27137.48,355742.05
Typhoid Inpatient Care,46,2,3,general,4,11182.81,0.0,9429.92,11295.29,5785.85,39993.6
Tonsillectomy,63,2,2,general,2,7977.99,26093.61,5840.8,7076.94,4313.87,51497.98
Coronary Artery Bypass Graft (CABG),44,1,3,twin,8,102447.14,222181.91,68403.74,70200.4,47598.94,563648.37
Appendectomy,74,1,3,single,5,38518.12,59968.66,22416.0,13564.74,9240.13,152391.15
Cataract Surgery,69,3,3,twin,2,5651.99,17579.62,3996.06,12106.5,2425.88,44695.22
Coronary Angioplasty,76,1,2,general,6,65722.41,133271.74,66874.46,104206.29,32465.79,337844.3
Hernia Repair,30,3,1,general,2,9082.29,36527.4,6069.75,19258.19,5792.39,90893.18
Normal Delivery,37,1,2,single,3,25718.97,36890.72,15742.18,9513.13,8841.88,112163.59
Typhoid Inpatient Care,41,1,2,general,5,25233.85,0.0,22133.41,14570.04,11851.69,79093.39
Appendectomy,50,3,2,twin,5,21497.34,33982.59,11840.81,16907.81,6185.45,86452.75
Typhoid Inpatient Care,45,3,2,general,6,17924.95,0.0,15762.69,16090.46,7253.25,54519.72
Hernia Repair,35,3,2,twin,3,13188.59,30307.05,8483.64,16357.06,5375.92,66674.24
Total Knee Replacement,49,2,2,twin,5,39282.82,140385.03,28051.85,116714.62,23273.73,331554.96
Kidney Stone Lithotripsy,41,2,3,single,2,11706.64,41001.85,5530.3,9610.29,4427.72,76888.81
Coronary Artery Bypass Graft (CABG),61,2,2,suite,7,119481.28,254599.56,58818.35,89241.79,39293.27,528321.32
Dengue Inpatient Care,41,2,2,twin,4,19190.66,0.0,14724.53,14166.93,9504.67,50307.1
Dengue Inpatient Care,39,1,1,twin,3,27172.34,0.0,19496.98,17954.44,15017.1,64660.58
Hernia Repair,80,2,1,twin,5,30024.13,41549.53,24442.91,20432.69,9076.86,80849.01
Hysterectomy,72,2,3,general,4,16391.22,43957.27,15199.22,17898.45,9081.61,102037.64
Tonsillectomy,74,1,2,twin,4,26735.53,40481.39,18202.5,8914.38,5937.65,105055.96
Caesarean Section,59,1,2,general,4,31274.59,67685.54,26476.21,19045.6,16583.44,153393.57
Cholecystectomy,41,1,1,general,2,17586.18,78695.6,11811.34,22096.27,14118.65,150676.62
Cataract Surgery,73,3,2,single,3,12413.72,22042.75,7086.5,13165.43,3088.04,56506.11
Cholecystectomy,74,1,1,twin,4,42601.98,90485.81,29988.68,23519.88,16639.3,192636.5
Total Hip Replacement,35,2,2,twin,5,40617.51,146718.12,29381.59,118949.55,21809.48,329824.27
Tonsillectomy,43,2,3,single,2,8403.83,23203.59,4939.84,6036.16,3082.78,43925.98
Caesarean Section,72,3,3,single,7,30601.1,36308.95,19836.36,17448.61,7657.51,119828.98
Coronary Angioplasty,60,1,2,twin,2,24575.15,133283.05,17810.6,80166.55,20818.37,291370.04
Hernia Repair,24,2,3,single,3,14681.68,30298.72,7170.94,12295.56,4959.24,68269.42
Caesarean Section,51,2,2,general,5,28817.41,46256.32,20860.63,20982.17,11722.11,134516.67
Coronary Artery Bypass Graft (CABG),62,2,2,single,11,152740.37,227147.26,93187.43,100539.85,47422.59,655638.12
Total Hip Replacement,65,1,2,general,10,106658.86,199148.55,102963.64,114442.67,46316.78,569781.97
Normal Delivery,81,2,2,general,5,22734.16,23285.09,23377.89,10411.54,6390.83,73622.65
Coronary Artery Bypass Graft (CABG),82,2,1,twin,11,155752.4,234292.66,128380.26,137428.56,64919.44,734114.13
Total Knee Replacement,39,3,1,general,5,32321.35,119677.32,24535.8,132752.98,22193.23,334174.34
Total Knee Replacement,78,1,2,single,7,83648.42,200969.57,65334.7,116874.1,33075.18,605762.37
Cataract Surgery,74,1,2,suite,2,17832.69,47365.09,9168.87,15399.76,5837.75,87021.24
Total Hip Replacement,66,2,1,general,7,65833.35,194286.1,56238.95,163333.77,36264.3,537105.31
Dengue Inpatient Care,26,3,2,single,5,23579.59,0.0,13700.56,13826.36,7786.34,65157.79
Normal Delivery,20,2,2,general,2,8348.83,21743.05,7490.69,9194.76,5414.35,49738.55
Cholecystectomy,45,2,2,general,5,26856.2,48303.06,18964.2,17962.76,10542.45,122208.24
Dengue Inpatient Care,19,3,2,twin,4,16005.94,0.0,12837.38,13488.95,6962.08,41473.29
Dengue Inpatient Care,79,2,1,twin,6,36913.71,0.0,36558.44,20586.04,13554.74,141405.98
Typhoid Inpatient Care,25,1,2,single,7,50288.16,0.0,31201.66,15263.92,11908.84,124843.12
Dengue Inpatient Care,30,3,2,twin,4,17558.15,0.0,12013.8,13404.78,8201.47,45678.69
Coronary Angioplasty,25,2,2,twin,4,37236.73,111789.88,27191.15,88920.61,18118.09,260471.05
Cholecystectomy,56,2,2,suite,4,35595.05,64477.19,15624.04,18277.08,10113.1,130917.02
Tonsillectomy,70,1,3,single,5,30370.94,37108.89,18891.58,7017.62,5750.09,107459.49
Caesarean Section,39,1,1,suite,3,45419.66,109331.61,23178.98,24927.16,16535.95,225064.16
Typhoid Inpatient Care,35,2,2,twin,6,29054.89,0.0,21344.18,16817.41,9324.78,67400.38
Cataract Surgery,53,1,2,general,2,10481.16,34529.84,7513.06,13368.95,5050.73,68394.18
Typhoid Inpatient Care,43,2,3,suite,7,34221.18,0.0,17757.5,12790.01,6692.93,71046.79
Dengue Inpatient Care,38,2,2,general,4,18483.65,0.0,14526.93,12428.04,9131.21,57810.3
Coronary Artery Bypass Graft (CABG),78,1,1,general,9,141940.81,342217.58,143971.94,141356.94,70977.82,1015006.65
Typhoid Inpatient Care,33,2,1,twin,4,21518.96,0.0,17642.58,21308.05,8978.66,73723.07
Appendectomy,54,3,3,general,3,9228.0,26806.02,6853.34,12576.11,4603.77,56496.44
Tonsillectomy,71,2,1,single,4,27704.49,41279.69,16876.91,9958.47,5943.67,110329.16
Coronary Angioplasty,43,1,2,single,4,53942.9,153068.41,36694.91,88690.1,24354.77,357442.5
Normal Delivery,59,1,2,general,2,11940.8,33215.58,11531.3,8748.75,7084.67,68249.61
Total Hip Replacement,25,1,3,general,6,48276.29,158509.11,39556.68,84547.12,29447.67,354308.26
Cataract Surgery,41,1,1,twin,2,15326.09,44941.01,9446.44,15909.42,6361.88,91374.26
Total Hip Replacement,67,1,2,twin,7,82395.69,199485.33,63421.85,111385.82,37131.96,587337.44
Coronary Angioplasty,41,1,2,twin,3,35757.35,134869.46,25673.58,80249.66,23641.85,263671.89
Tonsillectomy,60,1,1,general,2,13242.85,45030.17,10295.35,8727.28,6752.65,93193.51
Hernia Repair,60,1,2,twin,2,15154.29,56558.91,9701.21,17106.93,7765.9,105888.77
Cholecystectomy,79,2,1,general,4,24052.54,57342.19,23144.58,23416.21,10319.85,130887.53
Hernia Repair,23,3,1,twin,1,5153.26,33582.32,3285.53,18930.57,5454.52,62017.3
Hernia Repair,81,2,1,twin,3,19799.32,44870.32,14471.57,20913.41,8642.31,131633.23
Total Knee Replacement,42,1,1,single,4,56655.41,214650.6,35172.17,130010.72,33725.31,449050.24
Normal Delivery,21,1,2,single,2,15486.68,36507.17,10913.28,9470.63,6857.62,85508.32
Tonsillectomy,49,3,2,single,2,8451.04,25875.48,4257.12,7055.53,2881.32,45672.18
Cataract Surgery,79,3,2,twin,3,10513.42,22608.05,7858.5,16388.43,3536.88,57592.31
Dengue Inpatient Care,54,1,3,general,3,14006.3,0.0,11566.44,9010.07,9085.49,44840.14
Dengue Inpatient Care,53,3,3,single,2,6914.37,0.0,4641.33,9226.32,5129.02,25465.81
Cataract Surgery,42,2,2,twin,2,8871.29,24741.08,5343.59,11966.45,3689.67,56726.07
Kidney Stone Lithotripsy,41,2,1,general,2,11692.11,45348.72,7788.58,14545.44,5847.3,82722.85
Total Hip Replacement,34,2,2,suite,7,77440.6,176266.4,41375.84,106085.87,25024.42,371352.31
Hernia Repair,51,3,3,single,3,11575.27,23066.03,6152.48,11269.97,3831.42,47881.83
Hernia Repair,79,3,2,general,4,14237.6,26472.44,12141.38,16808.83,5199.2,73078.5
Hernia Repair,42,1,1,general,3,24306.29,62243.36,17699.19,20445.98,10977.76,109822.25
Total Knee Replacement,23,2,2,single,6,54748.88,151829.16,31441.08,98752.95,23670.93,394165.26
Kidney Stone Lithotripsy,73,1,1,twin,4,37987.78,65549.19,25002.89,16547.01,9890.8,173075.91
Hysterectomy,54,2,2,twin,5,28323.18,54515.95,19566.53,19459.93,12160.05,125590.82
Total Knee Replacement,50,2,1,twin,4,35839.58,155581.13,27825.15,111799.24,28223.8,348963.65
Total Hip Replacement,64,3,1,twin,5,38969.27,146521.06,28324.68,130658.88,24606.3,390617.93
Hysterectomy,82,1,2,single,8,81140.24,98401.34,59669.79,25249.66,20246.8,272126.36
Tonsillectomy,73,3,2,twin,4,15251.16,22185.77,10966.23,9097.31,4033.22,56269.19
Hernia Repair,22,1,1,suite,2,26733.91,74165.2,11282.12,19423.03,9564.81,127008.78
Caesarean Section,75,1,1,twin,6,63876.36,93608.53,58697.26,29198.45,19371.23,281943.76
Hysterectomy,28,1,2,general,2,14803.39,75760.55,12377.06,20785.17,12604.05,137339.73
Coronary Angioplasty,35,3,2,twin,4,27976.45,80552.33,22435.46,83526.94,15126.79,246842.55
Coronary Artery Bypass Graft (CABG),23,1,3,general,5,53226.16,200055.3,44671.5,72709.41,38181.9,424966.61
Hernia Repair,49,1,2,single,2,16061.41,51051.04,8991.58,14144.83,7192.24,104646.99
Hysterectomy,41,3,3,general,4,13225.01,36032.97,10367.67,16512.31,7712.66,71396.21
Cholecystectomy,54,2,1,general,5,33394.78,58751.62,22453.72,22075.14,11784.25,138459.7
Cataract Surgery,69,3,1,single,3,15123.78,26858.85,9514.05,17268.4,4700.38,72375.2
Typhoid Inpatient Care,39,2,3,single,5,18539.45,0.0,11828.73,11260.06,6167.77,47296.14
Hernia Repair,35,1,2,suite,3,29035.94,56246.59,13854.43,13723.34,8917.62,131170.81
Total Knee Replacement,44,2,1,single,6,68683.47,191041.05,39755.54,115702.39,30230.25,423228.48
Appendectomy,23,1,3,twin,2,13398.88,55079.64,7888.58,13367.95,6893.87,83463.38
Cholecystectomy,70,3,2,general,5,21081.49,37368.71,17181.63,18764.0,7835.86,89596.9
Caesarean Section,63,1,2,twin,3,25672.82,68219.71,19234.96,21055.38,12273.85,140734.06
Typhoid Inpatient Care,65,2,3,general,6,19047.01,0.0,17946.24,13065.45,6456.09,56239.93
Cholecystectomy,18,1,2,general,2,14449.49,65656.22,11354.44,17596.44,11412.91,121793.69
Appendectomy,28,2,2,suite,3,24568.5,56632.96,10186.05,15294.69,7184.93,125023.96
Cataract Surgery,45,3,3,single,1,3207.75,18835.38,1752.78,9603.97,2469.35,37732.51
Hysterectomy,32,2,3,general,2,8174.56,41473.47,7059.92,16937.52,7850.49,74342.1
Coronary Artery Bypass Graft (CABG),51,3,3,general,9,50398.34,116822.76,43333.09,64643.87,25126.38,299512.61
Caesarean Section,45,1,2,single,4,42575.01,77379.3,23704.33,22042.76,16517.11,213474.78
Cataract Surgery,50,1,1,single,1,8583.08,44521.53,4952.34,16681.91,6646.43,84105.96
Cataract Surgery,74,1,3,general,2,7730.1,25424.52,6463.28,11064.75,3684.17,56058.09
Appendectomy,31,1,2,general,2,12909.31,56866.56,9145.96,16967.96,8776.65,107850.19
Coronary Angioplasty,69,2,1,twin,4,42079.51,129252.78,34926.95,113843.51,20588.06,373941.35
Cataract Surgery,54,2,1,twin,2,10003.95,30683.34,6541.8,14110.58,4414.75,59101.64
Coronary Angioplasty,75,2,2,twin,7,60437.34,95930.98,49932.53,92709.42,22225.9,319056.12
Appendectomy,79,1,1,suite,4,52651.98,91817.66,25490.15,21632.56,11595.03,167713.63
Total Hip Replacement,72,2,2,general,7,45034.59,133860.58,47586.77,115364.5,27198.11,405527.98
Cholecystectomy,27,3,2,twin,4,19495.66,39876.9,12086.28,16822.65,7022.22,106783.99
Hysterectomy,65,1,2,twin,4,37470.11,93855.49,25421.79,24193.02,17686.56,165956.29
Coronary Angioplasty,39,2,1,general,3,26645.91,105555.04,24319.62,104285.67,19609.56,260654.14
Total Hip Replacement,45,1,1,general,6,76902.71,244976.37,63291.58,155225.35,42713.61,599330.55
Cholecystectomy,69,1,2,general,3,21158.18,66792.76,17710.92,20748.33,12413.34,129031.7
Cholecystectomy,52,2,1,single,4,37269.87,68446.17,19130.38,23394.04,11001.45,147170.94
Caesarean Section,79,2,3,twin,6,29639.55,39012.81,24397.57,17468.63,8966.05,115648.57
Cholecystectomy,25,2,3,twin,3,15249.45,40939.82,9497.52,13762.4,6926.24,81884.92
Caesarean Section,21,2,2,single,4,31629.01,63533.65,16474.78,19765.97,10598.94,121114.34
Tonsillectomy,22,2,1,twin,2,10823.12,37168.51,7778.55,9773.33,4964.01,65526.67
Cholecystectomy,52,3,2,twin,4,17975.62,37622.21,12523.19,17192.14,7517.29,91972.17
Dengue Inpatient Care,57,2,3,suite,6,35991.61,0.0,18482.57,11235.46,8011.61,72416.51
Normal Delivery,69,2,2,general,4,18888.46,22895.27,19239.52,9949.7,5993.67,87883.2
Cholecystectomy,53,1,1,twin,4,41021.14,83533.4,27704.95,21852.47,16312.39,182712.75
Normal Delivery,44,2,1,twin,4,25407.46,31279.69,19853.37,10443.76,8142.03,91087.62
Caesarean Section,70,3,2,general,6,25157.02,39430.27,25166.45,21718.22,10732.22,111938.72
Kidney Stone Lithotripsy,41,2,1,single,2,15688.14,53520.92,7416.46,15763.93,6810.86,110854.31
Tonsillectomy,41,1,1,single,2,20688.27,56409.76,10497.17,10206.24,7558.44,116699.06
Caesarean Section,41,1,2,single,4,42013.04,82366.66,23409.25,17908.09,13522.65,164312.65
Hernia Repair,19,1,1,single,3,29483.42,67569.84,15427.03,17711.55,10291.3,122372.25
Hernia Repair,75,2,1,twin,3,19336.8,43855.26,14182.47,20063.68,7301.71,122793.11
Coronary Artery Bypass Graft (CABG),34,2,2,suite,8,136619.26,287024.09,66278.57,88099.11,43749.96,578088.84
Coronary Angioplasty,50,1,2,suite,3,52672.91,190228.02,29112.68,84772.67,23420.97,399026.73
Cholecystectomy,26,1,1,single,3,38042.14,99879.57,18863.74,23565.62,16106.66,196656.05
Kidney Stone Lithotripsy,20,3,2,single,2,11241.9,35468.76,5534.67,10985.29,4308.36,71389.17
Total Hip Replacement,61,1,1,single,3,52326.2,300505.05,30957.87,148417.91,38485.72,604660.02
Total Hip Replacement,64,1,1,twin,7,96584.04,230687.98,75811.29,158143.44,44859.68,533077.37
Coronary Artery Bypass Graft (CABG),40,1,3,general,5,51881.98,223680.04,42173.83,67669.46,41825.58,407125.49
Hysterectomy,27,1,2,general,5,40586.63,84193.24,33353.94,22838.72,18966.08,191260.06
Appendectomy,20,3,3,general,1,2735.93,26068.84,1962.1,13356.9,3853.6,48719.39
Coronary Artery Bypass Graft (CABG),66,1,1,general,7,126816.17,334033.91,115402.74,124219.77,74208.3,798610.01
Hernia Repair,65,3,2,general,3,11634.57,29406.18,8769.46,17065.72,5755.58,63874.09
Coronary Angioplasty,79,2,2,single,5,52095.18,110068.76,41613.23,95590.65,20499.47,275551.36
Cataract Surgery,63,1,2,twin,1,5663.53,32501.5,3978.7,14136.68,5082.48,58297.38
Appendectomy,39,2,2,single,3,19332.6,43334.88,9511.6,15752.45,6242.3,90460.45
Dengue Inpatient Care,74,1,1,general,5,36309.39,0.0,36809.35,16191.91,17255.23,115243.55
Normal Delivery,32,2,2,general,2,7938.89,18951.78,7284.1,9248.89,4921.86,52495.29
Hernia Repair,24,1,2,general,3,19010.21,48614.9,12863.59,16034.99,9242.75,98710.56
Cataract Surgery,69,2,2,single,3,14990.74,29185.87,8682.41,13549.37,4200.52,71425.69
Coronary Artery Bypass Graft (CABG),25,2,2,single,8,100894.92,226787.04,70228.22,83201.49,40542.52,478194.44
Hernia Repair,56,3,2,single,3,14076.54,33162.43,7579.49,16257.57,4664.95,76455.55
Tonsillectomy,48,1,2,twin,1,6453.34,43883.37,4177.71,7636.24,5251.01,62538.58
Total Knee Replacement,75,1,1,general,7,85138.19,210162.63,84240.03,159290.53,47835.64,486245.86
Normal Delivery,70,1,3,single,4,27475.08,29542.16,19041.87,8136.32,6726.44,94176.67
Cataract Surgery,44,2,2,twin,1,4988.82,26174.96,3100.52,14014.88,3962.68,56456.19
Hernia Repair,29,3,1,general,2,9317.89,34594.44,6780.41,18278.05,5925.7,71206.32
Caesarean Section,77,2,1,general,6,41278.92,58690.31,37265.58,25282.41,13859.03,194929.0
Hysterectomy,21,1,2,single,4,42650.41,92521.68,26954.81,21423.93,16520.73,205157.15
Cholecystectomy,45,2,2,twin,4,22191.68,50819.65,14711.51,15919.1,9149.07,113432.61
Total Knee Replacement,31,1,2,single,3,36926.47,205177.18,22855.47,96961.59,27938.88,371458.41
Hysterectomy,46,2,2,twin,4,25161.09,60390.09,17017.96,21928.44,11029.57,145485.14
Hysterectomy,77,3,2,twin,6,29082.56,49817.36,23992.17,26966.51,10801.86,143871.52
Hernia Repair,34,3,2,twin,3,11907.03,29748.52,7419.56,16542.62,4574.96,75196.97
Hysterectomy,48,1,2,twin,4,39086.45,83775.42,24917.17,21956.82,17968.02,178523.21
Hernia Repair,34,3,2,general,2,7267.82,28846.66,5609.55,16125.4,4944.18,60659.83
Dengue Inpatient Care,43,3,3,general,6,15946.47,0.0,15031.46,10227.77,7152.16,47015.66
Total Hip Replacement,81,2,3,suite,7,67719.59,147714.25,41780.93,98883.42,24209.59,255704.51
Coronary Artery Bypass Graft (CABG),79,3,2,suite,9,113377.46,218659.88,78443.49,103686.49,39733.1,654796.11
Normal Delivery,44,1,2,twin,2,13533.8,31349.76,10819.27,8675.78,6533.55,72534.76
Total Hip Replacement,67,2,2,general,6,38561.38,136297.81,39906.86,116874.19,23012.1,309016.1
Tonsillectomy,40,2,2,suite,3,21905.67,39841.37,10314.93,7433.88,4507.62,80867.92
Dengue Inpatient Care,41,1,2,single,6,49749.91,0.0,32979.35,12471.3,14386.61,113218.76
Kidney Stone Lithotripsy,59,1,3,twin,2,13193.65,50458.28,7543.88,9514.04,6556.82,85306.87
Caesarean Section,37,1,2,single,3,29637.43,84238.89,17760.67,20249.33,12600.22,165734.45
Appendectomy,82,3,3,twin,5,18711.72,28119.19,13962.49,15924.03,5385.55,74169.5
Dengue Inpatient Care,46,1,2,general,5,29535.71,0.0,26812.88,14127.18,14108.31,86016.76
Cholecystectomy,41,3,2,single,5,29015.48,42985.48,14737.45,19513.13,7378.19,105999.51
Hernia Repair,75,1,2,single,4,32006.92,51470.73,19362.85,18244.29,9379.98,113340.2
Coronary Angioplasty,18,2,1,twin,5,54710.97,118165.43,44849.22,104792.51,24497.24,333696.81
Kidney Stone Lithotripsy,79,1,1,twin,3,28233.28,74215.05,20457.11,18233.76,8850.57,171097.72
Appendectomy,19,1,2,general,2,14060.19,55641.97,8916.53,14597.97,8419.8,107888.21
Hysterectomy,25,1,2,general,4,30219.85,76813.97,25283.85,20170.44,14579.03,159736.24
Coronary Angioplasty,68,1,2,general,5,55800.87,144705.05,56207.45,80683.2,26695.93,393573.64
Total Hip Replacement,54,2,3,single,8,57048.77,129525.25,37189.97,90644.48,21570.34,343037.38
Coronary Angioplasty,53,3,2,twin,1,6979.89,84943.78,5113.51,83390.78,11618.13,196883.31
Dengue Inpatient Care,64,2,2,single,6,36490.25,0.0,24284.87,12906.42,11233.08,91433.88
Kidney Stone Lithotripsy,23,3,3,general,1,3106.22,24320.73,2190.39,9460.7,3061.78,43667.53
Caesarean Section,66,2,1,twin,5,39347.09,68581.44,31080.69,27658.94,13972.14,172799.23
Typhoid Inpatient Care,23,2,1,general,4,19101.6,0.0,15034.42,18750.6,8624.25,63798.3
Typhoid Inpatient Care,69,1,1,general,7,47966.16,0.0,43248.0,21639.19,17237.0,118767.35
Total Hip Replacement,22,2,1,general,7,63344.7,176353.91,54766.08,135712.56,34200.27,523387.45
Dengue Inpatient Care,53,1,2,twin,6,42281.77,0.0,32472.44,13965.31,14459.34,118480.6
Normal Delivery,61,3,2,general,3,11288.28,17152.9,9382.56,8751.23,5051.9,53422.97
Caesarean Section,47,3,3,suite,5,25802.34,35199.15,13297.47,14457.63,6317.65,98777.41
Hysterectomy,77,1,2,general,6,48410.5,84814.31,51386.46,26942.39,19705.36,248509.21
Cholecystectomy,69,3,1,general,4,21417.98,49585.95,17532.16,24807.88,10219.49,118413.34
Typhoid Inpatient Care,80,1,2,twin,8,49805.37,0.0,45508.36,18290.26,12378.77,121287.91
Appendectomy,74,1,2,twin,3,26091.76,66025.98,16046.57,18381.62,9595.89,136848.27
Tonsillectomy,43,2,2,twin,2,9851.4,32251.31,6078.48,8125.5,4859.36,66479.4
Hysterectomy,19,3,2,suite,6,43597.98,62099.23,19334.82,22785.28,10599.25,181813.25
Hernia Repair,71,1,2,general,4,26516.41,53192.3,22214.2,16402.0,10397.28,132767.27
Coronary Artery Bypass Graft (CABG),60,1,1,single,9,217681.94,429938.69,138264.18,114878.77,84555.06,1051577.62
Total Hip Replacement,74,2,2,twin,4,30093.8,129917.17,27922.09,114417.94,22963.15,300033.18
Dengue Inpatient Care,58,1,1,twin,6,56240.67,0.0,40371.19,15436.45,17713.37,130903.98
Hernia Repair,27,1,2,general,2,11701.85,42879.58,8962.17,15987.37,7647.88,97552.62
Tonsillectomy,65,2,1,twin,2,10923.04,32664.26,7079.1,8736.56,5066.14,55953.65
Hernia Repair,66,3,3,general,4,10716.09,20340.32,8918.21,12224.94,4028.14,47462.2
Total Hip Replacement,79,2,2,twin,6,43431.29,128726.46,43562.37,139521.81,25862.66,376281.79
Cataract Surgery,44,1,2,single,1,7192.37,39145.61,3756.58,12305.44,5178.03,69909.53
Coronary Artery Bypass Graft (CABG),79,2,1,single,13,214792.45,305665.15,154704.41,131422.04,69832.79,788870.72
Cholecystectomy,19,2,2,twin,4,24484.39,50146.6,16110.38,17070.0,8704.56,111081.55
Normal Delivery,40,3,2,suite,3,15611.82,20368.0,8721.67,8028.45,4393.76,62134.51
Kidney Stone Lithotripsy,40,3,2,twin,2,9370.13,35643.52,5165.04,12103.17,3892.58,66864.32
Hernia Repair,81,1,1,general,3,22728.43,64453.02,20380.73,21254.28,11966.14,125508.88
Typhoid Inpatient Care,20,1,2,twin,4,22751.66,0.0,18237.47,15716.26,10345.9,69240.53
Total Knee Replacement,70,3,1,twin,6,42085.21,132100.8,35529.13,132804.66,22246.2,367725.83
Total Hip Replacement,73,2,1,general,7,67732.02,184027.16,67447.66,168696.33,36874.05,517625.0
Coronary Angioplasty,34,1,1,single,3,50816.14,197055.95,36009.46,94057.68,31864.03,440445.27
Normal Delivery,42,2,2,twin,3,14948.1,24822.82,12668.88,8362.67,5730.08,62942.1
Cholecystectomy,58,3,2,general,5,19344.72,33144.23,14744.2,18142.24,7794.91,86565.35
Dengue Inpatient Care,43,3,1,twin,5,27381.23,0.0,18959.28,15881.68,10819.62,77140.5
Hysterectomy,19,3,2,twin,6,30559.78,47163.17,20108.3,23769.64,9709.76,117223.15
Hysterectomy,37,2,2,general,5,24799.11,55149.47,21018.06,22061.27,11560.06,142426.59
Dengue Inpatient Care,47,3,1,general,7,32356.61,0.0,29800.3,17137.3,11587.46,89524.97
Kidney Stone Lithotripsy,58,1,2,twin,2,16154.61,64355.19,9794.61,12320.98,8208.79,119403.74
Caesarean Section,73,2,2,twin,5,31406.45,54578.41,24058.54,23249.42,10924.93,160580.94
Coronary Angioplasty,61,3,2,single,4,33547.25,84319.15,21689.57,79510.12,15813.76,244870.18
Coronary Artery Bypass Graft (CABG),63,2,1,twin,9,119945.84,232647.88,92698.78,123793.03,50044.21,674219.31
Coronary Artery Bypass Graft (CABG),41,1,2,twin,6,92108.92,315894.24,68236.81,88417.22,51899.05,655084.85
Appendectomy,57,2,2,general,4,19510.96,39878.02,12107.3,15969.15,7931.91,90812.04
Coronary Angioplasty,76,2,2,twin,4,36982.1,99393.63,34725.14,103610.82,18924.51,274573.33
Kidney Stone Lithotripsy,38,1,2,twin,2,15674.48,56514.54,8604.78,12565.47,7201.93,105904.57
Normal Delivery,74,2,2,general,4,16987.2,20415.46,18452.13,9867.89,6260.69,76335.4
Tonsillectomy,72,2,1,single,4,28242.06,43592.77,19786.45,11764.56,6799.63,102796.83
Hernia Repair,21,2,1,twin,1,6336.05,48170.46,4249.55,16755.52,6928.01,81961.13
Cholecystectomy,62,3,2,twin,3,14804.64,40537.62,9822.75,17081.4,6835.06,78017.18
Coronary Angioplasty,41,2,2,twin,2,19242.92,112662.55,13653.46,79766.41,16746.66,219572.34
Normal Delivery,72,1,2,general,3,19438.83,32515.46,19718.93,10531.07,8073.92,101860.05
Total Knee Replacement,73,2,1,general,7,58019.4,154001.43,54503.18,144841.16,31746.58,470932.65
Cataract Surgery,52,2,2,general,1,3826.39,21793.64,2584.67,13585.34,3766.93,43456.0
Appendectomy,59,2,1,twin,2,13084.51,50416.24,8251.33,20507.02,8216.66,111893.29
Cholecystectomy,61,3,2,suite,2,14444.19,54391.46,6777.27,16847.14,7114.45,106481.98
Coronary Angioplasty,18,1,1,suite,3,63793.9,205240.4,30545.38,99323.85,26327.34,360802.48
Cataract Surgery,72,1,1,general,3,18317.91,38617.02,14240.28,17140.98,7305.87,104653.23
Cataract Surgery,49,3,3,twin,1,2768.65,17056.12,1829.38,9453.94,2161.75,33904.02
Coronary Angioplasty,43,1,2,single,4,57909.58,146061.91,34539.36,88386.51,23419.76,354815.76
Hernia Repair,66,1,2,twin,5,36294.66,51529.02,23295.26,14624.83,10502.2,128933.67
Appendectomy,28,3,3,single,2,9497.72,35402.83,4300.87,13356.24,4101.16,72194.95
Appendectomy,79,2,1,twin,4,27396.12,52495.58,20619.94,25154.71,9379.97,80659.83
Typhoid Inpatient Care,51,1,1,general,7,45236.19,0.0,39270.37,19641.96,15403.98,114328.7
Total Knee Replacement,57,1,1,twin,6,81935.69,243140.51,62674.34,124910.7,44332.69,547247.5
Hernia Repair,71,1,3,general,4,18710.3,37902.44,14117.08,13805.3,6461.4,93969.21
Total Hip Replacement,80,2,2,twin,7,57872.55,152570.32,48807.73,137702.14,29131.44,425179.18
Tonsillectomy,47,2,3,twin,2,8057.97,24875.92,4818.78,5476.64,3449.78,46127.65
Hysterectomy,37,2,2,single,3,21896.68,65493.51,14593.73,21632.69,11932.5,125770.52
Appendectomy,33,1,1,twin,3,30153.2,76515.34,17921.12,21177.12,12275.65,174598.19
Coronary Artery Bypass Graft (CABG),58,2,1,twin,9,136685.39,295819.2,98236.74,112269.78,63054.28,707811.64
Tonsillectomy,34,3,1,twin,2,9407.28,29236.1,6194.35,10285.57,3874.4,55809.22
Cholecystectomy,28,2,1,single,3,27397.13,71346.7,15069.36,21848.72,9783.97,162627.03
Appendectomy,22,2,2,suite,3,26315.3,56837.07,10211.34,17988.33,7680.97,114465.62
Typhoid Inpatient Care,53,3,1,general,5,18238.8,0.0,16484.7,17734.01,8509.48,61632.54
Typhoid Inpatient Care,39,2,3,suite,4,19380.54,0.0,10827.95,11936.21,5674.66,51347.27
Appendectomy,62,2,2,single,3,20387.49,49726.2,9733.35,15875.64,6409.92,96410.13
Typhoid Inpatient Care,45,1,3,twin,5,23941.69,0.0,18485.97,10802.75,9742.89,66623.22
Total Knee Replacement,67,1,2,general,3,28848.5,168736.53,24994.64,116675.69,25729.52,357993.74
Normal Delivery,66,1,1,twin,5,45607.18,44742.65,38913.53,12158.44,11992.98,142201.41
Tonsillectomy,54,3,2,suite,2,10313.85,28508.86,4654.24,8286.54,3252.09,55032.01
Coronary Artery Bypass Graft (CABG),66,1,1,general,7,113469.01,312675.3,102590.02,118869.45,73474.74,670086.56
Tonsillectomy,80,2,2,twin,4,17980.52,30645.68,14944.95,9970.86,4843.43,78445.3
Tonsillectomy,22,2,2,twin,2,9789.95,29404.59,6716.6,8053.03,4275.95,56593.37
Kidney Stone Lithotripsy,22,2,2,twin,2,11799.4,43489.08,6575.07,11541.51,5467.06,79710.05
Hysterectomy,29,1,1,general,4,35969.7,99447.16,28762.42,25761.15,17731.87,239868.63
Tonsillectomy,40,2,1,single,2,13621.38,41317.73,6966.65,9023.22,5494.7,66816.66
Total Knee Replacement,66,2,1,general,8,60030.84,147681.54,56794.11,133834.83,30428.99,454385.14
Typhoid Inpatient Care,50,1,3,general,7,29682.71,0.0,25475.57,11007.91,9682.85,70037.14
Typhoid Inpatient Care,25,1,3,single,3,15621.35,0.0,9686.12,11476.49,7196.75,40080.13
Coronary Artery Bypass Graft (CABG),24,1,3,twin,8,98298.2,224381.86,71146.47,72103.21,42191.55,499970.71
Hernia Repair,57,2,2,single,4,24314.72,43583.31,14044.32,15372.93,6974.91,94281.49
Caesarean Section,68,2,2,suite,6,56213.33,68839.09,26807.28,20828.23,12270.02,221201.61
Cataract Surgery,32,1,1,general,2,11695.54,38309.32,8723.55,16096.29,6044.28,75041.42
Typhoid Inpatient Care,52,2,1,single,6,39480.36,0.0,23574.54,19347.52,10260.84,92498.73
Total Knee Replacement,55,3,1,general,5,33412.47,120525.8,28814.99,146400.82,23471.2,349498.39
Normal Delivery,63,3,2,general,4,13270.1,16015.49,11927.68,8005.04,4396.17,41541.65
Total Knee Replacement,47,3,2,general,3,16420.22,89472.87,13677.01,99679.55,16939.58,219953.96
Coronary Artery Bypass Graft (CABG),34,2,1,twin,8,102120.07,241805.29,73654.73,113508.34,54012.71,558279.88
Kidney Stone Lithotripsy,46,2,1,general,2,11927.55,43386.19,8478.11,15302.38,6939.18,82981.54
Cataract Surgery,82,1,2,suite,3,26099.7,48296.17,13956.31,17712.38,5950.12,63986.02
Coronary Artery Bypass Graft (CABG),44,3,2,twin,10,91612.8,174596.98,61212.91,94947.22,42498.89,426621.47
Dengue Inpatient Care,54,3,1,general,6,26344.43,0.0,25475.23,18399.96,10374.92,92366.13
Cataract Surgery,31,1,1,twin,2,15018.36,42892.57,8942.95,15127.09,6275.41,97548.52
Kidney Stone Lithotripsy,77,2,1,general,4,25199.66,48694.99,19311.33,16014.14,7163.61,103036.33
Appendectomy,42,2,1,single,2,16791.24,58907.57,9090.52,22523.77,7821.08,117879.13
Coronary Artery Bypass Graft (CABG),69,2,3,single,10,100325.44,175163.17,70842.01,86348.74,37850.37,293919.37
Hysterectomy,61,1,2,single,4,43338.81,101818.39,27354.29,21850.62,17487.52,191279.52
Kidney Stone Lithotripsy,43,1,3,twin,2,11236.79,43549.87,6961.17,8836.23,5837.56,79107.38
Hernia Repair,77,3,3,twin,5,16554.11,24003.79,12883.06,14991.39,4480.94,90016.16
Coronary Angioplasty,70,2,1,twin,6,62344.76,119302.46,49267.65,114815.96,26368.0,379540.66
Cataract Surgery,50,2,1,general,1,4939.74,33753.28,3557.47,16692.26,4860.67,56133.68
Hysterectomy,38,3,2,general,5,19691.79,43870.05,17572.3,21325.91,10015.73,107367.21
Coronary Angioplasty,38,2,3,general,5,31061.71,70624.35,25937.55,60534.39,16499.17,192287.87
Appendectomy,40,1,1,twin,3,28075.81,74657.64,15761.73,21057.29,11020.95,151840.19
Normal Delivery,79,2,1,twin,4,25921.12,31411.97,24187.48,14337.01,7769.88,106742.17
Total Hip Replacement,30,2,2,twin,6,50629.16,149198.42,37050.22,125641.81,23862.12,348157.59
Normal Delivery,42,1,3,general,1,4955.35,24459.55,4644.75,6563.26,5261.57,41783.17
Coronary Artery Bypass Graft (CABG),42,2,2,twin,5,61542.83,204997.22,43394.26,95201.82,38626.82,469511.02
Total Hip Replacement,23,3,1,single,4,36363.97,149042.07,22422.77,134333.24,20729.65,325905.23
Coronary Angioplasty,39,2,3,twin,3,20743.88,86691.92,15724.26,57308.97,14706.72,212816.77
Total Hip Replacement,30,1,3,twin,6,55365.52,159031.96,40220.5,89278.3,26615.66,406659.12
Caesarean Section,66,1,3,general,4,25459.41,53719.51,22205.6,15283.69,13379.63,105467.43
Typhoid Inpatient Care,34,2,1,single,5,29552.8,0.0,18677.78,17567.42,9952.02,67175.3
Total Knee Replacement,20,2,1,general,5,41065.45,149906.56,31709.83,133121.18,29221.31,352302.21
Cataract Surgery,64,1,3,twin,2,9379.91,28061.54,6496.66,10990.92,4586.43,53151.49
Coronary Angioplasty,79,1,2,suite,5,83251.51,170316.77,51121.29,97012.14,25389.96,439313.79
Coronary Angioplasty,68,2,3,twin,6,40067.95,75803.53,33634.9,61873.68,14073.69,186088.14
Total Hip Replacement,73,2,3,twin,9,56437.07,106636.1,49103.64,103112.58,25708.32,295071.55
Cataract Surgery,68,1,2,single,2,15326.18,41425.86,8868.68,13865.44,6479.66,81683.99
Tonsillectomy,40,2,2,twin,3,13569.4,28163.32,9097.68,8137.25,4472.73,63194.07
Appendectomy,62,3,2,general,3,12638.53,35719.77,8070.79,16367.01,6253.49,81381.53
Cholecystectomy,76,2,1,single,4,35115.52,68822.17,23433.51,24006.83,11095.16,140519.1
Total Knee Replacement,23,1,2,general,4,33178.91,151547.88,27839.37,98994.63,29011.71,316371.76
Total Knee Replacement,23,3,2,twin,4,23645.0,98254.0,16425.2,100264.88,17606.65,290903.46
Normal Delivery,76,3,2,single,4,18617.56,21008.09,14200.78,10760.48,5088.63,86390.52
Cataract Surgery,42,2,2,twin,1,4300.27,25896.6,2639.59,12972.69,3783.52,52478.91
Normal Delivery,75,2,1,general,3,15058.69,27871.77,15737.92,12320.47,6413.36,73968.05
Coronary Artery Bypass Graft (CABG),58,1,2,general,7,100725.95,300625.85,76637.67,102795.74,58513.64,606848.4
Total Hip Replacement,47,2,2,suite,5,57043.36,186624.88,29612.3,123801.36,21847.68,425112.53
Appendectomy,46,2,2,general,3,15089.07,40128.41,9452.54,17809.76,7173.61,91247.15
Total Knee Replacement,78,1,2,general,6,59249.0,171645.08,58526.29,119571.46,34411.61,327155.88
Typhoid Inpatient Care,37,2,2,general,5,19835.09,0.0,18302.55,16320.82,7827.29,60173.36
Caesarean Section,66,2,3,twin,7,30898.81,39331.12,23690.66,16270.27,8454.53,140991.98
Tonsillectomy,21,1,2,single,2,15825.69,46656.08,8875.83,8185.29,5916.21,77536.6
Tonsillectomy,31,2,1,twin,2,13307.37,39566.09,8872.68,9095.11,5548.99,74484.78
Dengue Inpatient Care,41,2,2,general,3,12645.99,0.0,11741.94,11323.07,7630.78,38352.59
Total Knee Replacement,23,2,2,general,5,32566.16,114198.07,27705.38,102927.15,23529.66,257755.79
Appendectomy,34,3,1,general,4,20885.06,44559.46,13800.43,20340.83,7787.33,118168.19
Appendectomy,57,1,1,general,3,25985.85,72253.5,17804.56,20964.48,11593.67,161600.4
Hysterectomy,73,2,2,single,7,55933.16,71811.64,40535.65,23848.96,14686.97,211812.35
Typhoid Inpatient Care,47,2,3,twin,5,17311.14,0.0,13841.52,12469.15,6318.11,56883.1
Total Hip Replacement,57,2,2,general,6,39594.11,122328.18,31969.65,106624.7,24444.9,321757.18
Total Knee Replacement,54,1,2,single,4,49379.79,177914.81,28794.6,99485.36,28944.63,375264.2
Normal Delivery,33,1,2,twin,2,14062.46,29472.66,9961.59,9084.11,7685.69,71399.62
Normal Delivery,40,2,3,twin,2,7676.48,17508.67,5382.86,6253.98,3867.61,41084.55
Kidney Stone Lithotripsy,63,1,1,single,2,22965.53,74944.4,10845.67,14637.56,9037.8,135492.77
Cataract Surgery,37,1,2,general,1,5662.94,35881.92,3778.0,11786.82,4683.64,61791.56
Dengue Inpatient Care,77,1,2,general,7,43540.49,0.0,43951.67,16487.79,15455.83,127801.05
Normal Delivery,43,2,2,single,2,12225.77,29497.88,7684.99,8290.51,5655.7,55241.38
Dengue Inpatient Care,33,2,3,twin,6,25795.03,0.0,18431.69,9493.56,8539.73,73834.34
Dengue Inpatient Care,49,1,1,twin,4,34617.15,0.0,28056.87,15160.1,16862.95,77353.15
Cholecystectomy,51,2,1,twin,3,21826.19,55673.15,14153.62,21376.82,9213.47,115604.27
Total Hip Replacement,72,2,2,general,7,48400.12,141125.86,44675.39,125707.89,27096.02,344896.93
Coronary Artery Bypass Graft (CABG),74,1,2,twin,11,189394.4,329922.15,171522.57,103578.24,74826.76,792391.49
Tonsillectomy,48,3,1,single,1,4964.42,28591.33,2914.64,8994.25,3500.37,55112.43
Total Knee Replacement,35,2,3,suite,4,33124.72,135551.26,16202.52,80361.67,17049.5,294689.25
Total Hip Replacement,55,1,3,single,9,85585.38,163474.5,52933.7,95466.67,28922.25,406928.23
Cholecystectomy,25,1,1,twin,2,20408.26,89033.12,13906.79,21970.07,14691.0,160138.71
Hysterectomy,56,3,1,general,4,20335.9,56015.27,16536.14,28671.48,10356.97,145108.28
Normal Delivery,76,3,2,general,4,15660.59,17678.1,15930.75,10724.74,5375.04,50636.52
Total Hip Replacement,35,1,2,twin,7,79973.94,205637.9,57107.39,111053.33,41457.79,554254.97
Appendectomy,39,1,3,twin,3,17486.69,46204.17,10307.96,13428.96,7353.72,93562.02
Dengue Inpatient Care,71,1,2,single,6,53052.24,0.0,38470.39,14337.32,15686.66,162081.2
Coronary Artery Bypass Graft (CABG),62,1,3,general,6,67353.36,241625.0,53880.73,74696.61,45504.5,443552.99
Cholecystectomy,49,1,2,twin,3,26379.3,72017.61,16340.71,16856.15,11606.38,140543.04
Coronary Angioplasty,40,1,2,general,4,42935.32,136705.19,36061.19,77141.82,27320.66,304136.98
Tonsillectomy,36,3,3,twin,2,5824.02,18552.51,4049.95,6215.17,2661.38,40778.41
Coronary Artery Bypass Graft (CABG),26,1,2,single,5,92600.64,315061.59,56779.01,87785.83,46334.29,685128.78
Tonsillectomy,47,2,2,twin,2,9057.7,27429.93,5777.51,7353.15,4174.63,50988.34
Coronary Angioplasty,23,1,1,twin,5,80172.0,192883.92,64894.87,98299.32,38364.99,443285.81
Typhoid Inpatient Care,68,2,3,general,6,17460.84,0.0,17824.79,11689.12,7352.49,51135.64
Cholecystectomy,47,2,2,twin,2,11516.89,46962.65,7966.91,17780.08,7357.16,92308.78
Total Knee Replacement,23,1,2,twin,7,75801.93,174047.47,55125.26,105706.74,38022.92,499900.68
Typhoid Inpatient Care,73,2,2,twin,7,29687.43,0.0,26142.81,18151.7,9556.9,84778.2
Typhoid Inpatient Care,28,2,2,single,4,20808.14,0.0,13318.69,14358.35,7298.07,49917.05
Cholecystectomy,46,1,2,suite,3,35356.18,79126.55,16534.85,19452.56,12819.05,135712.02
Kidney Stone Lithotripsy,75,3,2,general,3,12290.97,33095.21,10103.16,11999.99,5027.28,77474.03
Cataract Surgery,62,1,2,general,1,5849.97,37776.27,3909.56,13559.56,5699.03,60514.3
Kidney Stone Lithotripsy,33,3,1,general,2,10837.25,43273.23,6413.08,14201.26,5510.28,88012.24
Cholecystectomy,46,2,3,general,3,12679.78,35547.89,9609.36,14357.56,7291.3,74119.55
Tonsillectomy,42,3,1,suite,1,6799.0,34272.98,2906.81,10584.91,3603.05,61671.33
Caesarean Section,43,2,1,general,3,21010.51,57653.93,16420.0,22636.27,13816.82,120316.46
Total Hip Replacement,45,3,3,general,7,31217.74,85383.97,23738.6,85348.85,16508.12,257211.39
Total Knee Replacement,68,2,3,twin,9,54079.89,109149.32,40632.46,88514.82,22455.61,302819.32
Typhoid Inpatient Care,73,1,2,single,7,48429.65,0.0,33299.79,16468.58,11630.18,114872.39
Cataract Surgery,76,2,1,general,3,14158.1,30420.6,11605.35,17897.64,5471.23,68090.08
Total Hip Replacement,78,2,2,suite,10,115931.43,170433.12,70413.42,118322.01,30077.5,529318.62
Kidney Stone Lithotripsy,33,2,3,single,3,15004.74,34571.97,8167.54,8829.0,4114.23,73322.45
Tonsillectomy,67,2,2,twin,3,14644.5,26721.46,9172.22,8216.96,4551.2,69435.1
Coronary Angioplasty,74,2,3,single,5,39969.93,77386.01,28990.43,64174.34,15607.58,213513.01
Cholecystectomy,62,1,2,twin,3,26483.94,77286.26,18488.63,18866.18,13565.46,167075.94
Normal Delivery,62,2,2,twin,3,16422.36,26530.22,12183.86,9415.33,5520.1,72478.93
Kidney Stone Lithotripsy,18,3,2,twin,2,8949.74,36735.69,5364.78,13129.72,4539.49,58529.48
Cholecystectomy,51,1,2,general,2,14706.78,68674.53,11347.49,17095.61,12350.77,134919.41
Caesarean Section,30,1,1,single,4,52895.71,107451.03,29612.18,25494.29,18420.54,237684.14
Normal Delivery,53,1,2,single,1,8691.27,35676.69,5739.75,8678.23,6425.24,65828.76
Normal Delivery,75,1,3,general,3,15332.5,26808.24,14490.04,8842.83,6992.88,79255.51
Hysterectomy,33,3,3,twin,5,18818.48,37337.43,12290.58,15459.14,7398.51,84841.78
Typhoid Inpatient Care,53,3,2,single,6,24215.73,0.0,15667.53,14285.25,7271.23,59889.91
Kidney Stone Lithotripsy,61,1,1,general,2,17426.63,68595.05,10849.86,16046.73,10049.96,133712.76
Total Hip Replacement,52,1,2,suite,4,65695.53,264304.28,36233.01,109555.84,30560.84,526326.12
Hysterectomy,62,2,2,suite,4,36697.86,78381.91,19174.9,24935.52,12592.39,196689.91
Hernia Repair,53,1,3,suite,4,33360.49,54284.18,15121.47,13491.53,8613.52,126144.69
Hysterectomy,43,1,2,general,4,30361.39,79611.66,25017.27,22028.29,15067.36,163842.08
Cataract Surgery,52,1,2,general,1,5732.27,38220.59,3946.52,13681.82,5636.72,61627.41
Coronary Artery Bypass Graft (CABG),51,2,2,single,10,146409.07,231566.77,87413.28,106129.92,53582.22,537781.38
Total Hip Replacement,67,1,1,twin,6,77185.84,224255.64,62101.21,136723.79,43615.08,562114.3
Total Knee Replacement,68,1,1,twin,7,89284.62,213799.34,75549.06,137220.39,45321.42,602711.69
Hysterectomy,47,1,3,suite,4,38513.53,71085.28,16687.91,15749.04,11035.5,161195.61
Total Hip Replacement,51,2,2,general,7,44129.64,123694.63,39076.39,108749.75,26188.53,345833.15
Cholecystectomy,29,1,1,single,4,53538.95,91916.12,26924.92,21797.14,15763.47,182873.96
Hernia Repair,57,3,3,twin,2,6945.15,23120.21,3998.51,13475.03,4170.83,54386.85
Dengue Inpatient Care,74,2,1,twin,5,32257.13,0.0,30283.51,18318.4,13644.33,101610.24
Coronary Artery Bypass Graft (CABG),37,2,2,twin,8,87311.01,193431.72,65762.66,81099.44,41795.4,526057.49
Total Knee Replacement,43,3,2,single,6,42881.58,111434.61,26891.51,100397.62,19833.92,315085.21
Tonsillectomy,61,2,1,twin,2,11790.15,37237.26,8358.02,9324.89,5841.63,62914.51
Normal Delivery,19,3,2,twin,2,8404.8,22108.24,6313.76,8715.4,4265.94,54591.47
Cataract Surgery,25,1,3,single,2,10499.64,28929.84,5436.92,10535.73,3943.82,60922.54
Normal Delivery,59,3,3,twin,2,6878.93,14780.53,5215.39,6824.78,3293.26,38301.54
Caesarean Section,42,2,1,general,2,12252.74,57913.66,10708.05,23986.72,11768.72,117441.2
Caesarean Section,22,3,2,suite,3,20900.13,50833.97,11333.22,20611.68,8170.92,114671.71
Normal Delivery,46,1,3,twin,2,10363.19,24376.64,7940.83,6897.44,5372.21,44683.03
Hysterectomy,41,1,3,general,4,26002.1,71240.54,22072.99,18638.19,13115.72,163053.75
Kidney Stone Lithotripsy,41,1,1,single,2,23974.53,74302.42,10810.47,15575.03,8395.92,143411.19
Typhoid Inpatient Care,78,2,2,twin,6,25912.41,0.0,23265.82,18187.16,9141.19,64178.37
Tonsillectomy,80,2,3,general,4,12469.69,20266.32,10880.01,6789.49,3367.48,66305.54
Hysterectomy,78,2,3,general,5,19654.47,39643.93,19561.49,18228.93,9586.21,124255.93
Total Hip Replacement,68,3,1,twin,9,68052.52,123240.4,50420.42,156861.0,29868.74,387144.85
Typhoid Inpatient Care,36,1,2,twin,5,33004.13,0.0,23019.19,17480.9,12177.78,84661.91
Hysterectomy,41,1,2,twin,5,41987.99,81135.21,27928.44,21199.53,18344.86,186850.57
Hernia Repair,68,1,2,general,4,24439.02,47856.28,20563.42,15126.13,9831.67,119527.62
Coronary Artery Bypass Graft (CABG),59,2,2,suite,5,87881.42,260190.17,40388.71,96853.61,39120.17,555525.46
Hysterectomy,67,2,1,general,7,50421.55,78589.12,45769.77,32625.13,17652.7,193548.73
Normal Delivery,41,2,1,general,1,4819.82,25711.27,4392.84,11158.53,5313.29,49063.02
Cholecystectomy,37,2,3,general,3,11380.89,34449.59,7982.4,12423.01,5651.34,77366.63
Tonsillectomy,20,2,1,twin,2,11606.44,33144.23,7753.18,9199.87,4571.47,61444.1
Hernia Repair,22,2,1,general,4,21296.78,44997.96,14873.06,18308.75,9184.22,114262.49
Kidney Stone Lithotripsy,66,1,1,single,4,43928.93,77923.86,23927.05,17342.89,9378.7,156739.52
Tonsillectomy,58,1,3,twin,2,10331.66,35318.65,6539.58,5597.08,4635.43,66674.17
Kidney Stone Lithotripsy,40,1,2,general,3,22291.69,59718.55,14113.62,13272.49,7912.9,117950.03
Coronary Angioplasty,63,1,2,single,5,74746.56,158605.45,49035.81,82278.83,27631.78,406308.43
Typhoid Inpatient Care,38,1,2,twin,5,30147.7,0.0,22281.69,14105.22,11771.18,73337.41
Tonsillectomy,66,2,1,twin,4,24587.67,40434.5,18249.79,10049.95,6562.71,105223.74
Coronary Artery Bypass Graft (CABG),44,2,2,general,8,78013.29,188298.33,60561.32,85556.17,37761.59,464348.82
Hysterectomy,18,3,3,general,3,10481.18,34613.34,8770.33,19468.04,6397.48,71820.06
Cataract Surgery,41,2,2,general,1,3797.29,21975.33,2494.94,13069.34,3601.26,44215.81
Total Hip Replacement,20,2,3,single,6,44958.9,120388.18,26409.25,97245.22,19400.27,307500.12
Normal Delivery,20,1,1,twin,2,16374.13,37615.74,13566.98,10044.15,9410.17,95634.17
Normal Delivery,26,1,2,twin,4,28430.19,32625.27,23522.6,8694.64,9323.63,92018.04
Tonsillectomy,56,3,2,twin,2,7976.24,23703.87,4956.06,8167.23,3238.41,53035.6
Normal Delivery,71,1,2,twin,4,29340.58,33255.55,26470.22,10120.29,8847.28,125150.31
Cholecystectomy,54,1,2,twin,3,22938.05,68288.96,14563.35,17410.74,11280.23,143039.54
Coronary Artery Bypass Graft (CABG),79,1,1,general,8,134814.27,347015.05,138504.06,126336.46,77367.65,775306.75
Kidney Stone Lithotripsy,72,2,2,single,3,19336.08,47250.49,10704.14,13469.71,5458.82,93973.25
Cholecystectomy,68,2,2,twin,5,30416.91,48627.65,19991.62,20711.37,9204.73,112652.92
Total Knee Replacement,42,1,2,suite,5,71548.29,198829.76,33964.23,108837.4,31173.66,476698.38
Typhoid Inpatient Care,66,1,1,twin,7,56417.82,0.0,42941.45,21402.4,15906.27,118489.69
Cholecystectomy,32,1,2,twin,4,35680.15,74810.29,23120.02,19711.28,13636.19,154623.47
Appendectomy,67,2,3,single,5,25941.81,37446.38,14330.78,14290.47,6455.96,103794.27
Normal Delivery,33,3,3,single,2,7667.72,17541.97,5304.29,7167.61,3580.43,47560.15
Typhoid Inpatient Care,75,2,2,general,8,34017.97,0.0,33974.88,17202.92,9761.93,125464.56
Tonsillectomy,55,1,2,single,2,15424.73,42611.86,8127.93,7857.84,5143.25,79718.66
Appendectomy,57,2,3,general,5,20651.94,31448.21,13308.87,13940.96,7347.9,96589.3
Total Hip Replacement,51,3,3,suite,5,33638.36,101721.48,18146.9,94169.72,15165.82,296704.5
Hysterectomy,45,2,2,single,3,22074.82,70124.0,12591.84,23300.34,10464.27,128872.64
Hysterectomy,82,2,1,twin,5,38409.08,78476.38,35014.34,35935.33,16590.62,200321.57
Dengue Inpatient Care,35,2,3,twin,3,12157.09,0.0,9550.37,10738.55,6646.4,37825.74
Typhoid Inpatient Care,78,1,2,single,8,54750.09,0.0,42727.93,19140.5,12773.26,111238.83
Kidney Stone Lithotripsy,37,3,3,suite,3,15536.01,31157.67,5599.47,9090.64,3369.95,64793.53
Coronary Artery Bypass Graft (CABG),38,1,2,general,9,112630.62,247175.5,98270.91,91590.28,60397.79,625272.13
Hysterectomy,40,3,2,twin,4,19392.25,42803.51,12621.93,20867.93,7910.98,96471.14
Appendectomy,61,2,2,general,2,10722.02,46474.02,7356.45,16203.98,6646.37,101902.34
Hysterectomy,30,2,1,twin,5,40492.97,81534.0,28314.9,28417.52,14542.91,190852.2
Typhoid Inpatient Care,42,2,3,single,7,26423.56,0.0,16660.53,12285.07,6392.5,57750.03
Total Hip Replacement,57,3,2,twin,8,47809.64,107091.26,36688.58,119060.03,20952.7,278482.3
Total Knee Replacement,69,3,2,general,6,29051.43,91107.47,25701.61,103266.27,18755.41,336569.87
Total Knee Replacement,42,1,2,single,4,48895.99,196866.4,32021.49,104944.01,28239.66,414520.59
Cataract Surgery,34,3,1,single,1,4930.45,26527.31,2592.78,16610.71,3735.75,50048.96
Coronary Artery Bypass Graft (CABG),65,1,1,single,6,152842.13,431441.58,89393.84,133510.18,68986.7,821901.13
Dengue Inpatient Care,44,2,2,twin,6,29702.97,0.0,23162.97,11594.73,11164.04,77691.9
Coronary Artery Bypass Graft (CABG),74,3,2,suite,10,139663.19,208341.84,80712.99,103918.55,40180.97,663365.92
Cholecystectomy,26,1,2,twin,3,23428.67,61663.14,15402.49,17831.85,11192.21,133447.02
Appendectomy,65,2,1,single,3,25330.43,63826.95,13389.71,20602.41,9781.66,123935.25
Cataract Surgery,69,2,1,general,2,9774.91,32022.07,7172.43,19443.27,5324.38,59839.91
Caesarean Section,53,3,3,single,6,28851.05,36992.1,16473.02,15794.86,8496.74,96286.07
Typhoid Inpatient Care,24,1,2,general,6,32207.48,0.0,26732.42,14748.6,12596.21,92824.93
Hysterectomy,78,1,1,single,7,91209.8,115853.83,69340.39,32821.23,23733.55,273730.44
Appendectomy,21,2,2,twin,2,11946.06,44739.97,6850.55,16297.91,6736.51,89092.64
Hernia Repair,82,3,3,general,4,11107.52,22434.26,11243.16,13343.96,4459.21,67200.3
Normal Delivery,74,1,1,twin,4,34610.54,42233.86,32573.84,11530.7,9847.63,123131.99
Kidney Stone Lithotripsy,24,1,3,general,3,17630.16,41496.99,11294.41,8858.93,6436.47,82483.54
Dengue Inpatient Care,22,3,2,single,5,22797.55,0.0,14349.35,13843.68,7085.99,54659.39
Typhoid Inpatient Care,66,1,2,single,6,43191.34,0.0,30339.32,16199.96,12464.44,101054.11
Dengue Inpatient Care,34,3,1,general,4,16791.94,0.0,13838.87,14777.72,9065.59,47652.71
Appendectomy,57,1,1,twin,3,26755.58,75315.41,17253.56,19272.07,11156.04,150272.07
Typhoid Inpatient Care,81,2,3,single,6,22910.14,0.0,19078.36,13058.56,6649.81,67525.56
Coronary Artery Bypass Graft (CABG),75,2,3,single,13,125608.45,176830.85,99408.56,76738.39,43731.77,575928.63
Normal Delivery,77,2,2,twin,3,15790.91,23806.36,13693.46,10463.13,5308.36,79685.92
Appendectomy,30,3,1,twin,3,17564.05,44312.46,10257.17,20917.81,6941.17,101818.53
Total Knee Replacement,46,3,3,twin,5,22551.49,76365.33,15592.43,82687.34,14280.07,209283.15
Normal Delivery,31,1,2,suite,2,20495.48,41635.34,10576.45,9077.35,6976.79,76623.82
Typhoid Inpatient Care,68,1,2,general,8,43998.33,0.0,41675.75,15718.34,15108.49,115960.76
Coronary Artery Bypass Graft (CABG),74,2,1,twin,6,83556.74,250451.5,66170.21,139140.29,49238.42,537105.44
Coronary Artery Bypass Graft (CABG),29,1,2,twin,7,105164.77,308536.1,77292.77,92934.55,51950.98,662172.77
Tonsillectomy,82,2,2,twin,3,14168.85,29864.06,12533.06,10573.58,4785.71,75982.24
Tonsillectomy,34,2,1,single,2,14517.45,36949.45,7321.08,10321.6,5146.31,80072.3
Hernia Repair,62,2,2,single,3,19529.62,40411.81,10512.3,15275.27,5993.97,94609.43
Cataract Surgery,25,1,2,twin,2,11437.57,35275.93,7632.35,14200.77,5105.72,60660.78
Dengue Inpatient Care,38,2,1,general,4,22522.07,0.0,20160.69,17400.87,12101.41,77240.27
Caesarean Section,41,2,1,general,3,20062.42,56229.92,15106.31,22955.51,12354.35,132655.6
Cholecystectomy,69,2,1,general,6,39444.1,54962.68,33257.78,25412.63,12970.33,183341.42
Cholecystectomy,79,2,3,general,5,19814.16,35353.95,18506.85,16698.24,7513.61,103797.54
Appendectomy,37,3,2,general,3,10968.22,31933.44,7722.04,17138.87,5532.48,68876.42
Kidney Stone Lithotripsy,42,1,2,single,2,18040.73,57121.8,8486.0,12512.58,7378.33,104020.38
Total Knee Replacement,72,3,1,suite,6,64597.67,150673.45,36463.31,132699.01,26737.39,400948.59
Cholecystectomy,30,1,2,twin,2,16677.56,72127.84,11514.02,18026.72,11331.45,124270.85
Cholecystectomy,26,1,2,general,2,14902.43,58452.27,10013.16,16078.5,11757.82,119303.64
Coronary Angioplasty,57,3,3,twin,5,27360.09,66330.42,21953.99,68861.8,13478.58,191708.43
Typhoid Inpatient Care,47,3,2,suite,5,24398.08,0.0,11951.19,13684.42,5783.39,66066.66
Total Hip Replacement,69,2,2,general,8,61600.89,134537.07,57651.25,129660.53,33432.16,526087.1
Total Knee Replacement,33,1,3,twin,7,55613.34,138853.23,41195.38,82291.39,29681.09,403650.66
Appendectomy,78,1,1,twin,5,53496.85,82096.95,35472.9,25270.73,15552.25,214971.0
Tonsillectomy,59,1,1,suite,1,12216.86,62419.99,4909.08,9326.4,6340.13,103958.94
Cataract Surgery,62,1,1,twin,2,16239.25,47144.44,9546.48,15807.45,7555.16,86773.64
Total Hip Replacement,25,1,1,single,8,140765.19,309018.69,90564.3,134690.49,59174.0,755796.58
Dengue Inpatient Care,69,3,2,single,7,30209.12,0.0,22617.53,14553.04,7988.88,77216.62
Coronary Artery Bypass Graft (CABG),29,1,2,twin,8,138754.83,346332.49,106541.75,99460.29,69301.16,745775.2
Dengue Inpatient Care,23,2,2,single,4,25130.76,0.0,16304.28,13786.69,9179.62,56673.42
Cataract Surgery,26,1,2,twin,1,6347.78,37622.74,4098.84,12993.28,5170.62,67750.73
Hernia Repair,45,1,2,single,2,19299.18,60111.16,10528.48,15609.8,8195.79,117584.05
Appendectomy,53,2,3,twin,2,8141.89,35844.05,4831.63,11851.18,4572.46,59682.22
Cataract Surgery,54,1,2,twin,1,6163.08,32973.5,3522.03,14193.39,5238.29,67916.92
Normal Delivery,67,2,1,twin,5,32772.25,28983.36,25804.35,11465.23,8767.46,130834.54
Hysterectomy,75,2,3,single,6,33297.89,56540.37,24804.06,19349.61,9902.25,142980.5
Hernia Repair,53,2,1,twin,4,25394.97,45785.65,15942.93,18718.9,7527.88,102494.82
Total Hip Replacement,31,1,1,twin,6,89825.54,246985.64,64804.32,153070.68,46803.3,633886.89
Hernia Repair,59,2,2,twin,3,15423.88,35631.35,9969.49,16445.16,5552.21,92912.78
Tonsillectomy,64,2,3,twin,3,10634.97,24000.39,6820.27,6883.66,3267.64,47913.8
Dengue Inpatient Care,25,2,1,twin,10,64336.71,0.0,44727.26,14763.81,15997.85,122586.78
Total Hip Replacement,62,2,3,general,5,28406.07,109395.7,24697.33,83416.76,20561.35,249328.03
Normal Delivery,27,2,1,single,3,22538.76,31824.73,15140.59,10142.99,7122.13,88150.43
Cataract Surgery,70,2,1,twin,3,15809.36,33441.4,11750.28,16398.49,4877.06,89253.29
Total Knee Replacement,36,3,1,twin,5,33717.0,118988.09,26773.97,127767.81,22696.04,302523.37
Dengue Inpatient Care,81,1,2,twin,7,45551.4,0.0,46423.16,15027.87,16502.74,109271.07
Kidney Stone Lithotripsy,81,2,3,single,3,15215.75,38812.61,9455.07,11301.2,4350.62,72550.11
Hysterectomy,34,2,1,general,5,32231.28,65692.22,28425.21,25207.67,13586.44,157886.19
Kidney Stone Lithotripsy,34,2,3,single,2,10879.67,35662.65,5082.3,10002.93,4105.43,59802.84
Hernia Repair,72,2,2,single,6,39039.11,39253.8,21566.94,17077.92,7667.34,127587.27
Normal Delivery,33,2,2,general,1,4704.37,23894.37,4297.03,9033.03,4689.94,46933.74
Typhoid Inpatient Care,40,1,1,single,6,51362.62,0.0,31486.71,18201.05,14808.3,108585.02
Cholecystectomy,29,2,1,general,3,18733.36,50551.03,13397.72,19150.23,11190.88,105185.26
Typhoid Inpatient Care,39,2,2,suite,2,13194.76,0.0,6952.76,16825.9,6695.11,43589.24
Total Hip Replacement,43,2,3,single,6,49871.17,139866.91,31140.78,85703.74,23153.48,332235.49
Hysterectomy,50,2,1,single,4,36002.58,86368.03,20645.51,26758.38,13866.79,206608.11
Total Knee Replacement,40,3,2,twin,5,33344.62,118998.72,25262.51,111106.26,19611.2,287220.58
Appendectomy,39,1,2,single,4,35761.37,68661.24,17937.34,15436.52,10306.96,149369.18
Normal Delivery,23,3,1,twin,2,10319.14,22493.06,7657.42,10715.66,5000.3,59867.39
Tonsillectomy,69,2,1,single,4,29302.91,42418.61,17822.21,10863.33,5871.14,107405.94
Dengue Inpatient Care,51,2,1,general,5,26984.35,0.0,21209.15,14804.54,12638.84,73520.37
Dengue Inpatient Care,36,1,1,general,2,15491.48,0.0,12895.96,16864.61,15103.07,60043.04
Tonsillectomy,37,1,2,single,2,15777.66,44409.45,8631.61,7573.74,5811.68,77272.94
Cataract Surgery,80,1,2,general,3,15920.44,29978.31,13727.01,15781.13,5823.5,71811.69
Coronary Artery Bypass Graft (CABG),33,3,2,suite,7,86956.66,212619.78,44704.09,95996.93,32689.66,490795.93
Cholecystectomy,64,3,2,single,3,17092.75,48586.68,9911.58,16974.6,7154.21,98712.32
Total Knee Replacement,29,1,2,single,5,63701.36,194155.84,38401.38,103090.16,31450.01,495329.65
Hernia Repair,69,1,2,suite,5,52885.8,61075.75,27103.27,17724.69,10171.95,171659.56
Coronary Artery Bypass Graft (CABG),53,3,3,general,8,49581.37,129680.3,43339.35,78218.22,28826.97,359728.91
Hysterectomy,42,2,2,twin,4,24161.26,58366.94,17682.37,19650.59,10980.49,126441.93
Tonsillectomy,39,3,3,general,2,5206.92,16053.88,3526.31,5676.25,2505.99,33297.74
Cataract Surgery,23,2,1,twin,1,5055.94,30949.87,3231.94,14066.51,3914.46,56674.83
Dengue Inpatient Care,45,1,1,single,6,66472.6,0.0,43984.05,15787.01,18363.82,117661.11
Tonsillectomy,65,1,3,twin,3,17401.8,35114.95,12059.86,6113.27,5292.41,70268.62
Dengue Inpatient Care,44,2,3,general,3,9872.44,0.0,9181.85,9817.37,7049.17,38025.3
Cholecystectomy,64,2,2,twin,4,25183.96,47541.25,17508.61,18621.98,9693.61,129618.83
Kidney Stone Lithotripsy,40,2,1,general,2,12026.1,52273.52,8614.82,14559.63,6520.46,87537.43
Cholecystectomy,18,2,1,single,5,43443.77,66735.17,22346.97,22130.34,10844.52,173227.79
Normal Delivery,61,1,3,twin,2,11767.84,26707.12,8558.01,6555.42,6174.17,55845.51
Tonsillectomy,27,3,1,single,2,10688.38,31248.25,5975.79,9806.84,3955.17,58926.18
Coronary Artery Bypass Graft (CABG),77,3,2,single,9,101482.08,182901.62,76617.29,115987.07,40518.01,615515.51
Cholecystectomy,75,2,3,twin,3,15036.84,40721.98,10958.11,17788.01,7400.47,119648.15
Kidney Stone Lithotripsy,59,3,2,twin,1,4688.63,35161.02,2705.19,13171.72,3506.01,58601.73
Normal Delivery,27,1,1,single,2,21249.75,42419.01,13244.21,11400.54,9324.48,92214.19
Total Hip Replacement,34,1,2,single,5,60790.36,221106.16,39935.7,108895.21,32491.32,396206.49
Kidney Stone Lithotripsy,43,2,1,twin,2,14401.07,51196.17,8422.51,15274.27,5892.34,89805.22
Hernia Repair,19,2,2,single,2,12271.42,40200.78,6362.27,15408.84,5594.51,79318.12
Normal Delivery,36,2,1,single,2,14958.45,30580.48,8972.26,11931.76,5819.72,76487.92
Tonsillectomy,70,2,2,general,3,11569.07,27575.43,9525.1,7842.69,4086.59,66831.07
Total Hip Replacement,48,3,1,twin,7,54304.82,143691.85,39560.77,151098.55,29765.35,419839.66
Cataract Surgery,67,1,2,suite,3,24545.13,39971.78,12068.55,14476.92,6188.81,87443.04
Appendectomy,75,3,1,suite,4,33297.82,51303.0,16363.98,24151.87,8219.97,116194.88
Caesarean Section,72,2,3,general,5,21857.05,39923.81,18647.78,17296.18,8396.69,94261.91
Cholecystectomy,75,3,3,twin,5,20689.25,33751.59,13986.1,14595.18,6265.77,96811.58
Kidney Stone Lithotripsy,29,2,2,suite,3,22650.94,51699.84,9059.64,11978.17,5701.8,99148.26
Hysterectomy,60,1,1,twin,4,43346.66,102775.65,30261.38,25671.61,21117.72,209204.78
Typhoid Inpatient Care,42,3,2,general,5,15907.97,0.0,14661.23,15630.72,6633.64,52500.65
Hernia Repair,26,1,1,general,2,14890.34,58175.52,10783.23,18759.04,9963.82,104621.77
Kidney Stone Lithotripsy,74,2,2,single,3,20169.04,47243.96,12260.6,13101.46,5432.6,102714.25
Hernia Repair,34,3,2,twin,3,12743.64,30903.82,7525.06,14237.05,5459.88,70376.38
Hysterectomy,53,2,2,single,4,27213.03,66029.47,16517.87,23667.4,10149.99,148484.51
Total Hip Replacement,65,1,1,suite,7,150573.0,368513.54,80897.26,157338.49,52865.99,822832.48
Hernia Repair,40,1,2,single,2,17946.34,58735.8,10166.12,16977.23,8025.25,120439.25
Hysterectomy,74,1,1,suite,5,77499.8,122421.74,40431.65,32781.06,19298.03,310241.9
Caesarean Section,51,1,3,twin,4,25975.33,55075.04,18644.93,15864.41,12217.15,119646.09
Total Hip Replacement,27,2,3,twin,6,38519.31,117075.47,28335.04,86990.83,18842.73,284238.94
Total Hip Replacement,62,2,1,general,8,71526.94,171744.21,64529.84,126089.07,33204.61,357480.34
Appendectomy,65,2,1,twin,3,19339.2,55554.29,12483.38,21152.51,7736.68,120121.77
Hysterectomy,66,1,2,single,5,50837.31,90982.07,32481.19,23945.45,17547.22,238151.25
Tonsillectomy,65,2,1,twin,2,11439.58,32544.9,8004.84,9347.4,5303.74,63144.79
Hernia Repair,77,3,2,twin,4,16207.06,30430.55,12661.67,18635.86,5813.29,84278.19
Tonsillectomy,65,2,1,twin,2,11866.21,34998.14,7653.87,10428.51,4849.81,80079.08
Total Knee Replacement,27,1,2,general,5,42928.56,154007.54,35732.6,100621.56,31978.3,306201.85
Kidney Stone Lithotripsy,42,3,2,general,3,11408.45,29567.19,7104.37,13001.42,4722.89,68842.85
Hysterectomy,78,1,2,twin,6,49549.07,86873.82,41076.55,25744.39,16212.94,211234.74
Cholecystectomy,56,1,2,twin,3,24876.92,71967.99,14927.71,16878.43,11960.89,166985.6
Hysterectomy,39,3,3,twin,4,16039.38,41758.48,11643.1,16890.13,8399.09,103021.96
Coronary Angioplasty,21,3,1,suite,3,33751.78,118983.28,18609.45,98184.04,17012.64,267275.89
Hysterectomy,38,2,3,general,3,12418.18,41657.23,9736.46,17667.99,7479.5,83649.63
Appendectomy,32,1,2,twin,3,23937.44,62565.65,14764.46,18639.52,10120.97,134995.9
Caesarean Section,19,2,2,single,3,21741.36,54026.45,13426.09,20137.95,8921.62,112937.88
Hysterectomy,63,2,1,suite,4,46351.25,95511.08,21664.06,30844.78,14713.63,228760.74
Hysterectomy,80,1,2,suite,6,79272.42,104976.97,44594.41,25313.58,20467.16,260855.93
Coronary Artery Bypass Graft (CABG),40,2,1,single,5,88930.41,286724.24,49356.16,119009.49,46894.21,576025.1
Coronary Angioplasty,59,1,1,twin,2,29819.38,172478.46,21961.26,89160.42,25479.44,336634.87
Dengue Inpatient Care,75,2,3,suite,4,22116.31,0.0,14247.22,11922.42,7410.57,55767.31
Coronary Artery Bypass Graft (CABG),74,1,3,twin,9,105666.15,208132.31,83375.46,81114.93,46129.69,509900.67
Tonsillectomy,58,3,1,general,2,8304.6,29933.74,6628.27,9422.51,3931.29,57140.13
Total Hip Replacement,32,3,1,general,5,35875.77,123716.9,29292.54,130773.14,24456.42,330987.52
Total Knee Replacement,55,1,2,single,7,85452.31,204683.18,52727.74,95458.39,37883.73,449612.99
Typhoid Inpatient Care,40,1,1,general,6,42107.51,0.0,36061.92,20128.88,15118.67,109977.49
Caesarean Section,48,1,2,twin,3,28110.6,71164.73,20347.03,20227.9,13424.84,150658.71
Hysterectomy,41,1,1,general,5,46255.06,92415.56,34512.78,24516.57,21623.34,227421.5
Kidney Stone Lithotripsy,21,2,2,single,2,12846.22,44598.15,6094.31,11480.46,4977.59,85224.36
Cholecystectomy,46,3,2,single,4,21781.97,44047.2,11092.67,17414.21,7821.13,108681.4
Kidney Stone Lithotripsy,73,1,1,single,3,34080.39,84874.49,19225.0,16814.85,10984.97,185753.13
Cataract Surgery,35,1,1,twin,1,7582.1,42223.35,4989.32,16557.2,5651.6,72966.27
Appendectomy,18,2,2,general,3,14591.37,45582.6,9539.43,16720.31,6517.19,85366.06
Total Hip Replacement,71,2,1,twin,7,72746.58,171884.27,61738.96,145951.05,34455.47,495748.18
Hysterectomy,52,2,1,single,5,43236.55,81327.62,26192.29,26510.41,15212.33,183808.7
Coronary Artery Bypass Graft (CABG),73,1,1,suite,8,237792.51,488903.67,131703.32,136290.01,76334.43,1288314.31
Caesarean Section,57,2,3,single,4,22472.42,41523.09,13541.71,14859.67,7308.25,101411.28
Coronary Artery Bypass Graft (CABG),54,1,2,twin,8,129322.14,314066.12,97240.58,83346.71,59710.84,761740.67
Normal Delivery,44,3,2,twin,2,7678.32,19076.04,5585.0,8629.68,3719.12,47299.59
Normal Delivery,44,2,2,twin,3,15362.87,23935.48,11391.17,8615.23,6046.43,66863.55
Appendectomy,24,3,2,twin,4,18478.03,37068.05,11254.36,18165.39,6196.08,97044.85
Tonsillectomy,36,2,1,general,2,10283.14,35578.73,7673.79,10493.26,5568.86,58622.87
Cholecystectomy,59,2,1,single,5,45174.53,69635.24,22399.97,23643.65,11531.09,179344.36
Coronary Angioplasty,69,3,3,suite,5,42534.4,86925.08,22153.4,78654.37,14209.27,196888.52
Cholecystectomy,56,1,1,general,4,39275.45,88828.59,27118.75,21070.09,15354.21,164196.43
Coronary Angioplasty,67,1,3,twin,5,48587.5,107856.07,36719.18,70834.89,19721.68,318063.07
Coronary Angioplasty,45,1,2,twin,3,37189.03,145918.91,29636.29,85179.88,25148.46,363892.06
Coronary Artery Bypass Graft (CABG),82,2,1,twin,11,160779.69,259021.95,144769.7,142407.19,64799.38,1051148.14
Kidney Stone Lithotripsy,37,3,2,twin,2,9169.69,34324.32,5666.15,11160.97,4611.02,56581.46
Total Knee Replacement,45,2,2,twin,5,37415.67,129365.63,29055.87,102749.69,22798.65,266051.95
Caesarean Section,62,2,1,twin,5,39920.46,69297.29,25755.53,24101.99,13691.08,175815.82
Kidney Stone Lithotripsy,19,2,2,general,2,9611.35,35488.44,6822.29,11526.95,4771.81,65350.59
Tonsillectomy,75,1,1,general,4,29242.98,45513.34,24281.53,9851.03,8210.17,109298.68
Typhoid Inpatient Care,75,1,2,twin,7,39393.37,0.0,32864.94,16780.35,13374.01,97966.14
Total Hip Replacement,79,2,1,single,4,48648.2,199773.04,35975.14,164675.15,26255.74,394501.27
Total Knee Replacement,18,2,3,general,6,30148.58,92357.35,24272.55,82857.95,19962.39,259385.9
Typhoid Inpatient Care,46,1,2,single,3,23479.2,0.0,15385.42,15389.25,10436.04,68911.63
Hysterectomy,62,3,1,general,3,17222.28,59735.92,14391.42,31289.14,9812.5,139978.5
Hernia Repair,22,2,1,general,3,18279.2,45417.46,12209.44,19081.64,8349.54,112550.67
Total Hip Replacement,76,3,2,suite,6,57989.06,157834.98,35789.03,140409.13,19626.49,398092.27
Cholecystectomy,81,2,2,general,5,25812.87,43700.57,23911.0,20931.38,10775.27,135331.89
Tonsillectomy,30,3,2,twin,1,3956.41,23835.69,2560.11,7704.49,2941.5,46194.02
Typhoid Inpatient Care,59,2,2,suite,6,34991.76,0.0,17655.43,14889.08,7649.02,66013.55
Normal Delivery,58,1,1,general,2,15260.5,41993.52,13243.83,10825.85,8920.43,104094.57
Tonsillectomy,58,2,1,twin,1,6258.07,34340.66,3951.12,9271.13,5031.07,54071.5
Total Knee Replacement,20,1,1,suite,5,89623.27,246533.27,42033.37,111130.2,40147.06,546284.04
Typhoid Inpatient Care,42,3,2,twin,3,10293.73,0.0,6904.72,16076.14,5678.65,36309.33
Kidney Stone Lithotripsy,55,3,2,general,2,8046.87,32133.32,5850.39,13189.63,4873.59,64785.37
Appendectomy,46,1,2,twin,3,23587.02,57624.15,13761.52,16929.36,9822.16,114359.34
Cataract Surgery,39,2,3,general,2,5780.23,17241.28,4095.82,9954.02,3238.14,43913.88
Tonsillectomy,63,3,1,general,1,3960.05,25903.51,3009.32,10318.99,3846.65,43213.11
Hysterectomy,24,3,1,single,4,30281.75,68841.51,18528.87,26197.23,11296.43,162458.75
Total Hip Replacement,57,1,1,twin,8,102769.95,241920.02,83853.26,139623.94,48845.12,639666.82
Coronary Angioplasty,57,1,1,single,4,67917.94,162874.29,42654.29,106645.56,26812.36,438848.38
Cholecystectomy,34,1,1,twin,2,21145.86,84493.87,12173.22,23076.76,14687.52,157167.46
Coronary Angioplasty,39,2,2,general,3,23492.73,88838.08,20838.63,89858.03,17399.74,232596.02
Tonsillectomy,42,1,2,twin,1,6903.86,43241.16,4104.78,7666.89,5796.97,64373.41
Hysterectomy,64,1,1,twin,3,34561.26,109043.29,25637.63,28470.15,18543.64,231055.52
Cholecystectomy,40,1,2,single,3,29402.66,71898.37,16240.81,18552.04,10934.69,139841.27
Cataract Surgery,74,1,2,twin,3,18411.59,39392.16,14149.23,15925.85,6783.29,102512.31
Appendectomy,42,3,1,single,5,32203.17,51941.01,16946.65,20738.84,8655.32,131353.67
Total Hip Replacement,71,2,2,twin,11,87486.56,135487.92,69096.77,128474.01,34751.16,492351.64
Hernia Repair,58,1,2,single,3,25790.26,58544.48,14099.16,15083.1,8722.92,131170.26
Hernia Repair,79,2,3,single,3,14895.03,32784.82,9625.24,13514.2,5132.71,61470.12
Typhoid Inpatient Care,56,1,2,single,5,36605.06,0.0,20808.76,14846.16,10148.48,84546.6
Typhoid Inpatient Care,70,1,3,twin,5,23146.22,0.0,17955.28,13572.28,8953.06,67337.31
Hysterectomy,46,1,2,single,3,28153.33,85506.15,17718.38,19865.6,14694.1,178504.43
Caesarean Section,51,1,2,suite,4,53156.92,90820.16,24523.24,20421.29,15707.25,189821.86
Appendectomy,66,1,3,single,4,27589.89,51749.87,15058.45,14116.76,7740.89,110614.76
Typhoid Inpatient Care,33,2,1,twin,5,27350.28,0.0,18325.55,19615.14,10541.31,83041.04
Normal Delivery,42,3,2,suite,2,11568.11,24302.49,5895.49,8504.96,4164.45,62058.66
Appendectomy,23,1,1,twin,3,29075.52,81278.52,17980.33,18211.15,12753.32,158644.36
Hernia Repair,55,1,2,twin,4,30475.7,55389.64,20171.41,16109.94,9217.02,137616.46
Total Hip Replacement,32,3,1,twin,5,39991.38,150647.27,30189.49,140850.87,25211.83,401740.22
Dengue Inpatient Care,63,1,3,single,6,36348.86,0.0,24222.81,10038.79,11605.46,92393.49
Hysterectomy,76,1,1,suite,6,91409.69,123556.83,55828.22,32759.81,22679.13,340042.61
Total Knee Replacement,59,1,1,twin,6,74640.64,207920.35,55246.31,134099.77,38211.44,495299.04
Normal Delivery,68,1,1,single,4,39676.8,45640.89,28472.59,10307.69,10331.13,123130.87
Total Hip Replacement,35,3,2,twin,9,58501.74,124246.55,41978.8,125238.83,28164.04,380186.95
Typhoid Inpatient Care,80,3,2,general,8,23115.89,0.0,24142.07,19311.51,8266.4,66662.09
Cholecystectomy,68,3,3,single,6,30083.45,37790.78,17839.22,14476.2,7731.71,120386.1
Cholecystectomy,80,1,2,general,6,44010.93,65815.87,41981.33,19734.52,15201.32,194114.75
Total Hip Replacement,36,1,1,general,4,50519.08,237763.25,41375.29,149848.0,39296.55,598750.63
Caesarean Section,46,1,1,general,4,41560.36,86017.06,33952.85,23654.75,20988.0,205137.58
Tonsillectomy,31,2,2,twin,1,4887.66,27637.17,3103.16,7591.5,4028.49,47854.85
Coronary Artery Bypass Graft (CABG),43,1,1,suite,7,185314.82,439403.88,103710.88,105224.06,69813.03,860490.43
Dengue Inpatient Care,78,1,2,single,7,57344.19,0.0,46502.87,14019.55,16403.02,158809.29
Tonsillectomy,66,3,1,general,3,12290.92,29357.09,10530.2,10875.0,4290.74,78886.96
Cholecystectomy,20,3,1,single,2,14094.13,56482.77,7833.93,23038.79,7452.5,117932.67
Cholecystectomy,38,1,2,single,3,30038.69,76545.65,15886.75,18787.23,11025.31,159250.35
Cholecystectomy,71,1,2,general,5,36067.95,67841.38,31555.8,18998.71,12691.31,158110.95
Hysterectomy,77,2,1,single,6,59314.89,85363.7,45359.27,30693.79,18846.51,238264.05
Coronary Angioplasty,32,2,3,twin,4,25756.79,73322.98,19461.97,58686.75,14577.18,192396.9
Cataract Surgery,51,1,2,general,1,5297.08,31289.48,3736.15,13148.4,5159.37,56470.95
Hernia Repair,37,3,2,general,3,11001.95,30138.32,7855.12,16675.83,5197.76,83867.2
Coronary Artery Bypass Graft (CABG),76,1,1,general,9,148978.79,323728.58,143542.01,137132.13,74732.49,700304.72
Caesarean Section,54,1,1,single,4,52951.57,104245.41,29329.57,25601.35,18678.79,221520.07
Normal Delivery,54,2,2,general,2,9057.8,23890.7,8328.87,9893.24,5982.96,66538.5
Dengue Inpatient Care,45,3,2,general,6,20527.45,0.0,16831.17,13450.92,9135.07,55579.27
Kidney Stone Lithotripsy,49,2,1,twin,3,19444.95,51342.84,11519.09,14008.02,6797.06,100241.66
Cataract Surgery,72,1,1,single,3,26555.23,50050.58,16461.12,17202.59,7274.31,136148.55
Caesarean Section,51,2,2,twin,4,23270.56,54619.87,15578.46,20650.03,10913.03,141391.86
Normal Delivery,67,3,3,single,5,19004.25,17240.52,12568.5,7826.13,4439.25,54984.8
Hysterectomy,81,1,2,twin,6,53409.51,77589.52,42225.75,24523.94,17880.95,200026.92
Caesarean Section,41,1,1,single,3,41032.88,101540.85,25116.62,26178.49,18517.7,211618.38
Coronary Angioplasty,62,2,2,twin,4,36241.75,110842.7,26114.65,88578.53,17795.82,283917.92
Hysterectomy,24,1,3,twin,4,24714.46,58391.64,18133.18,17609.84,12638.62,143537.62
Typhoid Inpatient Care,47,3,2,single,4,17705.71,0.0,10471.14,16915.27,6514.94,55689.78
Typhoid Inpatient Care,48,1,2,general,6,28340.26,0.0,25293.18,15563.26,12268.26,80487.82
Normal Delivery,39,1,2,single,3,26964.5,38603.94,16653.68,8753.06,8699.19,108706.4
Typhoid Inpatient Care,48,3,2,single,6,25993.28,0.0,17171.08,17019.18,8032.94,61479.37
Total Hip Replacement,56,2,2,twin,8,65026.78,164218.0,48815.84,122992.25,31882.09,413072.94
Dengue Inpatient Care,38,3,1,twin,5,26563.79,0.0,20885.12,16459.8,10882.58,71441.19
Total Knee Replacement,42,2,1,twin,5,46858.98,163962.61,34731.8,122518.86,30208.36,381995.75
Dengue Inpatient Care,25,2,1,twin,4,27690.5,0.0,20795.38,17180.69,11924.31,78017.76
Hernia Repair,34,2,2,general,2,9331.83,35127.34,6497.43,14252.27,6144.19,73255.89
Typhoid Inpatient Care,23,1,2,general,6,32486.18,0.0,29213.57,13665.62,13083.97,78046.03
Dengue Inpatient Care,64,1,1,suite,4,47645.66,0.0,25871.36,18159.01,14878.9,93572.02
Hernia Repair,20,3,1,twin,3,15577.86,34937.54,10396.84,18186.33,6985.98,96150.0
Cataract Surgery,60,3,2,single,2,8446.79,23386.71,4259.61,11908.03,3134.44,53115.4
Tonsillectomy,75,2,2,single,4,21267.53,30986.26,14641.97,8646.15,4905.14,79134.45
Dengue Inpatient Care,63,1,2,suite,5,54774.23,0.0,27470.9,14649.58,15739.73,116390.76
Coronary Artery Bypass Graft (CABG),73,2,1,suite,12,250011.73,300292.0,135612.56,126988.86,61405.04,798010.13
Cholecystectomy,62,2,2,general,4,22946.55,45626.59,15435.05,17981.99,9508.12,111449.25
Kidney Stone Lithotripsy,64,2,3,general,2,7925.72,29536.42,5210.26,9101.54,4023.34,48520.41
Normal Delivery,81,1,2,general,4,26742.58,32338.78,27736.58,9794.3,8462.46,111774.66
Dengue Inpatient Care,37,1,3,single,4,24612.32,0.0,16914.63,9830.99,9121.46,58495.57
Hysterectomy,36,3,1,twin,2,13255.25,66976.77,8401.57,24885.14,9432.53,123726.95
Appendectomy,37,1,2,twin,4,33731.18,64682.96,17773.27,17313.78,11979.21,160467.14
Total Knee Replacement,66,2,2,suite,7,72641.4,155770.64,42168.99,110719.61,26187.11,461562.04
Caesarean Section,51,2,1,general,3,22097.12,62913.37,15938.92,22697.27,12073.82,127694.53
Coronary Artery Bypass Graft (CABG),47,2,3,general,9,73529.12,164989.08,57364.76,81735.93,34877.89,357255.34
Dengue Inpatient Care,64,2,1,general,3,15098.03,0.0,13711.04,16154.02,10042.86,50224.01
Total Hip Replacement,60,1,2,suite,5,85790.11,247645.49,45281.19,101663.95,32044.59,531388.13
Tonsillectomy,19,1,2,suite,2,17625.28,47171.11,7703.21,7679.54,5244.1,84036.58
Normal Delivery,37,1,1,general,3,22498.17,39465.89,20693.2,10090.06,10490.42,100912.59
Dengue Inpatient Care,31,1,2,general,6,38969.27,0.0,36932.06,12624.62,16014.32,107301.26
Hysterectomy,57,2,3,suite,5,33548.95,59450.14,17726.55,18066.44,9726.96,146366.86
Total Hip Replacement,55,2,1,general,7,63366.24,171421.06,55321.13,136920.74,32806.13,412996.74
Normal Delivery,56,2,1,single,2,15189.19,34420.65,9141.77,11338.47,6508.81,75260.62
Coronary Angioplasty,31,1,1,single,3,57177.3,192762.51,35661.52,110095.91,28777.46,413546.66
Caesarean Section,36,3,1,suite,3,24656.01,60518.31,11546.28,23891.07,9549.31,118540.88
Typhoid Inpatient Care,28,3,1,twin,8,33068.78,0.0,25625.35,16852.77,9469.08,103354.58
Normal Delivery,60,3,2,twin,3,12818.95,20711.98,8690.27,8332.8,4747.91,58929.69
Caesarean Section,75,2,2,twin,4,27093.28,52454.64,22867.75,22011.88,10088.96,127142.55
Dengue Inpatient Care,57,1,1,general,3,23349.09,0.0,19880.52,15762.49,13699.59,70594.23
Total Knee Replacement,29,2,2,twin,6,47145.9,132808.5,32741.2,99218.78,23518.49,295084.49
Hernia Repair,50,3,2,single,2,10127.22,33169.24,5516.33,15702.53,4433.07,63240.23
Caesarean Section,70,3,1,single,6,45576.62,53376.97,28939.61,27598.26,10888.89,215322.15
Cataract Surgery,80,2,3,single,3,12491.83,22920.8,8060.85,12498.58,3145.3,67912.94
Caesarean Section,64,1,3,general,2,11929.14,51566.71,9342.56,14806.37,10129.33,111712.26
Total Knee Replacement,45,2,2,single,7,62400.73,133324.63,34912.61,106059.13,24509.94,334502.82
Coronary Artery Bypass Graft (CABG),32,2,2,single,8,104359.58,242426.22,66969.48,94274.08,42610.77,498981.65
Kidney Stone Lithotripsy,38,2,3,single,3,14584.52,34282.4,7505.81,8367.77,4387.43,79608.0
Typhoid Inpatient Care,81,1,1,twin,9,65562.99,0.0,58439.78,24319.14,16072.09,169557.23
Normal Delivery,22,2,1,single,2,15145.07,35055.16,10231.5,10363.42,7112.55,69905.68
Normal Delivery,74,1,2,single,5,37314.06,34545.53,30471.74,10211.21,8395.23,101561.53
Dengue Inpatient Care,18,1,2,twin,8,54218.13,0.0,43380.41,14162.56,16334.7,123347.08
Tonsillectomy,51,1,2,twin,3,19548.25,42660.56,12168.57,8147.43,6721.33,79713.9
Dengue Inpatient Care,32,1,3,suite,6,48732.08,0.0,25045.18,10374.33,11497.05,100967.98
Caesarean Section,74,2,1,general,5,35856.15,63246.14,33410.76,25917.77,16085.46,205535.08
Cholecystectomy,59,3,1,single,3,21167.19,55015.78,10979.1,20790.65,7885.99,117241.72
Cataract Surgery,58,1,1,general,1,6880.83,38993.58,4353.61,17626.16,5991.69,72891.6
Normal Delivery,51,3,2,single,1,4599.15,19527.28,2806.93,9389.72,3387.54,39774.39
Tonsillectomy,79,1,2,twin,3,19738.43,40919.08,15055.26,8702.76,5742.43,86133.07
Coronary Angioplasty,29,1,1,twin,1,14268.4,175395.2,11400.41,94434.12,23764.11,350481.43
Cholecystectomy,34,2,1,suite,2,21640.33,71388.4,9463.63,22060.03,10385.34,129231.77
Total Knee Replacement,51,2,1,general,6,46759.33,140073.26,39323.97,121071.74,32078.33,403315.29
Hysterectomy,28,2,2,general,4,19642.21,55718.25,17266.66,22348.49,11705.96,113554.42
Dengue Inpatient Care,78,1,2,suite,8,79479.76,0.0,54584.36,16051.23,15501.96,145869.82
Dengue Inpatient Care,25,1,3,general,6,27342.3,0.0,26096.39,11217.68,11294.71,72334.24
Hernia Repair,43,2,2,suite,1,7394.06,42760.48,3174.63,13847.31,5180.21,76020.96
Normal Delivery,58,2,3,general,2,6933.21,17768.92,5920.72,7285.27,4293.26,41546.65
Dengue Inpatient Care,32,1,2,single,5,43483.13,0.0,29100.72,12362.44,13514.48,102013.35
Typhoid Inpatient Care,78,3,2,single,8,30091.57,0.0,23138.08,16535.91,7042.63,85895.23
Total Hip Replacement,53,1,1,general,9,101428.54,231895.06,91142.88,146548.89,55020.6,646749.66
Cataract Surgery,48,1,2,twin,1,6069.35,38774.06,3645.44,14934.64,4916.69,63543.01
Total Knee Replacement,28,1,2,single,3,39954.51,213909.3,23327.46,113293.08,27890.49,464742.83
Coronary Artery Bypass Graft (CABG),78,2,3,general,9,66965.86,155882.95,64319.25,82617.76,37206.52,332019.61
Dengue Inpatient Care,32,2,2,twin,7,34650.93,0.0,23628.16,12493.11,10771.14,89150.11
Caesarean Section,58,1,3,twin,6,40394.74,51659.29,27850.59,14139.39,12043.89,169578.38
Normal Delivery,72,1,2,twin,5,33286.88,34943.11,32252.54,10267.05,8725.78,108437.48
Cholecystectomy,38,1,3,twin,3,19972.59,50189.05,12000.6,13359.04,9370.61,83614.71
Appendectomy,40,2,1,single,2,16563.07,62465.89,8049.55,21011.04,8053.06,123925.83
Caesarean Section,77,2,2,suite,6,59162.42,74535.12,32298.63,25098.38,12984.48,176438.84
Dengue Inpatient Care,36,1,2,single,3,26366.85,0.0,17082.03,13019.58,12035.94,81808.34
Cataract Surgery,37,2,3,single,2,8237.98,23750.81,4087.68,9298.87,3324.21,44595.63
Appendectomy,26,2,2,suite,3,23617.48,58387.19,10147.65,14294.14,6535.9,119251.16
Hysterectomy,55,2,1,general,4,28817.96,69970.13,21484.87,26871.93,14267.0,149061.15
Typhoid Inpatient Care,31,1,3,twin,5,24642.89,0.0,18469.36,11545.31,9013.94,68741.05
Cataract Surgery,26,2,1,twin,2,10013.7,31407.62,6364.74,16024.21,4364.64,65667.84
Total Hip Replacement,25,3,2,general,7,37393.74,99375.17,32704.25,100364.38,20296.66,284743.53
Coronary Angioplasty,75,2,1,suite,4,61198.47,158246.36,38020.81,121909.55,23131.09,440554.2
Hernia Repair,37,2,2,twin,3,16611.97,36779.01,9571.19,14877.14,5974.15,78971.64
Kidney Stone Lithotripsy,27,2,2,twin,2,11232.56,37483.41,6155.24,11876.77,5207.29,67397.7
Appendectomy,35,1,3,general,5,26125.33,47749.21,17108.95,11267.19,9031.6,103081.22
Coronary Artery Bypass Graft (CABG),42,1,2,general,9,126383.94,282638.72,107605.01,89030.34,70805.35,622531.26
Hernia Repair,42,3,1,twin,1,5141.11,36904.1,3353.29,16763.01,5595.43,69611.05
Appendectomy,23,2,1,suite,3,28076.55,68065.11,12353.2,21990.86,8686.78,153504.44
Hernia Repair,35,1,2,single,3,26172.39,61807.59,14441.14,15376.31,9140.72,120757.86
Caesarean Section,54,2,1,general,4,28320.84,64252.04,24387.34,23313.6,13524.59,165696.57
Kidney Stone Lithotripsy,38,1,1,twin,2,19798.86,74704.76,10989.84,14976.4,8389.96,136875.75
Hysterectomy,34,1,1,general,5,44829.02,104232.06,38840.55,27303.37,20930.94,255949.09
Cataract Surgery,36,1,2,twin,2,12549.61,35863.76,7787.53,12760.39,5297.95,75033.3
Hysterectomy,74,2,2,single,6,44526.71,73226.75,29911.81,22179.4,14300.16,209327.31
Hernia Repair,60,2,1,twin,2,12748.97,43977.56,7360.11,19438.31,6659.1,93379.47
Hysterectomy,35,1,2,single,5,54011.38,105437.17,33280.0,21261.12,19900.49,197935.05
Hernia Repair,64,2,1,twin,2,13587.69,44945.07,7820.9,18599.88,7329.67,81011.6
Appendectomy,60,2,2,twin,2,11570.06,43848.86,6806.73,15163.21,6757.85,86970.38
Typhoid Inpatient Care,22,3,2,twin,4,14074.03,0.0,10691.18,16985.1,6318.46,50581.79
Typhoid Inpatient Care,50,2,3,suite,6,29050.3,0.0,15960.44,11106.06,6957.54,62713.31
Typhoid Inpatient Care,53,1,2,suite,4,32515.47,0.0,16623.73,13700.77,9038.19,77540.55
Total Hip Replacement,79,3,3,single,6,38471.15,112472.65,26840.44,101572.81,16411.76,298526.74
Appendectomy,43,1,3,general,2,11119.86,46037.01,8047.87,12472.57,7364.69,87695.45
Total Hip Replacement,19,3,1,single,7,61587.38,159558.9,38566.82,150409.0,27929.25,470011.63
Hysterectomy,75,2,2,single,6,45761.59,66578.37,33185.9,25497.67,14540.2,150775.52
Appendectomy,31,1,2,single,3,29165.64,74923.32,14886.61,17613.78,9980.49,129248.85
Coronary Angioplasty,56,2,2,general,4,29309.96,91406.96,27529.37,85324.92,16287.67,257180.23
Total Hip Replacement,27,1,2,single,6,85034.24,222548.24,52609.04,114330.11,37419.07,419173.84
Total Knee Replacement,72,1,2,single,6,71913.22,190988.8,55707.19,121358.33,35059.0,529860.01
Total Hip Replacement,38,1,2,single,5,65524.32,235888.48,43842.87,106166.79,35856.11,442272.51
Coronary Angioplasty,23,1,1,general,4,51972.98,167393.86,42904.33,106428.95,32702.53,412712.33
Hysterectomy,64,1,2,suite,4,46854.17,99417.75,26388.05,24292.44,16502.75,210846.35
Normal Delivery,52,2,3,general,3,10719.81,18736.1,9478.79,6906.82,5190.48,50987.84
Dengue Inpatient Care,59,2,2,suite,3,21764.88,0.0,11573.23,13151.04,8318.23,54600.4
Tonsillectomy,55,1,3,twin,2,10654.14,31777.73,6822.63,5508.69,4454.3,59138.43
Cataract Surgery,51,2,2,twin,1,4465.49,27429.74,3004.0,12753.62,3860.21,47333.96
Coronary Artery Bypass Graft (CABG),58,2,1,single,6,96960.72,273265.81,63679.33,103210.58,49875.88,601525.72
Hysterectomy,30,3,3,general,4,13031.07,37295.05,11317.75,17022.53,7418.25,77011.75
Coronary Artery Bypass Graft (CABG),63,2,2,single,8,100835.62,210997.79,62961.82,92654.66,39637.66,570640.8
Total Hip Replacement,75,1,2,suite,7,113687.56,254789.29,69180.1,125640.83,40834.33,698103.09
Dengue Inpatient Care,41,1,3,twin,5,27332.39,0.0,21237.72,10881.73,11516.89,67866.43
Normal Delivery,58,1,2,twin,3,21740.61,30029.48,16323.8,9036.26,8524.47,75769.32
Cataract Surgery,69,1,3,general,4,18258.4,28437.39,14253.12,11443.03,5244.23,59418.84
Hernia Repair,35,1,1,twin,3,26886.66,64826.46,17370.39,19840.67,9585.95,140190.84
Total Hip Replacement,53,3,1,suite,6,73083.79,183654.24,36115.87,138788.99,28283.36,465143.22
Cataract Surgery,80,1,2,twin,2,12802.5,35723.65,9950.7,16376.2,5481.44,82148.54
Hysterectomy,30,3,1,single,6,44201.1,66036.36,26103.78,27846.18,13634.09,184519.78
Coronary Artery Bypass Graft (CABG),19,1,1,general,7,119437.91,348265.42,96905.16,116872.97,68949.53,679015.7
Total Knee Replacement,47,2,1,general,7,54209.32,159167.2,50785.72,122616.42,29790.58,454504.48
Total Knee Replacement,79,3,1,twin,8,63869.91,123598.84,55732.3,164297.94,25915.88,468339.25
Caesarean Section,56,1,1,twin,5,59815.67,91403.36,41059.54,24344.39,21325.7,236619.19
Appendectomy,79,1,1,twin,5,48413.32,78099.38,37285.6,21732.33,14061.11,212623.28
Tonsillectomy,20,1,2,suite,2,19051.99,54116.03,8722.22,8410.7,6524.63,97469.94
Kidney Stone Lithotripsy,52,2,3,single,2,9370.55,31599.29,4785.87,8616.16,3441.39,62660.58
Coronary Artery Bypass Graft (CABG),72,2,3,single,12,115551.19,178040.92,87049.23,86653.38,36452.4,499547.94
Kidney Stone Lithotripsy,48,3,3,single,2,8996.47,28126.5,4090.78,9034.32,3429.8,52081.59
Typhoid Inpatient Care,77,2,1,twin,5,25191.94,0.0,24622.7,23111.13,9268.81,90566.04
Hysterectomy,44,2,2,general,5,27100.77,57839.29,21849.18,19889.92,12033.02,145649.97
Caesarean Section,62,2,1,single,4,36276.63,76956.74,21753.94,22865.81,12373.08,188877.64
Kidney Stone Lithotripsy,49,1,3,twin,2,11486.21,43479.34,7222.58,9773.29,5269.72,74660.55
Cholecystectomy,58,3,2,general,2,7458.64,34066.19,5553.11,17747.69,6245.33,73405.04
Normal Delivery,36,2,1,single,4,28070.68,33235.2,17747.3,11386.91,6987.03,87303.88
Hernia Repair,18,2,1,suite,4,36450.48,59486.61,15250.79,19259.4,8290.73,129541.8
Caesarean Section,37,2,1,single,4,35368.91,71967.23,19674.66,25046.71,13964.43,171574.29
Total Hip Replacement,33,1,2,single,5,71293.25,235379.27,46780.85,105985.18,33655.81,441160.79
Cholecystectomy,25,1,2,general,4,27501.52,63245.34,20073.23,16314.98,12017.94,140408.24
Normal Delivery,56,2,1,general,2,11546.01,29724.12,10151.5,11466.56,6672.52,76673.94
Hernia Repair,30,1,3,twin,3,16002.15,39042.36,9919.47,11580.22,6211.77,77399.15
Typhoid Inpatient Care,21,1,1,twin,8,65995.9,0.0,47703.19,19300.07,17190.62,160784.97
Dengue Inpatient Care,25,1,2,general,1,6379.21,0.0,5347.49,13762.88,9415.02,34243.03
Coronary Angioplasty,67,2,2,single,3,29336.07,100903.35,21459.85,94941.17,16494.52,314456.08
Coronary Angioplasty,55,2,1,general,5,45210.72,114225.13,42370.87,102735.54,23166.02,335614.09
Caesarean Section,63,1,2,single,5,53662.28,83251.01,33561.17,19295.7,16630.78,240721.16
Kidney Stone Lithotripsy,40,3,1,general,2,9995.68,35559.71,6194.44,15715.29,4964.74,63697.13
Tonsillectomy,24,1,1,single,2,21177.51,61890.86,10927.03,10275.3,8316.4,115777.49
Total Knee Replacement,77,1,2,twin,7,82636.54,182981.44,69581.66,118692.32,40990.96,460481.84
Total Knee Replacement,45,2,2,twin,6,47481.63,143691.84,35633.82,97265.41,25316.58,361005.47
Cataract Surgery,67,3,2,general,3,9333.58,18887.09,6529.12,13093.74,3126.74,50990.68
Normal Delivery,55,3,2,single,3,13863.94,20541.25,9064.23,8912.34,4778.96,53534.51
Coronary Artery Bypass Graft (CABG),70,2,2,general,9,84757.48,189371.49,81781.39,107738.13,41392.73,410350.31
Dengue Inpatient Care,79,2,2,twin,6,30174.64,0.0,30106.21,14925.86,10439.95,87284.61
Typhoid Inpatient Care,53,3,1,general,6,24074.26,0.0,21200.42,21042.88,9494.54,74593.41
Normal Delivery,31,2,2,single,1,5944.18,26048.52,3787.31,8126.8,4858.52,56984.48
Normal Delivery,34,2,2,single,2,11220.13,24967.09,7317.47,9257.45,4795.9,53121.25
Total Knee Replacement,46,1,1,twin,5,69883.93,246899.56,45600.06,138579.13,39022.23,551024.99
Total Hip Replacement,48,1,2,twin,3,34678.11,197959.83,25981.74,113618.68,30147.5,439828.47
Cholecystectomy,57,3,1,general,3,14907.59,39320.55,9880.12,22729.04,7541.13,94544.72
Typhoid Inpatient Care,74,1,2,twin,7,39910.33,0.0,34788.25,16326.99,11380.43,111673.33
Cataract Surgery,25,1,2,single,1,6953.04,42009.9,3559.84,13210.61,5439.29,69071.95
Hernia Repair,49,3,1,suite,2,14567.12,43647.47,6013.36,17802.86,4932.76,80357.86
Hysterectomy,66,2,2,general,5,28263.37,52743.91,24678.68,22403.45,11130.48,173632.28
Kidney Stone Lithotripsy,70,2,2,suite,3,24737.59,53105.7,11685.1,12628.48,5267.61,123888.41
Hysterectomy,27,1,2,general,3,21366.14,75155.08,17942.36,19572.76,13470.31,176263.15
Coronary Angioplasty,67,2,2,general,5,36677.78,83059.98,31904.48,92164.99,19872.15,296798.5
Hysterectomy,71,2,3,suite,5,33326.16,59343.4,19696.3,17784.22,8695.67,166301.09
Total Knee Replacement,54,3,2,twin,6,35439.47,95916.58,28134.44,111210.46,18299.51,286294.39
Caesarean Section,77,1,3,single,6,48322.81,64719.17,34224.68,18242.65,12589.45,180905.34
Cataract Surgery,58,3,1,twin,2,9287.47,27265.54,5504.61,18338.72,4496.47,57226.21
Total Hip Replacement,24,3,2,general,6,34519.18,107793.86,26804.94,116345.33,21655.98,294373.45
Coronary Artery Bypass Graft (CABG),40,2,2,general,9,88759.47,201410.07,73716.06,98958.01,45832.46,476428.76
Coronary Artery Bypass Graft (CABG),18,1,2,single,9,170611.15,316267.5,99967.47,95272.29,68374.1,663236.49
Caesarean Section,63,2,3,general,5,21216.55,38632.03,17188.11,13945.83,9135.23,107428.53
Normal Delivery,29,1,1,general,2,14273.18,39775.35,13668.28,11398.17,8394.3,88507.27
Total Hip Replacement,23,1,1,general,5,62395.79,259752.62,56063.62,134148.66,47990.92,551766.88
Coronary Artery Bypass Graft (CABG),49,1,2,twin,8,134854.4,297777.63,103271.17,97428.34,68555.16,715463.74
Caesarean Section,75,3,3,twin,4,16382.57,34222.79,13700.83,18452.28,7011.76,103199.94
Coronary Artery Bypass Graft (CABG),61,1,2,twin,11,186432.34,327155.49,136012.88,93216.86,68727.48,832052.04
Tonsillectomy,81,2,1,single,3,21127.55,38314.89,13628.55,10937.94,5494.47,88090.11
Hysterectomy,57,1,2,single,6,61624.14,90464.63,34916.36,23297.44,19083.53,250059.93
Cholecystectomy,23,3,2,single,3,17659.13,47148.66,9887.52,18494.63,7697.89,90645.45
Total Knee Replacement,63,2,1,twin,6,58156.18,180589.46,46432.36,126436.45,29367.13,445529.41
Hernia Repair,32,1,2,twin,3,22298.98,50236.62,13353.73,14026.66,8051.44,115975.95
Coronary Artery Bypass Graft (CABG),54,1,3,general,6,63018.57,229324.19,55503.11,82433.09,45071.46,414348.92
Coronary Artery Bypass Graft (CABG),44,2,2,twin,9,103013.12,197988.84,71759.26,98151.61,50450.26,521858.29
Coronary Angioplasty,36,2,3,twin,3,21423.89,90775.29,16005.2,69550.44,14987.38,226963.14
Appendectomy,30,1,2,twin,4,30801.34,63237.09,17752.27,15645.6,10103.76,132730.02
Total Knee Replacement,62,2,2,twin,5,37931.81,127904.17,31801.41,116145.05,23752.06,333147.32
Kidney Stone Lithotripsy,81,2,2,general,3,15017.31,38423.6,12722.96,13807.69,5926.43,98562.79
Typhoid Inpatient Care,34,2,1,suite,3,24297.64,0.0,12498.54,18778.52,7993.34,59387.7
Coronary Artery Bypass Graft (CABG),30,2,1,single,7,111699.79,259955.88,71668.4,125028.66,51064.54,608850.32
Hysterectomy,70,2,1,suite,5,55143.41,92383.73,29984.84,30975.58,15383.35,254557.7
Caesarean Section,81,1,1,general,7,68789.79,82083.66,66442.52,32216.06,23717.55,334012.26
Dengue Inpatient Care,82,3,1,single,8,48934.27,0.0,39762.51,19787.27,10994.72,133728.38
Appendectomy,40,2,1,general,2,11011.35,49131.91,8069.78,18112.04,7465.86,89993.22
Normal Delivery,38,3,2,twin,2,8041.8,20089.74,5754.97,7802.46,4409.26,49178.89
Caesarean Section,24,2,2,twin,3,18133.52,47274.65,12980.21,20654.48,9255.6,107704.08
Hysterectomy,53,2,1,suite,2,24065.85,91433.35,11219.99,26089.37,12200.27,159686.34
Total Hip Replacement,54,2,3,general,6,32877.29,105045.73,26267.42,86467.61,19916.5,278287.64
Total Hip Replacement,72,2,3,twin,8,50889.95,118446.81,41969.23,104171.8,23806.42,279985.88
Dengue Inpatient Care,42,1,3,general,5,22615.48,0.0,21756.91,9145.06,10225.24,67504.77
Hernia Repair,62,1,2,general,3,17779.39,43857.37,12461.44,13836.67,8232.28,102177.44
Caesarean Section,23,2,1,twin,5,39344.18,65325.63,30474.39,26634.17,15401.34,161474.61
Appendectomy,54,1,1,single,2,24610.36,87355.52,11774.28,21763.85,12280.94,143591.23
Hysterectomy,44,3,3,general,5,16791.01,34405.07,12884.93,14764.82,7994.36,89518.87
Normal Delivery,63,1,1,twin,3,28141.04,38696.05,20460.96,11605.45,10907.82,107942.28
Hysterectomy,48,1,1,twin,3,28610.34,95599.19,19019.72,24495.75,16331.8,143893.91
Caesarean Section,77,2,2,general,5,27594.99,49526.15,27561.0,21032.48,12760.23,127424.66
Caesarean Section,59,3,3,general,4,12350.32,25982.82,9189.35,13223.98,5746.64,58291.84
Dengue Inpatient Care,42,1,1,twin,2,16403.57,0.0,13336.9,14814.36,14278.25,60746.48
Total Knee Replacement,68,2,2,single,8,73691.01,141592.22,49486.81,104165.65,28032.05,329021.14
Kidney Stone Lithotripsy,22,3,3,twin,3,10240.32,26335.94,5787.45,9731.34,3371.27,52153.56
Caesarean Section,26,3,2,general,3,13914.86,41402.15,11710.81,19693.06,8240.71,87106.35
Tonsillectomy,40,1,3,single,1,5552.63,33823.75,3359.07,5471.04,3628.17,52540.3
Total Knee Replacement,42,3,2,single,7,48721.45,122746.14,30766.73,111144.91,22648.14,316322.07
Normal Delivery,73,1,2,single,4,32629.13,36408.6,23132.55,9312.92,8310.46,120328.35
Hernia Repair,66,1,2,twin,5,37488.56,51615.77,23551.53,17461.16,10360.36,137663.59
Caesarean Section,51,2,1,general,2,12443.66,54141.07,10151.18,24219.71,11750.65,124743.27
Hernia Repair,51,1,1,single,2,21187.73,70495.61,12046.1,17143.04,9541.27,127087.14
Hysterectomy,82,2,2,twin,6,37836.18,63882.91,33429.92,26066.09,13626.18,164630.29
Appendectomy,67,1,1,twin,5,47565.25,75659.93,31556.46,21181.83,13746.74,199117.46
Tonsillectomy,68,2,1,single,2,12983.75,36510.2,7455.18,9040.42,5020.29,65947.66
Cataract Surgery,34,1,1,general,1,6293.23,43402.73,4728.37,15278.42,6401.77,77230.4
Appendectomy,50,2,3,general,4,15475.72,32555.3,10602.97,11047.08,6173.41,80927.86
Total Hip Replacement,67,2,2,single,8,76684.08,166436.45,51892.46,134736.16,29313.4,369372.44
Appendectomy,76,2,1,single,4,33065.69,59209.97,20035.49,22738.19,9038.53,151768.8
Cholecystectomy,43,2,1,single,3,25349.94,63792.66,13051.67,20351.2,10103.68,141447.43
Typhoid Inpatient Care,26,2,3,single,6,26317.27,0.0,15765.46,13561.79,7456.66,64675.51
Hernia Repair,33,2,2,general,2,9382.72,39150.9,6653.64,16995.1,5994.14,81689.22
Coronary Angioplasty,49,1,3,suite,3,37490.42,121022.08,20128.63,67483.15,16036.98,260085.15
Cholecystectomy,70,2,3,general,5,19434.91,31613.6,16579.23,13265.76,6810.34,78858.99
Tonsillectomy,67,2,1,general,4,19702.98,31025.61,14644.58,10363.75,5066.58,74071.6
Total Knee Replacement,82,1,2,twin,5,54834.66,201671.98,49606.87,124317.72,32449.89,461214.97
Kidney Stone Lithotripsy,23,2,2,single,2,13676.81,42743.8,6973.32,11422.4,5605.17,72516.11
Coronary Angioplasty,48,2,2,general,5,34369.0,81552.43,28951.37,81866.0,19930.52,229017.75
Caesarean Section,20,2,1,suite,3,32497.16,77054.1,15547.92,24015.71,11899.57,182610.61
Total Hip Replacement,38,3,2,general,5,27690.84,102224.41,22807.58,104366.74,19182.49,292061.54
Coronary Angioplasty,73,2,1,general,6,53343.85,104043.94,57015.11,115283.49,27128.03,334103.38
Total Knee Replacement,70,1,3,general,8,56494.04,133295.46,51733.64,83074.0,28091.7,389019.87
Total Hip Replacement,20,1,1,suite,6,114426.24,322254.87,58717.53,141131.47,47655.18,733685.46
Appendectomy,76,3,3,twin,3,10081.44,26665.69,6991.38,15837.78,4056.98,69721.91
Total Hip Replacement,55,2,2,single,5,47769.24,168454.54,29530.37,127468.66,23469.67,394190.1
Caesarean Section,69,3,1,single,7,55264.34,61386.17,33014.62,27102.81,12814.15,177381.21
Typhoid Inpatient Care,71,3,1,twin,7,32349.77,0.0,25569.9,19919.51,9026.15,58331.66
Cholecystectomy,53,3,3,single,4,18046.28,33385.83,10276.35,14424.73,5623.09,72720.76
Hernia Repair,81,1,3,single,3,21654.51,44982.46,13776.12,15236.84,7871.85,102658.73
Total Knee Replacement,27,3,1,single,7,61765.79,141158.21,36638.29,120809.62,24661.74,392803.63
Cataract Surgery,56,1,1,single,1,9220.2,54997.72,4561.35,17261.43,6224.89,97306.79
Dengue Inpatient Care,68,3,1,single,6,36626.58,0.0,25689.26,16360.28,10189.78,91772.21
Dengue Inpatient Care,71,1,2,single,5,41251.06,0.0,29316.81,14729.3,12304.67,92834.75
Cataract Surgery,20,2,2,twin,1,4225.11,26993.65,2847.21,12655.94,3511.93,49449.05
Coronary Artery Bypass Graft (CABG),55,1,2,single,7,129373.55,353039.14,83241.31,99221.71,64553.39,669260.64
Caesarean Section,42,1,1,general,3,27508.43,83413.1,23338.61,23011.6,17956.14,178169.24
Cholecystectomy,25,1,2,single,2,19538.42,79869.95,10131.21,16902.79,11854.18,121756.77
Cholecystectomy,41,1,2,twin,3,27472.19,67258.25,15551.79,16218.88,13114.46,126062.91
Coronary Artery Bypass Graft (CABG),55,1,2,twin,11,172555.96,299614.95,117894.38,92481.22,69730.74,765958.8
Total Knee Replacement,20,1,3,twin,7,57561.45,142897.04,41947.51,88603.83,28193.26,391110.13
Tonsillectomy,51,2,3,twin,1,3810.12,21729.26,2365.3,6351.87,2772.1,33790.27
Appendectomy,70,1,1,twin,5,47090.94,82929.55,30559.17,20450.15,13914.03,213213.77
Cataract Surgery,59,2,1,general,1,4741.16,29046.43,3238.57,15310.28,4983.01,59101.04
Normal Delivery,39,2,1,single,2,13922.92,28946.45,9500.48,10286.96,6040.43,60538.46
Hernia Repair,32,1,3,twin,2,11477.73,40862.96,7161.25,12079.09,6032.76,76601.12
Hysterectomy,41,1,2,twin,5,41079.93,80596.86,29990.76,20287.03,15491.7,180221.14
Hernia Repair,79,1,2,general,5,32801.52,46917.7,29404.2,20452.13,11348.4,125663.49
Dengue Inpatient Care,28,2,2,twin,4,18703.28,0.0,15059.43,12232.79,9536.77,50305.38
Hernia Repair,40,3,3,twin,2,6519.16,22082.58,3976.43,10547.37,3285.12,49184.83
Total Knee Replacement,37,3,3,twin,7,34465.92,89864.41,25184.25,82752.95,16353.07,240285.66
Typhoid Inpatient Care,57,2,1,twin,6,31966.3,0.0,24398.15,18554.3,10382.92,86679.28
Appendectomy,71,1,3,twin,4,24160.0,44674.08,15860.46,14381.46,7409.41,121712.62
Hernia Repair,37,1,1,single,3,32758.73,71518.98,17248.8,20779.37,10112.22,153346.74
Kidney Stone Lithotripsy,61,1,3,suite,1,9353.7,56956.68,3674.49,8403.29,4841.82,101267.45
Kidney Stone Lithotripsy,72,1,2,single,4,36303.8,61496.48,21622.83,13577.29,8063.71,144504.82
Hysterectomy,26,2,2,twin,6,38893.49,66386.74,26826.37,22932.92,12454.98,159192.84
Hysterectomy,59,2,1,general,3,19314.82,64856.57,16507.96,28093.65,12331.36,130594.9
Total Knee Replacement,30,1,2,general,6,56924.15,192826.91,52491.56,109594.12,36614.83,492521.84
Dengue Inpatient Care,38,2,2,twin,6,30291.71,0.0,22049.34,12127.9,10483.25,83064.49
Normal Delivery,60,2,3,twin,3,12582.85,19380.39,9801.11,6251.73,4737.64,55624.06
Cholecystectomy,47,2,1,general,5,32007.48,54684.17,22854.63,23253.68,13663.57,157476.89
Tonsillectomy,53,3,2,single,1,4675.34,27590.83,2317.08,8040.64,2795.86,41753.69
Cataract Surgery,64,1,1,general,1,6095.63,42393.67,4711.45,17103.41,5926.35,70243.57
Total Hip Replacement,61,1,1,single,5,91319.3,306837.49,53806.17,155814.74,42750.74,572522.39
Kidney Stone Lithotripsy,36,2,3,general,1,3916.23,30043.72,2485.96,8989.52,4026.9,49452.09
Cataract Surgery,71,1,1,twin,2,15688.45,48375.97,11578.94,17250.36,6854.66,103113.99
Cholecystectomy,41,1,1,twin,4,41573.19,84274.14,27935.51,22466.47,15625.4,203527.89
Kidney Stone Lithotripsy,61,3,2,twin,2,8127.84,30407.96,5296.55,12902.05,3813.94,59874.66
Appendectomy,30,1,3,twin,2,11968.57,46338.42,7399.09,12821.06,7408.25,85308.43
Caesarean Section,53,1,1,general,2,19928.63,93856.63,16117.13,23475.61,16702.9,174844.4
Total Hip Replacement,58,1,1,single,5,81544.6,272578.08,50990.01,133243.76,39348.03,671384.52
Normal Delivery,58,1,3,twin,3,15903.36,26462.21,11816.86,6435.55,5907.81,70012.73
Cataract Surgery,35,1,2,general,2,10317.22,31331.66,7593.85,12246.03,5306.37,70342.03
Cataract Surgery,35,1,2,twin,1,5988.83,36666.32,3976.31,12740.4,4653.07,66453.19
Total Hip Replacement,42,2,3,single,7,50865.08,120224.3,33388.52,93063.35,18816.74,311208.4
Dengue Inpatient Care,45,2,2,twin,5,24859.87,0.0,19313.45,13679.49,9813.31,60282.28
Appendectomy,29,1,1,general,2,17686.73,78395.85,12235.35,20874.24,11601.16,176393.79
Cataract Surgery,22,3,1,general,1,3862.18,24028.34,2577.39,17597.37,3593.92,48145.63
Coronary Artery Bypass Graft (CABG),25,1,2,suite,7,174547.48,370024.07,80886.62,100421.14,62444.04,894706.78
Appendectomy,54,1,1,single,3,32294.27,85759.02,16011.98,18207.01,10671.08,153747.5
Hernia Repair,71,1,2,single,4,34414.26,63462.35,21362.38,17731.57,10863.37,126085.65
Dengue Inpatient Care,35,2,2,single,5,30740.39,0.0,17809.16,13140.42,10060.88,69284.96
Total Hip Replacement,49,1,2,single,5,68139.45,234372.57,41684.68,116297.46,33241.39,542961.72
Tonsillectomy,59,1,3,twin,2,10737.08,34196.91,7380.96,5444.39,4902.72,60232.66
Appendectomy,73,1,2,single,6,60711.39,66274.63,34933.53,17314.31,13036.2,174690.75
Cholecystectomy,47,1,2,general,2,15004.11,64226.48,11435.13,16588.11,12229.35,118147.09
Kidney Stone Lithotripsy,46,3,1,single,2,13074.68,44637.27,6569.36,16231.87,5265.15,90619.95
Hysterectomy,74,2,2,suite,8,72322.66,79566.16,40255.58,26119.84,13749.68,238997.12
Hysterectomy,63,2,1,suite,3,34925.41,97247.18,16432.85,28287.77,12980.28,207757.36
Hysterectomy,37,3,2,suite,4,29042.36,62628.74,14859.14,20203.46,9369.46,129245.04
Coronary Artery Bypass Graft (CABG),31,1,2,twin,8,123072.61,291045.77,90008.92,85064.99,65746.15,762842.02
Cholecystectomy,74,3,2,single,4,23507.28,43601.68,14755.15,19684.93,7549.12,109249.39
Total Hip Replacement,48,1,1,suite,6,115906.29,289557.43,61434.67,137423.42,40625.59,662225.2
Coronary Angioplasty,31,1,2,twin,3,39928.51,146298.09,27458.33,92968.23,27220.97,384405.16
Hysterectomy,62,3,2,twin,3,15208.48,46463.21,10029.05,24922.14,8370.16,89273.7
Tonsillectomy,49,2,1,twin,2,12326.91,36823.58,8603.78,10371.49,5709.54,79788.46
Total Knee Replacement,65,2,3,single,7,43254.85,99320.92,29114.06,75014.6,19909.96,265444.28
Hysterectomy,41,1,2,general,4,30691.89,72277.49,24807.79,24331.59,14777.47,163966.25
Coronary Artery Bypass Graft (CABG),34,2,2,general,8,79034.26,203970.19,70374.51,86219.72,41551.54,420285.87
Hernia Repair,42,2,1,single,2,14898.87,51815.17,8314.94,20378.5,7516.72,111721.4
Cataract Surgery,44,1,1,twin,1,7052.2,44360.35,4285.98,16570.69,5784.92,76791.45
Appendectomy,49,2,1,twin,4,26838.45,50952.15,15618.98,19904.46,9670.35,127044.8
Total Hip Replacement,76,1,1,general,5,62296.64,213983.72,59378.64,177308.15,43334.52,500918.53
Hernia Repair,70,1,2,twin,5,34444.87,50089.82,25080.36,16447.91,9986.27,132853.57
Tonsillectomy,62,3,2,general,2,6787.38,22769.0,5048.62,8210.23,3542.94,48487.89
Coronary Angioplasty,40,2,3,twin,5,34003.99,78532.22,23983.03,63277.42,15385.22,257265.19
Cataract Surgery,36,3,2,twin,1,3436.33,22369.84,2396.09,12149.69,3125.56,50820.42
Typhoid Inpatient Care,79,2,3,twin,7,25380.1,0.0,23849.99,14358.71,7237.13,68754.93
Tonsillectomy,71,3,2,suite,3,15608.45,25998.44,7508.03,8289.35,3540.2,63540.66
Coronary Angioplasty,60,2,1,single,4,50203.13,120280.72,33026.55,108709.52,21947.66,368667.64
Tonsillectomy,80,2,2,twin,3,13184.77,25638.56,11117.88,8550.05,4461.97,58041.13
Coronary Artery Bypass Graft (CABG),40,1,3,twin,10,127962.1,229413.9,84602.33,75320.22,48281.7,593812.88
Kidney Stone Lithotripsy,32,2,2,suite,2,16234.01,51167.78,6560.63,10656.54,5405.54,91910.25
Hysterectomy,52,1,2,twin,3,26814.12,83501.31,18284.26,22154.55,14906.25,159787.46
Dengue Inpatient Care,37,1,1,twin,5,43124.16,0.0,36213.77,16222.81,15619.08,109347.38
Hernia Repair,38,3,3,general,2,5733.13,19719.83,4041.81,12157.73,3737.15,45170.74
Kidney Stone Lithotripsy,59,1,1,single,2,24710.78,74270.52,11233.45,16158.81,9410.73,154967.97
Cataract Surgery,67,1,1,single,3,24834.85,45357.07,13788.36,17268.41,6520.04,106360.37
Cholecystectomy,62,2,2,general,5,28993.42,53497.42,21062.1,18172.39,11381.41,145379.73
Typhoid Inpatient Care,19,2,2,twin,4,17745.56,0.0,12937.28,16381.63,7439.06,58168.92
Typhoid Inpatient Care,68,1,2,twin,7,43115.54,0.0,37385.83,16903.69,12906.27,98513.45
Cataract Surgery,63,2,2,twin,1,4375.28,25771.67,2734.59,13586.7,3645.98,42679.0
Typhoid Inpatient Care,68,2,2,general,7,25669.64,0.0,23429.3,16073.09,9619.76,86226.12
Dengue Inpatient Care,45,2,2,single,4,23873.25,0.0,17165.79,12667.0,10254.15,64279.87
Typhoid Inpatient Care,37,1,3,twin,7,35769.39,0.0,27322.35,10995.2,9813.43,92951.76
Tonsillectomy,44,1,2,general,1,6161.25,37585.05,4357.92,8062.75,5384.99,66764.96
Hysterectomy,56,2,2,twin,4,25467.16,62747.12,16085.77,22104.48,11404.69,115948.23
Dengue Inpatient Care,45,2,1,twin,5,32257.96,0.0,22266.06,16009.67,12826.57,91587.98
Cataract Surgery,31,1,1,general,1,7309.63,41350.4,5395.72,15288.15,6223.79,75423.45
Appendectomy,34,1,3,single,4,28182.97,57693.45,14135.56,14348.13,8730.78,123442.95
Cholecystectomy,57,3,2,single,4,23622.38,49371.11,12305.86,19957.88,7776.86,103929.97
Caesarean Section,73,3,2,twin,7,36292.96,39080.08,26392.32,22913.44,10098.7,139405.43
Kidney Stone Lithotripsy,65,2,1,single,2,16239.28,54731.69,8530.38,14664.87,6982.89,97108.16
Coronary Angioplasty,39,2,1,twin,3,34102.77,135724.76,26074.06,102940.61,21268.96,308255.59
Total Hip Replacement,40,2,1,suite,10,138470.83,218746.28,78462.09,149442.84,42156.9,567678.51
Cataract Surgery,32,3,2,twin,1,3527.97,20402.2,2177.1,13685.06,2786.68,47768.26
Total Knee Replacement,18,1,1,twin,6,81007.86,230647.21,61567.84,118857.23,39552.75,573281.55
Hernia Repair,71,2,1,suite,5,46150.52,50697.93,20344.97,19662.01,9082.07,122571.78
Dengue Inpatient Care,28,1,1,twin,5,40345.81,0.0,32276.96,16057.31,17470.74,100179.13
Kidney Stone Lithotripsy,67,1,1,single,3,32205.64,71376.99,18758.37,14357.68,10082.15,157896.9
Cataract Surgery,44,1,1,twin,1,8057.52,51859.14,5220.61,17856.09,6903.17,89742.19
Total Knee Replacement,41,1,2,single,6,70430.29,194511.74,45221.81,109255.76,34826.82,515522.11
Cataract Surgery,25,1,3,suite,1,6653.38,32398.94,2916.2,10387.0,3651.79,52525.84
Appendectomy,55,2,3,suite,2,13078.1,40607.37,5239.01,13017.62,4980.2,76260.07
Hysterectomy,22,1,1,twin,3,34014.65,103584.39,22632.07,24573.96,19338.65,192224.18
Normal Delivery,65,2,1,twin,3,19808.13,31938.26,15621.88,10936.92,7789.23,78329.55
Total Knee Replacement,44,1,2,suite,5,74444.5,207961.0,36036.86,107402.63,29931.47,444777.45
Caesarean Section,56,1,3,twin,6,39808.39,56907.39,28718.6,15101.71,13495.7,142767.84
Kidney Stone Lithotripsy,33,1,2,twin,2,14289.26,51146.96,8465.41,11840.15,6543.56,93109.52
Total Knee Replacement,76,1,2,general,6,59485.16,170920.12,55482.81,124460.96,31988.96,540949.47
Coronary Angioplasty,44,3,3,general,4,19397.3,58356.41,17499.11,64579.39,11861.3,154670.63
Kidney Stone Lithotripsy,45,2,2,single,1,7053.61,44561.16,3575.45,13288.28,4594.44,65024.85
Hysterectomy,43,3,2,general,6,25321.73,43625.92,20995.13,22221.82,10183.89,112829.81
Caesarean Section,33,3,1,general,5,24680.84,43155.94,21072.32,23331.94,10459.62,129137.24
Dengue Inpatient Care,43,2,1,general,4,20453.61,0.0,17277.42,14460.06,11948.89,66384.65
Normal Delivery,35,1,1,general,2,15147.77,38753.87,12412.34,10717.42,8402.9,72668.35
Cholecystectomy,66,1,3,general,4,23086.7,51549.0,18623.6,12967.21,8841.1,111909.7
Tonsillectomy,75,3,3,twin,4,12469.92,20434.26,9582.18,6513.5,3405.63,54050.06
Appendectomy,55,1,2,twin,2,15153.78,66078.9,8726.71,16134.8,8930.22,125457.54
Cataract Surgery,18,2,1,general,2,9910.93,28592.32,6723.84,16612.77,4928.72,59681.87
Total Knee Replacement,33,1,2,twin,7,76723.55,191582.41,50945.21,113786.37,33812.07,399469.06
Normal Delivery,41,1,1,single,3,30985.19,41790.11,20671.66,11790.88,9125.51,98288.25
Cholecystectomy,28,2,3,suite,3,20564.0,48822.42,8821.66,15384.6,6381.72,100384.76
Hysterectomy,52,2,1,single,5,48270.54,90753.5,27164.73,24708.21,15252.35,193183.3
Appendectomy,40,3,2,general,4,17108.09,35263.05,10484.4,15948.73,6601.06,83707.86
Typhoid Inpatient Care,34,1,2,general,5,25694.7,0.0,23254.16,15172.94,11338.33,67443.07
Normal Delivery,43,2,1,general,4,22723.5,29690.3,20903.59,11664.3,8393.39,100439.98
Kidney Stone Lithotripsy,72,2,1,single,3,24605.49,51130.22,14545.37,17471.77,7378.34,116306.42
Coronary Artery Bypass Graft (CABG),33,2,2,general,9,87713.52,190918.45,69137.25,92311.38,46709.65,481703.07
Normal Delivery,36,3,1,twin,3,15589.27,23398.42,10880.18,10807.07,5766.53,64940.88
Total Hip Replacement,59,1,1,general,5,64433.24,268312.27,55301.11,132887.69,48223.76,607493.66
Caesarean Section,32,2,2,twin,4,24569.24,52116.93,15370.06,19135.49,10857.87,112210.13
Coronary Artery Bypass Graft (CABG),79,1,2,single,7,125107.78,324993.53,92469.44,101524.2,56942.12,757067.3
Kidney Stone Lithotripsy,64,3,3,twin,2,6955.72,26049.17,4708.1,9653.32,3406.21,53183.75
Normal Delivery,74,1,2,twin,4,31036.61,36172.36,24771.41,10807.54,8774.41,94767.87
Kidney Stone Lithotripsy,80,2,2,general,3,16218.95,40166.32,12656.22,14888.19,5819.3,83593.84
Total Knee Replacement,53,3,1,single,6,59174.84,140658.48,33620.99,130660.57,24055.03,352611.77
Total Knee Replacement,46,2,2,single,6,54307.89,138013.22,34587.71,102134.91,26541.44,357805.34
Caesarean Section,31,2,2,twin,4,23957.08,48104.5,17474.33,20037.77,9434.81,122239.29
Total Hip Replacement,46,3,1,general,4,30801.89,150562.05,25971.65,138761.51,24656.39,420726.28
Coronary Angioplasty,49,1,1,twin,3,47813.47,176843.64,35416.86,95829.52,28494.06,425129.93
Total Knee Replacement,79,1,3,twin,6,46768.15,125247.74,42514.05,86727.58,26402.44,426152.31
Typhoid Inpatient Care,41,3,2,single,5,21774.98,0.0,12524.08,17223.85,6840.98,58501.1
Cholecystectomy,67,1,2,single,4,43129.37,73037.43,24325.8,17638.78,13113.13,171027.67
Hysterectomy,71,3,1,twin,5,31115.1,62710.97,24560.33,30263.4,12954.75,137502.48
Tonsillectomy,67,2,2,general,4,16416.31,28123.39,13551.39,7672.65,4844.69,63904.69
Cataract Surgery,69,1,1,general,2,13506.97,39293.89,9669.95,17682.42,6536.53,79763.86
Coronary Artery Bypass Graft (CABG),66,1,1,general,13,219528.29,340660.95,198273.33,129833.24,86438.34,946140.58
Hernia Repair,48,2,3,suite,3,17349.33,35910.63,7059.34,11948.29,4282.05,84204.55
Coronary Angioplasty,79,1,2,twin,4,50098.6,148036.92,44076.75,105751.32,25548.94,433796.52
Total Hip Replacement,47,2,3,suite,6,52269.07,134333.4,26344.07,92549.92,19008.26,280951.89
Cataract Surgery,23,2,2,single,1,5244.06,27357.17,2618.24,13702.78,3610.84,56272.93
Cholecystectomy,50,1,3,general,4,21936.69,45686.59,15526.64,14334.6,9707.96,112999.53
Dengue Inpatient Care,32,3,1,general,4,18189.83,0.0,16154.62,17244.92,9996.79,72392.39
Dengue Inpatient Care,28,2,1,single,7,51791.74,0.0,36128.88,17301.42,13360.73,117932.01
Caesarean Section,70,2,2,single,6,42670.91,57384.24,30785.4,22004.03,13350.16,194757.41
Tonsillectomy,77,2,1,twin,5,30215.37,34877.16,22716.46,11513.74,6044.82,124507.15
Normal Delivery,65,2,3,single,3,13205.09,20019.59,8929.28,7342.58,4780.55,54250.01
Kidney Stone Lithotripsy,82,2,3,general,3,10771.95,30940.9,9609.23,12160.16,4369.35,82717.01
Caesarean Section,76,3,2,single,5,27898.69,45392.58,20243.5,21702.04,9063.76,143312.26
Appendectomy,54,2,3,suite,3,20077.17,41917.28,7468.23,12920.3,5874.01,77168.61
Hysterectomy,45,2,1,general,5,35134.66,71454.32,25251.82,28094.17,16452.86,162552.65
Total Knee Replacement,52,2,2,general,5,32744.5,111960.34,29244.95,109395.3,22961.87,355319.64
Appendectomy,65,1,2,twin,1,7731.74,68183.5,4587.47,16794.7,8515.76,105662.79
Kidney Stone Lithotripsy,78,1,1,single,4,45259.12,71764.04,27117.33,18041.54,10555.24,155944.28
Cataract Surgery,50,1,1,single,1,8613.76,46328.42,4470.23,16979.95,6757.88,91546.11
Total Knee Replacement,80,2,3,twin,9,56712.49,106711.65,51447.8,100200.57,21937.29,386207.79
Normal Delivery,23,2,1,twin,3,20679.27,31647.33,14297.83,12266.81,8205.28,87950.7
Caesarean Section,52,2,1,suite,4,42480.33,83051.55,20868.06,22345.72,12162.56,146705.3
Dengue Inpatient Care,21,2,1,twin,4,26763.89,0.0,19904.4,15609.45,11451.6,78454.46
Tonsillectomy,30,1,2,general,2,10895.13,36348.87,7773.17,7427.49,5629.82,60307.08
Normal Delivery,44,2,2,general,2,9159.67,22058.64,7353.74,9507.85,5641.24,54099.19
Total Hip Replacement,71,1,2,suite,6,100338.69,239068.23,57351.11,118514.82,33199.05,581944.4
Total Hip Replacement,72,1,2,twin,7,80332.1,210823.51,70750.34,125233.15,37007.8,565139.87
Normal Delivery,51,2,2,general,3,13233.31,21997.71,12200.18,9756.12,5492.92,62169.9
Typhoid Inpatient Care,80,1,2,twin,6,40511.9,0.0,34292.45,18797.77,13298.04,113077.41
Tonsillectomy,58,3,2,twin,3,11443.76,22742.01,8087.15,7335.59,3735.59,48394.57
Tonsillectomy,67,1,2,general,4,24698.74,38246.04,18785.65,8659.8,7176.34,92529.46
Cataract Surgery,62,2,1,twin,1,5768.93,31159.76,3602.82,15758.2,4342.16,59500.4
Appendectomy,34,2,3,twin,4,18483.13,38563.7,11262.78,14037.25,5928.73,83186.95
Hysterectomy,27,2,3,general,5,20040.67,42595.43,17384.03,17446.69,9445.58,103448.29
Tonsillectomy,42,2,3,general,2,5938.21,21363.48,4843.39,5923.72,2863.0,38882.74
Hernia Repair,53,3,2,suite,2,11762.83,33185.27,5031.64,14794.88,4545.0,76004.85
Hernia Repair,64,3,1,single,3,17835.1,39003.52,10490.18,18100.74,6226.58,94506.17
Appendectomy,67,3,3,suite,4,19596.77,35069.86,9492.24,14526.83,5168.71,94178.54
Cholecystectomy,18,2,2,single,4,28821.87,54887.73,14501.22,18605.01,8713.73,145281.59
Typhoid Inpatient Care,37,1,3,suite,6,38272.47,0.0,22146.24,11705.69,8483.37,85446.5
Cataract Surgery,41,2,1,twin,1,5342.47,31391.1,3419.2,15374.71,4879.16,63844.93
Coronary Artery Bypass Graft (CABG),55,2,1,single,9,149651.93,316052.23,92794.99,107759.13,64518.95,816800.92
Typhoid Inpatient Care,35,2,1,twin,6,31035.91,0.0,23579.17,19980.23,10673.68,89932.13
Hysterectomy,72,2,2,general,5,28623.51,62304.55,27538.67,25306.68,12226.73,172714.58
Kidney Stone Lithotripsy,60,1,2,suite,2,21264.22,73927.49,9022.12,12711.55,7856.2,126707.49
Cholecystectomy,22,2,3,suite,3,20085.76,49120.35,9170.81,13097.69,7509.89,113644.44
Tonsillectomy,27,2,1,suite,2,17861.26,47367.19,8358.47,10220.47,5243.33,103365.7
Cataract Surgery,54,1,1,single,1,9193.15,46856.69,5094.56,18289.76,6405.41,87292.2
Tonsillectomy,24,1,1,suite,3,37334.24,60889.97,16053.76,9119.36,8015.08,122171.94
Dengue Inpatient Care,56,3,2,single,5,24771.33,0.0,16454.46,14690.03,7516.62,59978.93
Normal Delivery,37,2,3,general,2,6739.41,16144.65,5416.98,7365.91,4389.08,39487.44
Cholecystectomy,47,1,1,twin,3,29588.42,77524.59,19423.38,20066.08,12700.35,176970.03
Kidney Stone Lithotripsy,58,1,1,suite,2,28796.0,96720.87,10805.52,15819.02,9003.52,139839.46
Normal Delivery,68,1,3,general,4,18903.87,25098.59,18917.06,6881.64,6872.23,81990.87
Caesarean Section,70,2,3,single,7,40945.03,42066.91,25859.82,18070.97,9588.08,147686.16
Typhoid Inpatient Care,60,3,1,twin,6,27379.6,0.0,20600.76,17738.5,8159.9,73096.53
Caesarean Section,57,1,2,general,4,30854.77,70043.38,25121.99,20664.19,16057.5,168802.93
Dengue Inpatient Care,76,1,3,suite,7,52814.54,0.0,34259.6,11376.64,12040.53,113791.1
Dengue Inpatient Care,50,3,2,single,6,28122.71,0.0,20133.58,14497.25,9545.62,63696.78
Typhoid Inpatient Care,24,1,2,general,6,31560.92,0.0,25967.31,15905.4,12716.79,71625.44
Kidney Stone Lithotripsy,78,3,1,suite,4,32505.8,51278.94,15224.43,18097.03,6514.18,123792.54
Total Hip Replacement,20,2,2,twin,7,57497.98,138631.96,40283.25,125254.2,26295.77,381155.47
Total Hip Replacement,82,2,2,single,9,91930.86,174630.75,73222.48,127295.55,32386.26,521140.2
Appendectomy,62,2,2,twin,3,15798.99,40355.27,10476.09,14776.09,7176.81,93038.24
Dengue Inpatient Care,25,2,1,twin,4,24317.05,0.0,18870.91,15687.02,10485.37,71740.72
Caesarean Section,26,1,1,twin,5,56337.16,89682.68,35235.34,22055.72,18903.62,227793.05
Kidney Stone Lithotripsy,48,3,3,general,2,6153.36,25519.89,3977.92,9371.58,3495.67,45133.42
Normal Delivery,70,1,2,single,4,34032.04,40398.84,27473.61,9867.74,8831.23,133482.19
Normal Delivery,64,3,2,single,3,13530.83,19541.91,9244.94,8499.27,4391.38,55863.28
Appendectomy,63,1,1,general,3,23265.53,65437.0,15291.4,21800.71,10650.78,118870.81
Total Knee Replacement,34,2,2,twin,5,40478.51,132051.54,27652.99,99086.9,25108.27,310964.52
Kidney Stone Lithotripsy,45,1,2,general,1,7365.01,55177.41,4927.23,12272.7,7150.04,86353.85
Appendectomy,74,1,2,twin,4,31697.72,63838.01,21198.49,18878.04,10499.01,150743.99
Cataract Surgery,32,2,2,single,1,5164.02,27205.53,2692.02,13712.8,3768.07,52325.1
Coronary Angioplasty,29,2,1,twin,4,47437.94,140079.85,33559.07,97303.65,25987.24,341886.0
Total Hip Replacement,80,2,2,suite,6,69419.56,196597.87,48821.05,141760.77,27260.25,438981.22
Cataract Surgery,29,1,1,twin,1,7708.12,45736.97,4966.11,15183.96,6427.25,76624.01
Hernia Repair,82,1,2,twin,3,21265.41,45249.59,15659.94,18007.06,7534.25,137737.45
Caesarean Section,79,3,3,single,8,33363.03,32186.12,24789.19,16859.35,7286.32,90457.67
Total Knee Replacement,60,1,3,single,7,65806.8,143363.69,43559.02,83590.65,30186.01,362284.98
Hernia Repair,74,1,3,single,4,26372.35,40292.79,15564.42,13862.3,6711.01,106132.05
Hernia Repair,79,1,2,suite,3,34564.07,71349.51,18886.84,16657.56,10167.94,179453.22
Hysterectomy,29,2,1,single,4,39706.88,90837.17,22700.67,25832.0,15290.94,205677.66
Typhoid Inpatient Care,22,1,2,single,3,20675.88,0.0,13213.03,15615.79,9501.98,69158.89
Normal Delivery,71,2,2,single,4,23144.05,22509.5,17316.04,9651.79,5342.65,75105.02
Caesarean Section,76,2,1,general,5,36453.44,64099.68,31454.81,26186.56,15651.77,176635.16
Dengue Inpatient Care,23,2,2,single,3,18330.03,0.0,12226.17,12559.95,8516.73,51645.53
Kidney Stone Lithotripsy,46,2,2,twin,2,10944.68,38734.94,6273.28,11168.8,4723.84,74014.31
Hysterectomy,74,3,3,single,5,25009.44,40820.72,16668.65,21385.25,7961.36,114414.7
Tonsillectomy,78,1,3,single,3,19647.67,34468.02,12539.46,7647.26,4997.39,76623.69
Normal Delivery,18,1,2,general,1,6311.44,32589.25,5950.74,8310.64,7436.82,59607.74
Hernia Repair,82,1,3,twin,4,21437.79,35678.69,17862.88,14730.64,6738.36,77166.41
Cholecystectomy,27,1,2,single,3,30173.74,71055.57,14963.15,16324.18,12631.63,140272.51
Tonsillectomy,45,1,2,twin,2,13267.26,40922.2,8901.36,7919.66,6346.67,85262.1
Hernia Repair,45,3,1,general,2,8976.21,33847.17,6443.11,18101.59,5501.75,60668.25
Appendectomy,35,3,2,twin,3,13201.99,33842.41,8265.4,16828.84,5161.2,69754.52
Total Hip Replacement,22,2,2,twin,8,65307.7,134934.47,44325.17,116069.37,31347.72,358535.26
Cataract Surgery,47,3,1,general,1,3613.15,21808.35,2675.07,17674.08,3301.79,58791.13
Coronary Angioplasty,76,2,2,twin,3,25120.59,99733.33,23112.64,94813.29,17679.73,339144.24
Kidney Stone Lithotripsy,80,2,2,suite,5,38760.9,51909.52,20556.2,15243.43,5918.38,102649.56
Cholecystectomy,43,2,2,suite,4,31207.19,54987.47,13402.14,16995.78,9072.84,139517.15
Caesarean Section,46,1,2,single,3,32340.26,77149.15,18232.78,19789.77,13772.88,162071.93
Dengue Inpatient Care,76,2,2,single,7,38332.03,0.0,33005.32,15164.66,10277.31,73533.33
Normal Delivery,46,2,1,suite,3,25415.4,33919.46,14643.11,11706.96,7424.24,82816.93
Cataract Surgery,31,2,1,general,1,4910.34,32637.49,3414.57,16978.39,4912.87,66222.13
Coronary Angioplasty,44,2,2,general,3,21599.28,91711.33,19456.02,83358.1,18085.95,243605.74
Cataract Surgery,59,1,3,suite,1,7163.67,35044.18,2800.48,10481.95,3797.96,59665.49
Normal Delivery,25,1,1,single,2,21982.63,44984.43,13832.12,10552.03,9094.08,92824.33
Hysterectomy,44,2,1,general,5,34742.7,74487.57,30089.51,27455.74,15224.65,172747.5
Cataract Surgery,48,2,2,twin,2,9249.66,28259.35,6107.97,14271.37,3896.59,52282.2
Total Hip Replacement,42,1,1,general,4,48971.53,259735.6,45468.73,154818.89,37547.67,491141.01
Cholecystectomy,21,2,2,single,3,22189.57,53129.2,11973.13,17802.59,8526.26,103119.42
Cataract Surgery,48,3,2,twin,1,3517.11,21568.11,2073.93,11380.91,3085.05,38190.58
Hernia Repair,25,2,2,single,2,12222.32,37395.73,5920.49,15123.94,5220.98,76962.71
Appendectomy,72,2,2,suite,4,33304.35,59398.35,15808.04,18222.16,7483.52,151571.48
Dengue Inpatient Care,69,2,2,twin,3,14713.13,0.0,12778.46,14482.35,8706.57,52623.25
Coronary Artery Bypass Graft (CABG),54,2,1,single,8,123987.12,277838.8,80925.02,117721.84,53629.52,632707.84
Coronary Angioplasty,72,3,1,twin,4,34699.84,94864.04,32057.76,119454.09,18537.91,392631.54
Coronary Angioplasty,43,2,1,general,4,41815.96,132840.05,34101.41,96987.8,23090.67,330069.82
Tonsillectomy,38,1,1,general,2,14316.51,44047.92,9566.48,9194.64,6342.79,83942.25
Caesarean Section,38,1,1,general,4,37876.61,91773.88,29262.45,22904.75,18781.15,171981.54
Hernia Repair,37,2,3,single,3,13979.2,28617.48,7735.39,11621.43,4405.02,66457.0
Hysterectomy,67,1,2,twin,5,42091.42,87013.26,33827.39,23002.75,15549.43,200734.98
Cholecystectomy,24,1,3,twin,3,19763.51,52284.66,12921.66,13511.91,8763.27,111766.16
Cataract Surgery,53,2,2,single,1,5377.96,29841.84,2941.74,13277.82,3741.84,56796.53
Appendectomy,32,1,1,general,3,24122.39,73061.6,16800.39,20685.78,11632.0,147564.85
Total Knee Replacement,54,1,2,twin,4,40776.27,172874.87,30225.4,102709.78,32029.84,381922.11
Typhoid Inpatient Care,46,2,3,single,5,20725.52,0.0,13403.76,12264.66,6820.86,57732.19
Dengue Inpatient Care,54,3,2,general,4,13814.56,0.0,12178.69,11992.25,7475.34,47212.38
Coronary Artery Bypass Graft (CABG),69,3,2,single,10,110248.7,186204.69,68672.77,105677.66,42005.14,489407.3
Kidney Stone Lithotripsy,54,2,2,twin,2,11216.58,42846.43,6289.12,12418.82,4657.08,89415.42
Cholecystectomy,36,1,2,suite,3,36326.07,83318.5,16377.76,19374.58,12317.85,164334.21
Total Hip Replacement,51,2,2,twin,9,69359.49,149601.24,53534.49,121326.18,32065.72,394571.63
Hernia Repair,34,1,2,general,3,20157.68,52385.48,14678.09,15998.87,8647.92,107314.17
Coronary Angioplasty,75,2,2,general,5,40583.03,103166.6,41734.87,93888.28,19306.16,342432.83
Caesarean Section,40,3,2,general,6,23227.19,38147.63,18543.06,19857.53,9313.69,105928.8
Cholecystectomy,59,2,1,twin,3,19792.37,53612.94,14109.31,21874.24,9285.75,110394.0
Appendectomy,79,3,3,twin,5,18111.53,30971.7,13629.64,16693.18,5380.01,70049.68
Cholecystectomy,46,3,1,general,3,15730.16,44971.82,11473.13,23841.5,9099.02,110238.24
Tonsillectomy,61,1,2,general,2,11629.41,40000.12,8914.33,7617.95,5791.2,71216.28
Kidney Stone Lithotripsy,56,2,3,single,2,10096.66,36451.09,4694.62,8713.11,3686.1,60101.73
Coronary Angioplasty,47,2,1,twin,5,52011.68,121675.63,40303.32,98624.31,22621.55,348481.53
Dengue Inpatient Care,37,2,1,twin,4,24825.57,0.0,19146.26,15836.96,11764.84,67239.47
Tonsillectomy,41,1,2,single,2,17967.95,51949.78,9390.37,7553.83,6463.88,84011.2
Coronary Artery Bypass Graft (CABG),80,3,3,twin,7,51337.59,143023.79,48557.7,85563.8,29089.99,480477.49
Normal Delivery,76,2,3,single,4,17297.69,17664.31,13553.26,7985.14,4457.74,53807.25
Hysterectomy,58,3,3,general,4,13711.78,36117.54,10717.63,17005.71,7120.71,80976.9
Tonsillectomy,44,2,2,twin,1,4921.07,32853.36,3333.41,8208.8,3902.17,60086.34
Hernia Repair,72,1,3,single,3,20976.6,47913.98,12917.29,13815.23,7125.66,105908.55
Coronary Artery Bypass Graft (CABG),27,2,1,twin,11,155670.36,269128.0,111040.95,112779.52,56017.5,782104.68
Cholecystectomy,24,2,3,twin,3,14027.99,40850.62,8716.85,12924.74,7123.41,72068.69
Total Hip Replacement,50,2,2,general,7,52075.28,147906.19,43786.08,121797.71,32257.8,361506.99
Appendectomy,28,2,1,twin,3,21463.14,52955.53,12511.23,20712.39,8159.67,107591.02
Cataract Surgery,81,1,1,twin,3,22115.08,46266.13,17196.07,19666.79,6944.85,128236.29
Hysterectomy,65,1,3,general,6,34768.5,59240.24,31478.82,16007.63,14649.1,145495.65
Total Knee Replacement,74,1,3,twin,10,79369.73,147213.85,63744.94,90648.39,31907.37,404083.28
Hysterectomy,26,2,3,suite,7,48391.99,58490.48,23349.94,15624.96,9767.59,158037.28
Dengue Inpatient Care,75,2,3,single,5,23165.2,0.0,17619.1,10643.47,7538.83,62047.3
Appendectomy,37,1,2,general,2,15009.7,60458.94,9756.66,16510.83,9630.44,112381.92
Caesarean Section,59,1,2,single,5,52964.59,84797.17,31175.82,19218.69,15811.77,212841.15
Tonsillectomy,56,1,1,suite,1,11727.0,66712.5,5694.24,10197.78,6401.61,96948.15
Hernia Repair,40,3,1,suite,3,20722.77,45878.38,8732.96,17369.61,6212.44,97857.99
Kidney Stone Lithotripsy,31,3,2,general,2,7603.72,32258.68,5497.34,12393.69,3814.69,54595.01
Appendectomy,38,2,1,general,3,17572.83,49250.6,12318.23,19857.92,9434.78,94820.57
Kidney Stone Lithotripsy,75,1,2,single,4,39782.38,68749.49,23511.25,14460.12,9333.59,153572.9
Dengue Inpatient Care,29,2,1,suite,5,45753.08,0.0,24369.58,17243.57,12471.76,91247.1
Tonsillectomy,65,1,2,general,2,11855.4,36228.11,9564.12,7677.55,5385.32,66439.4
Hysterectomy,77,3,2,single,6,36022.99,49569.77,25951.07,23514.44,11357.87,146980.42
Tonsillectomy,29,1,1,twin,1,8437.83,50039.0,5576.54,8647.23,6260.61,64534.23
Tonsillectomy,70,2,2,twin,4,19688.92,29836.37,14337.35,9592.6,4851.25,72523.21
Coronary Angioplasty,43,1,2,suite,2,35136.96,176936.97,18330.95,92906.36,21280.21,282389.84
Typhoid Inpatient Care,61,1,3,suite,5,33981.17,0.0,18491.92,12571.27,9679.07,85080.74
Coronary Artery Bypass Graft (CABG),30,2,2,single,6,81498.9,234036.03,46256.25,94903.7,35593.8,499849.63
Appendectomy,57,1,2,general,4,26875.19,59576.03,17481.61,17510.49,10472.22,127421.72
Dengue Inpatient Care,51,2,2,suite,5,33632.75,0.0,17713.69,13803.23,10449.17,81082.18
Total Knee Replacement,71,2,1,single,8,89804.97,189218.54,58260.18,130548.9,32814.05,656503.4
Total Knee Replacement,69,2,1,general,5,41867.95,159614.29,41166.03,133222.08,30581.51,380519.65
Hernia Repair,37,2,1,general,2,10687.1,42981.21,7672.61,16433.3,6877.99,87126.11
Typhoid Inpatient Care,78,1,1,twin,7,50355.13,0.0,45240.57,19598.71,13804.46,136910.32
Total Knee Replacement,55,2,1,single,7,72888.03,151711.18,47728.32,118357.81,28836.35,408794.46
Coronary Artery Bypass Graft (CABG),68,1,3,twin,12,146919.13,233767.47,127013.64,86194.48,57913.61,688075.43
Total Knee Replacement,26,2,2,single,6,49579.59,127377.89,33187.44,100919.13,23549.8,330203.29
Kidney Stone Lithotripsy,23,2,1,twin,3,21709.08,56576.02,13151.34,15793.71,7382.73,112992.18
Coronary Angioplasty,73,1,1,twin,6,91529.7,174105.52,75825.27,128319.6,39154.38,614276.0
Typhoid Inpatient Care,75,3,1,single,7,32667.58,0.0,27739.74,22910.64,8583.22,68501.93
Hysterectomy,82,2,2,single,6,41882.21,60390.28,30046.52,24208.43,11888.68,159212.8
Appendectomy,25,2,2,general,4,19753.45,41371.44,13927.07,15453.87,7528.1,92393.48
Coronary Angioplasty,43,3,2,twin,3,21838.89,78340.77,16692.07,92170.32,14081.36,216845.43
Kidney Stone Lithotripsy,56,3,2,general,2,7520.29,28098.64,5058.97,11754.72,3766.3,61433.5
Tonsillectomy,56,2,3,general,2,7252.96,22989.2,5407.12,6169.74,3732.34,46686.3
Coronary Artery Bypass Graft (CABG),51,2,2,twin,7,75861.96,201572.97,56592.14,102445.07,40225.42,516478.48
Typhoid Inpatient Care,29,3,1,twin,4,19072.81,0.0,13151.27,18503.36,8795.64,57064.08
Tonsillectomy,64,3,2,general,2,6788.83,22760.52,4903.93,8071.4,3040.88,46530.05
Dengue Inpatient Care,30,1,3,twin,4,22776.51,0.0,16352.94,9322.49,10923.39,62252.35
Tonsillectomy,50,1,2,single,1,8218.84,49000.44,4115.4,8377.36,5577.17,73626.17
Appendectomy,20,2,2,general,4,19215.83,44121.11,13969.14,16882.2,8367.81,116788.29
Tonsillectomy,31,2,2,twin,2,9936.13,31767.98,6257.5,8348.36,4795.74,62663.48
Hysterectomy,29,1,1,general,3,29500.14,94879.3,23486.15,29881.9,19755.63,167788.86
Typhoid Inpatient Care,41,1,2,twin,6,37030.77,0.0,25743.45,14986.5,11920.68,98258.62
Total Hip Replacement,20,1,3,single,5,55404.91,183887.19,37157.07,97409.24,26132.02,426542.09
Appendectomy,23,1,2,single,5,45294.57,70196.08,22973.33,14887.92,11811.82,174423.24
Cataract Surgery,66,1,2,general,2,11407.3,34223.85,8893.85,14890.9,5447.45,74330.01
Hernia Repair,34,1,2,twin,3,22762.76,55873.45,13474.87,16444.48,10178.47,113014.9
Hernia Repair,28,2,2,general,1,5013.15,40829.97,3421.3,17384.42,6008.56,62921.61
Hernia Repair,23,2,2,suite,3,20960.96,47145.69,9611.44,15351.69,6247.06,91674.13
Cholecystectomy,49,1,2,single,3,29394.16,72380.95,15000.64,18251.2,12875.92,157723.13
Coronary Angioplasty,74,3,1,suite,4,49026.33,117125.22,28178.54,120724.26,17356.05,316645.22
Appendectomy,59,1,2,suite,4,48759.49,74316.38,17430.27,16325.37,11630.11,171806.04
Appendectomy,77,2,1,single,4,30646.85,59787.55,18407.93,22325.52,9401.09,114000.49
Dengue Inpatient Care,76,1,2,general,6,38350.13,0.0,40063.84,14718.93,15511.06,123767.58
Normal Delivery,73,2,3,general,3,10602.5,17102.39,10576.76,6937.35,4667.76,47948.88
Total Knee Replacement,49,2,1,suite,4,52609.46,196547.74,27810.47,130661.32,24194.93,452320.54
Total Hip Replacement,51,2,2,general,4,27428.16,135368.58,22467.59,116368.17,21225.5,319703.72
Total Hip Replacement,26,3,2,general,4,21521.94,113146.72,17840.91,114600.12,16697.32,293034.41
Total Hip Replacement,20,2,2,twin,6,54924.37,152377.06,38124.33,125398.69,25707.46,357736.67
Typhoid Inpatient Care,31,1,2,twin,5,30840.45,0.0,23567.89,14144.5,10855.06,84580.5
Dengue Inpatient Care,79,2,1,general,5,27631.66,0.0,26531.23,20615.99,12290.97,76408.85
Normal Delivery,46,2,3,general,2,6880.98,16697.72,6322.0,6739.59,4185.1,44171.46
Normal Delivery,34,2,1,suite,3,28527.63,39913.06,14827.23,11652.56,6665.88,92094.32
Hernia Repair,28,1,3,single,2,11824.97,41534.0,6534.12,12014.05,6391.56,71218.05
Tonsillectomy,19,2,1,twin,2,11570.75,34824.5,7521.99,8747.1,5493.84,68054.07
Normal Delivery,42,1,1,twin,3,25617.79,40200.55,20410.88,10586.98,8648.68,113199.14
Caesarean Section,53,1,2,single,3,30381.92,79404.51,16683.38,20840.77,12449.68,163463.93
Tonsillectomy,53,3,2,general,2,7386.52,23842.93,5642.5,7566.62,3829.06,43050.64
Hernia Repair,75,2,1,suite,4,41041.73,58159.07,19364.6,20363.67,9346.43,133388.22
Typhoid Inpatient Care,44,2,2,twin,6,25850.18,0.0,19297.25,15309.03,8442.3,60736.09
Dengue Inpatient Care,22,3,1,suite,6,42357.85,0.0,21746.41,14720.83,9935.67,81359.75
Normal Delivery,62,3,2,single,3,13450.03,20089.32,8336.44,8236.52,4137.33,60447.73
Total Knee Replacement,44,3,1,twin,6,45918.99,136621.74,32628.98,122664.88,25504.79,343418.76
Hernia Repair,50,1,1,twin,3,28614.24,62393.05,17694.71,21559.79,10643.77,145781.02
Normal Delivery,32,2,1,general,2,9976.12,27587.95,8869.04,9799.63,6019.26,55490.77
Total Knee Replacement,37,1,1,twin,6,72936.21,224243.31,51830.52,122536.69,38844.02,497915.25
Caesarean Section,29,2,2,single,5,36300.22,55677.23,22100.42,20598.2,10769.16,132467.51
Hysterectomy,67,2,2,suite,7,64663.59,80697.62,31800.47,20908.74,13751.31,239902.35
Coronary Artery Bypass Graft (CABG),37,1,1,single,7,173721.75,437469.45,109264.7,113887.77,81077.88,843892.99
Cholecystectomy,44,1,2,suite,3,36757.76,81411.78,15480.77,17980.34,11921.86,165515.23
Hernia Repair,47,2,2,twin,1,5259.66,39448.74,3137.27,14225.78,5298.95,70113.16
Total Hip Replacement,73,1,1,general,9,103887.71,232510.64,97362.97,140240.57,51807.19,580156.73
Appendectomy,73,1,1,twin,5,47014.64,75126.41,31774.58,22343.59,12889.89,175046.17
Cholecystectomy,49,3,2,twin,3,14032.41,37067.45,9797.69,16048.98,7364.16,94593.51
Coronary Angioplasty,47,2,1,single,3,36717.37,136627.72,25217.22,109970.46,20673.4,378005.03
Total Hip Replacement,72,2,2,general,7,49408.98,149813.61,53578.49,140385.32,30771.82,453298.03
Cataract Surgery,35,2,1,twin,1,5339.57,33993.26,3359.8,17330.64,4742.76,72527.28
Tonsillectomy,45,1,2,twin,2,13181.81,43035.72,8306.88,7134.07,5496.27,83327.64
Tonsillectomy,76,2,2,twin,3,15195.3,31614.72,10720.7,8935.75,4992.51,83150.16
Normal Delivery,32,1,2,general,2,11318.16,30022.74,9597.1,8539.39,6940.82,62718.1
Kidney Stone Lithotripsy,69,1,3,single,3,22894.82,50927.07,12879.13,10968.06,5760.5,86919.55
Cholecystectomy,71,2,1,single,4,35937.31,66525.76,21204.64,23113.23,10819.85,138775.24
Normal Delivery,26,1,2,general,2,11449.4,27116.38,10026.85,7957.39,7596.21,62435.6
Kidney Stone Lithotripsy,47,1,3,single,2,13885.21,49494.66,7174.25,8994.73,5424.67,84507.24
Coronary Angioplasty,55,3,3,twin,4,22901.86,67812.62,15880.66,65820.58,12000.56,234105.15
Tonsillectomy,66,2,2,suite,4,26309.53,36822.68,12984.3,7770.87,4687.13,77907.47
Dengue Inpatient Care,80,2,1,twin,4,26110.14,0.0,24640.74,19501.71,12061.36,97505.81
Cholecystectomy,56,2,2,general,3,15365.73,48144.64,10838.53,16691.33,9217.73,95058.87
Hernia Repair,64,1,2,single,2,18792.21,59329.69,10796.42,14988.86,8395.57,103706.02
Coronary Angioplasty,46,2,1,single,3,38831.61,145043.34,25065.65,112999.87,23153.99,292486.65
Appendectomy,49,1,2,general,3,22256.96,61660.42,14968.94,18269.26,9316.43,127871.09
Coronary Angioplasty,31,1,2,single,3,44019.39,171259.92,29017.83,92706.61,24807.27,334170.63
Cataract Surgery,49,2,1,general,1,4563.01,28773.45,3374.45,15989.52,4510.54,59892.12
Coronary Angioplasty,31,2,1,twin,3,30833.57,117376.62,22154.16,96150.04,21048.64,315370.79
Dengue Inpatient Care,40,1,2,single,6,53406.16,0.0,32196.43,13743.74,14317.51,108933.76
Caesarean Section,53,1,2,single,4,41419.57,84611.77,22980.84,19744.38,13438.84,165114.2
Caesarean Section,35,1,2,twin,4,35110.1,73736.6,25920.15,18588.33,13586.42,177615.95
Dengue Inpatient Care,34,3,2,twin,5,20279.21,0.0,15945.59,13957.96,7986.87,61122.19
Hernia Repair,35,2,2,twin,3,15309.75,35102.24,9148.48,14161.3,6256.39,83169.32
Kidney Stone Lithotripsy,50,2,1,twin,2,13470.82,50736.99,7590.11,15223.26,6142.11,84878.81
Cataract Surgery,31,1,1,twin,1,7573.75,45042.98,4444.86,14908.36,6653.01,78489.91
Normal Delivery,56,1,1,twin,2,16234.35,37155.17,12562.92,10264.17,9450.51,70566.79
Typhoid Inpatient Care,75,2,2,general,6,25647.44,0.0,25964.23,18914.51,8749.88,76123.04
Caesarean Section,18,1,2,single,3,32972.3,81405.32,17778.49,19066.76,14463.66,161794.26
Total Knee Replacement,18,2,1,single,5,56250.28,182059.98,34195.49,120211.07,28559.47,401582.06
Coronary Angioplasty,60,2,2,single,4,41276.3,99823.06,26554.54,80197.1,17361.83,291526.94
Kidney Stone Lithotripsy,71,2,1,twin,3,20818.79,55429.86,13699.62,17943.95,7271.76,98818.36
Hernia Repair,49,1,3,single,2,13783.97,46588.82,7547.72,13058.52,7042.73,79452.67
Coronary Artery Bypass Graft (CABG),33,2,1,twin,8,123890.37,270135.5,85484.4,114154.22,60100.98,681386.38
Tonsillectomy,32,2,2,twin,2,9124.6,27605.48,6439.13,7935.11,3840.6,51898.82
Tonsillectomy,75,3,2,general,3,10010.26,23488.64,9128.98,8539.38,3711.31,55923.0
Typhoid Inpatient Care,74,3,2,general,6,18207.68,0.0,19745.59,15951.83,6722.78,71865.49
Coronary Angioplasty,33,1,1,twin,5,76742.65,182080.31,57384.81,108303.74,34225.41,530125.45
Typhoid Inpatient Care,63,2,2,twin,5,21568.25,0.0,18254.24,15792.66,8743.32,72174.54
Kidney Stone Lithotripsy,74,1,2,twin,3,25470.33,56637.4,16485.87,12957.73,8605.02,104498.25
Dengue Inpatient Care,61,1,1,twin,4,38004.29,0.0,27409.67,15030.66,17252.38,100602.11
Dengue Inpatient Care,48,1,2,single,4,30697.84,0.0,20647.03,13615.72,12640.14,81622.69
Hernia Repair,37,2,1,single,3,23381.23,51887.85,11845.9,19234.22,7538.45,118605.35
Coronary Artery Bypass Graft (CABG),26,2,2,general,6,63624.12,211768.83,48682.24,100193.24,41765.09,419456.92
Total Knee Replacement,68,2,2,general,7,42141.97,107562.22,38209.8,115691.55,24775.31,365694.43
Total Hip Replacement,50,2,1,single,2,23885.5,195563.82,14968.12,130692.79,26719.76,376976.01
Normal Delivery,45,2,1,suite,2,17554.09,32724.21,9362.35,10085.56,6763.89,81686.87
Cholecystectomy,31,1,3,general,3,17786.13,48765.66,11425.17,11785.43,9339.55,112320.21
Dengue Inpatient Care,47,1,3,twin,6,35096.65,0.0,25523.85,10929.37,12597.48,98359.76
Dengue Inpatient Care,39,2,2,twin,3,14902.7,0.0,11166.02,12156.98,8985.66,50304.23
Hysterectomy,61,1,1,general,4,38744.22,112456.58,33895.82,29583.15,23078.29,209389.03
Dengue Inpatient Care,76,1,2,twin,6,39176.86,0.0,37665.08,15190.44,13481.29,109329.93
Hysterectomy,27,1,3,single,5,42100.36,75473.5,26205.11,16529.0,12990.24,173003.14
Kidney Stone Lithotripsy,27,3,2,single,2,10557.47,36554.72,4985.15,13081.89,4395.72,74886.97
Coronary Angioplasty,74,1,2,general,7,68915.46,124468.43,67938.25,83678.91,27248.08,324898.3
Cataract Surgery,62,3,3,general,1,2572.28,16337.48,1892.45,10728.89,2123.95,32986.17
Typhoid Inpatient Care,69,3,1,general,6,22008.47,0.0,20163.97,22125.66,8510.65,77818.93
Hernia Repair,36,2,3,twin,3,12312.59,29515.92,7512.94,12961.31,5252.0,72116.5
Normal Delivery,57,3,2,single,3,14333.58,21318.93,9343.07,9513.42,4788.3,65292.56
Caesarean Section,31,1,3,twin,4,27891.43,60418.78,19154.57,14988.99,12572.52,139716.47
Kidney Stone Lithotripsy,33,1,2,general,2,14934.36,54344.35,9624.78,11937.91,7146.3,98670.25
Hernia Repair,27,1,1,suite,2,25853.3,74941.81,10845.07,18478.28,10820.45,135777.08
Total Knee Replacement,43,1,2,general,6,58680.39,190658.11,50519.1,99053.42,35560.38,452379.19
Hysterectomy,63,3,2,twin,5,25681.95,46337.42,18849.86,21041.95,9730.28,126146.56
Dengue Inpatient Care,49,1,1,twin,6,50670.51,0.0,39623.26,14832.03,17749.43,108751.75
Hysterectomy,37,1,2,twin,4,36964.86,84236.38,25074.0,21099.21,16428.95,184281.1
Kidney Stone Lithotripsy,81,1,1,single,5,55147.15,69139.42,32032.09,19091.08,10707.08,141633.99
Hysterectomy,31,3,2,twin,5,24455.59,50174.71,17408.0,21074.69,9966.31,116411.94
Appendectomy,50,2,3,single,2,10330.61,39574.45,5480.69,13478.01,5820.4,73129.94
Typhoid Inpatient Care,59,1,2,general,4,20963.72,0.0,17835.54,16721.24,11238.42,69954.45
Hysterectomy,41,2,3,twin,5,24941.42,49802.92,15484.37,15945.04,8415.49,137107.04
Hernia Repair,74,2,1,twin,3,17434.42,45031.75,13886.45,19812.58,7192.98,118712.61
Appendectomy,76,1,1,general,5,39654.8,61117.84,31596.04,22131.25,13305.23,169009.49
Appendectomy,77,1,2,twin,5,44226.53,67731.7,28135.49,20060.73,12101.59,154530.27
Tonsillectomy,36,3,2,general,2,6483.4,21826.59,4998.48,7801.87,3597.58,37351.72
Caesarean Section,80,1,2,general,6,46385.65,63218.09,44627.27,24009.32,15264.86,225279.24
Dengue Inpatient Care,60,2,1,twin,6,36876.57,0.0,28548.3,15005.55,12878.75,88148.56
Coronary Artery Bypass Graft (CABG),55,1,2,twin,9,142855.27,318033.53,108749.03,97127.38,60367.79,748074.39
Tonsillectomy,38,1,3,twin,1,5212.22,35241.26,3344.83,6045.45,4440.43,54198.81
Total Hip Replacement,29,1,2,twin,8,98736.88,221140.6,73087.9,110730.59,47643.91,663689.25
Cataract Surgery,69,1,2,twin,3,18967.39,36567.65,12671.57,14619.69,5857.79,86393.3
Coronary Artery Bypass Graft (CABG),30,1,2,general,9,122098.22,288490.71,111258.83,93626.85,70308.56,626724.43
Tonsillectomy,74,2,2,general,3,12727.69,28542.98,12126.67,8263.75,4902.39,67127.17
Coronary Angioplasty,58,2,2,twin,3,27202.47,96400.98,20725.41,77754.22,17464.43,214586.29
Total Knee Replacement,63,1,1,twin,6,85116.7,242984.33,57920.58,138691.43,46410.4,565256.16
Typhoid Inpatient Care,61,3,2,single,3,12898.21,0.0,7946.91,16074.7,5688.72,44434.35
Typhoid Inpatient Care,74,1,2,suite,8,75237.91,0.0,46273.77,18425.51,14667.51,164145.71
Caesarean Section,30,1,1,twin,5,57633.64,94053.1,38275.9,24912.65,20753.32,239546.7
Typhoid Inpatient Care,21,1,1,single,5,47230.6,0.0,27406.84,21224.98,15589.48,110728.16
Typhoid Inpatient Care,65,2,3,general,4,11778.53,0.0,10082.56,11383.44,5405.37,33109.38
Appendectomy,57,1,1,twin,3,27823.67,70854.04,17520.35,20162.08,11580.44,148559.47
Total Hip Replacement,49,2,1,single,4,46529.6,213842.43,27889.76,133603.28,31171.62,449127.69
Typhoid Inpatient Care,55,2,2,general,5,17716.48,0.0,15134.47,13598.15,6982.45,50865.17
Total Hip Replacement,38,1,1,twin,5,65970.55,240954.25,49592.67,138994.24,39668.72,588844.75
Caesarean Section,58,1,2,twin,5,42397.89,77229.96,31341.81,18516.58,14340.63,180237.54
Typhoid Inpatient Care,78,3,2,single,9,36739.24,0.0,26321.97,15760.75,9023.25,90308.77
Tonsillectomy,56,1,3,twin,2,9953.04,31273.03,6524.27,5970.5,4267.88,55442.53
Kidney Stone Lithotripsy,62,1,2,twin,3,25306.2,63045.84,16237.99,12901.61,8548.32,114282.91
Caesarean Section,42,2,1,twin,4,31970.84,70980.87,22074.14,24202.19,15220.98,175175.94
Cholecystectomy,69,2,2,twin,5,33697.55,54568.45,24085.75,18280.85,9732.19,150563.21
Kidney Stone Lithotripsy,55,2,1,general,2,12081.66,43632.07,8301.94,15993.72,6933.31,90382.88
Coronary Artery Bypass Graft (CABG),64,3,3,general,8,52298.75,134531.71,44357.42,81541.9,28318.58,369465.05
Normal Delivery,63,2,1,single,2,16105.18,32800.46,10573.17,10642.59,6562.01,72845.03
Tonsillectomy,47,1,1,suite,1,12442.01,65568.01,5868.59,9713.81,6772.78,103906.66
Total Knee Replacement,45,1,1,twin,4,51797.7,224847.45,42062.38,130632.85,38158.52,431031.93
Caesarean Section,29,2,1,single,4,36139.8,70316.63,21027.96,22858.14,12888.13,164814.57
Total Hip Replacement,78,3,1,general,9,63380.52,146455.07,67479.86,168267.73,33977.48,488419.55
Total Knee Replacement,62,2,1,general,5,37972.52,136578.68,32653.07,132705.08,26051.77,335918.68
Total Knee Replacement,33,1,3,suite,5,65050.2,197983.71,30365.16,82096.72,26479.51,382150.56
Total Hip Replacement,37,2,1,single,5,60480.36,205138.84,35799.99,135410.8,28622.97,452742.98
Dengue Inpatient Care,80,3,2,twin,5,21445.24,0.0,18668.12,14949.0,9032.45,49996.02
Coronary Angioplasty,43,2,2,twin,5,42099.23,102563.45,33797.09,82723.23,18896.86,248282.61
Typhoid Inpatient Care,54,1,1,suite,6,63518.96,0.0,35941.06,19604.47,15308.59,143018.81
Total Knee Replacement,74,1,2,suite,7,108438.3,214455.6,64402.98,120393.38,33903.21,399427.55
Normal Delivery,40,2,3,twin,2,7941.92,17184.05,5762.71,6454.97,4164.12,42428.01
Hysterectomy,33,1,1,suite,4,61279.0,129516.63,29480.19,25720.57,17435.56,246420.82
Dengue Inpatient Care,30,1,3,single,5,33490.13,0.0,20368.17,10720.82,11924.88,74507.51
Hysterectomy,26,1,2,twin,3,27098.55,82680.43,19511.52,23214.67,14632.28,161402.9
Caesarean Section,41,1,3,general,3,16899.67,48262.11,13289.69,15960.2,11180.23,101487.77
Appendectomy,21,2,1,single,3,24708.4,60023.07,11089.64,19480.58,9170.37,116313.34
Dengue Inpatient Care,53,2,2,single,5,28094.74,0.0,17737.76,13353.53,10383.99,61765.62
Kidney Stone Lithotripsy,45,1,2,single,2,19435.32,66264.68,9286.52,12957.53,7651.13,117194.81
Kidney Stone Lithotripsy,41,3,3,twin,2,6629.83,22016.69,4060.88,8629.03,2896.64,41041.9
Normal Delivery,49,1,1,general,3,23850.76,42042.75,22439.12,10051.07,10343.39,108981.99
Tonsillectomy,78,3,2,single,3,12987.06,25458.08,8182.73,8728.08,3550.51,51028.33
Coronary Artery Bypass Graft (CABG),26,2,2,suite,6,92122.54,233005.48,46721.61,92958.48,40131.15,564363.89
Kidney Stone Lithotripsy,58,2,2,single,2,12981.9,45550.72,6429.85,10916.64,5623.15,81228.76
Total Knee Replacement,25,2,3,twin,6,36392.94,98565.93,25294.36,83492.09,17246.37,236159.9
Coronary Artery Bypass Graft (CABG),47,2,2,single,9,113376.8,214749.72,71805.22,94899.22,45869.9,588426.45
Kidney Stone Lithotripsy,67,1,1,general,4,31649.95,60927.02,24172.58,16097.7,10892.48,159908.14
Hernia Repair,70,2,3,twin,4,17039.78,29015.13,12300.53,14160.58,5210.18,74520.58
Cholecystectomy,44,3,2,twin,4,20221.16,41233.05,12442.73,18428.81,8142.79,112921.75
Total Knee Replacement,65,2,2,twin,5,36045.38,124217.1,27076.75,98181.55,21598.35,319287.48
Total Knee Replacement,40,2,2,single,5,44598.96,135729.72,28570.44,106411.51,20271.7,332686.32
Normal Delivery,24,1,1,twin,2,16310.18,39768.23,12406.04,11009.77,7851.05,92605.25
Cholecystectomy,35,2,3,general,3,13013.28,37136.2,8800.88,12853.74,6518.66,77104.58
Appendectomy,67,2,3,single,3,14197.66,35634.79,8322.66,13747.67,5355.11,73004.35
Cataract Surgery,61,1,2,single,1,7348.16,40657.78,3925.05,13215.94,4895.19,69912.69
Cataract Surgery,69,2,1,single,3,19966.63,36827.37,12079.97,18203.39,5782.35,91120.43
Typhoid Inpatient Care,69,1,3,twin,6,28792.08,0.0,21975.54,14432.16,9622.05,58825.01
Appendectomy,25,1,3,twin,2,12723.63,49880.49,7459.26,13078.09,7122.58,86642.2
Coronary Artery Bypass Graft (CABG),22,1,1,twin,9,195896.74,407981.32,132465.16,114596.16,79304.51,864227.52
Caesarean Section,49,1,2,single,3,32238.14,80992.76,19284.44,18418.43,15158.8,180161.61
Hysterectomy,36,3,3,single,4,17072.41,43139.42,10245.67,16368.33,7154.91,83692.59
Normal Delivery,29,1,1,suite,2,25197.22,49629.31,13751.97,10466.21,9412.0,109106.52
Typhoid Inpatient Care,72,2,3,twin,6,21405.72,0.0,18804.52,14703.85,6269.04,62365.28
Cholecystectomy,41,2,3,suite,2,13357.22,48618.6,5819.98,13661.06,5554.36,88164.06
Total Hip Replacement,59,2,1,general,6,50188.94,148859.12,42759.37,138518.52,30822.08,351203.84
Caesarean Section,76,1,1,twin,5,50193.66,79991.16,41970.59,26349.16,19233.58,244652.79
Tonsillectomy,42,3,2,single,2,9217.39,23776.62,4983.54,6940.07,3133.9,53159.15
Coronary Artery Bypass Graft (CABG),53,2,1,general,6,68781.62,234311.91,57723.71,110193.82,45750.42,519408.2
Total Hip Replacement,38,2,2,general,3,21278.75,147227.43,17692.92,128349.11,19621.28,326622.03
Kidney Stone Lithotripsy,62,1,1,single,3,32991.35,71896.63,16587.82,13252.39,9060.28,152427.71
Hernia Repair,70,2,1,twin,4,23770.32,42831.58,17015.08,18374.61,7641.29,104802.0
Coronary Angioplasty,39,1,1,general,3,42196.53,164527.83,33469.99,110585.96,32321.9,408484.34
Hernia Repair,41,2,3,general,2,6571.78,25100.31,4752.44,10370.98,4024.94,48896.81
Total Knee Replacement,48,3,2,single,5,32237.83,109994.86,20641.23,106422.4,18466.01,315179.41
Appendectomy,40,2,2,suite,3,23394.22,51285.81,9463.65,16323.21,6409.08,113138.59
Typhoid Inpatient Care,34,2,1,single,4,25295.34,0.0,16097.24,16327.31,9452.46,62247.82
Tonsillectomy,31,1,2,suite,2,20196.14,50641.11,8792.66,7727.45,5926.98,103626.8
Appendectomy,52,1,2,twin,4,32338.97,67527.9,20375.52,15628.18,12121.06,146035.11
Kidney Stone Lithotripsy,31,1,3,single,1,7645.89,50402.92,4134.13,9920.95,6155.19,83886.88
Coronary Angioplasty,71,2,2,twin,5,42804.82,89386.52,32736.22,85321.47,19661.79,325612.93
Coronary Angioplasty,53,3,1,single,3,31460.71,99948.43,20419.6,106511.14,17251.43,258503.58
Total Knee Replacement,55,3,1,single,9,79650.7,140456.31,49323.18,134638.45,30746.24,416012.37
Total Knee Replacement,70,2,1,twin,7,64363.59,148552.59,55385.7,154152.67,32919.19,463444.38
Dengue Inpatient Care,76,1,3,twin,8,40700.26,0.0,37617.02,12128.83,13076.61,122882.31
Kidney Stone Lithotripsy,45,2,2,twin,2,11227.47,44306.59,6817.86,11789.92,5173.04,83429.37
Typhoid Inpatient Care,56,1,2,general,5,25136.26,0.0,23109.48,16030.62,11612.78,77073.03
Total Hip Replacement,36,1,1,twin,6,84403.7,262201.71,65870.84,142993.74,43332.5,662918.15
Coronary Artery Bypass Graft (CABG),39,3,2,twin,3,25752.4,162780.16,18022.98,85221.76,22534.11,315494.57
Total Knee Replacement,48,3,2,twin,7,40421.35,96749.94,28712.16,100960.44,21254.25,293923.9
Kidney Stone Lithotripsy,72,2,1,suite,3,28634.63,56664.75,13643.09,15006.5,6527.68,142982.53
Cataract Surgery,19,2,1,general,1,4381.79,28804.97,3356.56,16476.61,4605.06,60669.74
Cholecystectomy,34,1,1,twin,2,20730.92,86676.12,13234.51,23902.67,15289.38,154452.65
Coronary Artery Bypass Graft (CABG),49,2,3,twin,8,73774.87,180368.49,49259.44,79019.4,32745.81,382999.56
Cholecystectomy,29,1,2,twin,3,27010.45,75991.2,17468.48,18616.6,12498.59,149352.9
Hysterectomy,70,3,2,single,7,41263.55,55727.82,27608.52,26312.83,10643.4,162666.25
Caesarean Section,42,1,2,twin,5,41362.28,74807.47,31899.65,18030.85,15900.86,198662.72
Cholecystectomy,59,2,2,twin,4,24018.08,44277.84,14975.62,17456.18,9048.44,111205.26
Dengue Inpatient Care,53,1,2,general,5,30916.93,0.0,27632.38,12954.52,13431.53,88015.14
Normal Delivery,18,3,2,single,3,14229.23,20538.65,9228.19,8668.77,4483.42,53363.1
Cataract Surgery,63,1,3,single,1,5549.44,30881.72,3037.47,11282.98,3987.53,60803.2
Coronary Angioplasty,77,3,2,general,5,30423.84,69989.14,32891.81,86878.53,16068.66,217068.11
Cholecystectomy,81,2,2,general,6,34075.97,51160.99,29927.21,21187.0,11050.05,147692.02
Normal Delivery,53,3,1,single,3,16757.95,22219.33,9753.73,9668.21,5109.71,65939.23
Cholecystectomy,81,2,2,single,6,43933.73,55572.7,31352.44,20202.71,10331.8,194003.08
Dengue Inpatient Care,64,1,1,general,4,28616.86,0.0,28222.61,17550.7,14866.02,77954.28
Total Knee Replacement,67,2,1,twin,6,55866.58,162174.21,41992.0,142024.92,29818.29,414709.51
Cataract Surgery,54,2,3,single,1,4465.94,24440.37,2310.4,10081.23,3030.66,46196.04
Normal Delivery,18,1,1,single,3,29251.04,47579.95,20156.91,11639.4,10490.71,136258.03
Typhoid Inpatient Care,72,2,3,single,8,32216.82,0.0,20880.52,12159.24,6950.29,74434.67
Total Knee Replacement,69,1,3,single,6,58938.64,148618.55,41213.92,90657.85,27048.19,405688.7
Typhoid Inpatient Care,20,3,1,general,5,18731.96,0.0,16669.22,18629.12,7358.36,64148.44
Total Hip Replacement,50,3,3,general,4,17931.55,93511.06,14968.57,85597.74,14715.66,215268.52
Tonsillectomy,76,1,1,single,3,30364.94,59084.22,19532.22,10644.27,8380.11,111550.46
Kidney Stone Lithotripsy,60,1,3,single,2,13552.61,50419.23,7472.11,8853.37,6105.05,82360.2
Coronary Artery Bypass Graft (CABG),63,1,3,twin,4,47027.31,235198.25,38637.23,78911.04,37637.37,394750.42
Coronary Angioplasty,54,1,2,general,4,45828.75,146681.46,36692.2,77839.1,25480.78,363009.26
Total Hip Replacement,30,3,2,twin,7,49615.12,126754.04,34258.92,117690.3,23405.47,323783.54
Cholecystectomy,47,2,2,suite,3,22989.45,53707.44,10986.97,15504.35,8119.87,96849.59
Coronary Artery Bypass Graft (CABG),40,2,3,general,10,78379.63,158075.93,67243.21,76367.54,38485.92,470611.85
Cataract Surgery,61,2,2,general,1,3593.28,21247.79,2591.47,12324.7,3596.88,45902.86
Cataract Surgery,51,2,3,single,2,8220.72,23284.44,4120.2,11293.02,3159.79,46817.33
Total Knee Replacement,39,2,1,suite,5,64801.18,202840.75,32909.62,129142.72,27538.11,487633.39
Normal Delivery,50,1,1,general,2,14029.37,35751.9,13360.58,10239.99,7750.9,80146.87
Total Knee Replacement,28,1,3,suite,6,68477.13,159059.71,35510.16,76693.97,25498.16,391986.31
Cataract Surgery,19,2,1,single,1,6468.05,36584.34,3369.19,17602.54,4298.5,51240.79
Hysterectomy,23,3,2,general,5,22959.88,44947.11,17530.71,23815.4,9401.43,125084.7
Normal Delivery,37,1,1,twin,3,27931.36,44135.21,20382.28,10688.38,11086.36,112709.45
Normal Delivery,22,1,2,twin,3,20503.02,32484.85,15375.43,9454.54,7833.95,87614.83
Typhoid Inpatient Care,23,3,3,general,2,4500.03,0.0,3701.72,12366.67,4354.37,26309.52
Caesarean Section,39,1,3,general,5,29683.12,55200.34,22312.34,14373.49,11886.29,130616.57
Appendectomy,65,1,2,twin,2,14786.27,58831.04,10172.6,15331.26,8323.39,116006.27
Appendectomy,48,2,2,twin,2,11472.5,44235.21,6331.99,14668.59,6065.95,84516.83
Hysterectomy,20,1,1,general,5,47499.41,93935.39,38398.11,25710.45,20319.2,213876.92
Hysterectomy,31,3,2,twin,4,22542.05,55084.03,15873.94,21640.43,9324.02,136476.1
Coronary Artery Bypass Graft (CABG),60,2,2,twin,8,82989.84,199049.13,56729.19,90201.65,36567.82,449909.54
Cataract Surgery,43,2,1,twin,1,4882.79,30483.88,3084.17,16541.54,4443.07,54433.23
Typhoid Inpatient Care,49,2,2,general,8,30359.54,0.0,28789.25,15374.18,10520.97,80975.84
Tonsillectomy,44,3,2,general,2,6718.82,21208.94,5080.02,8310.38,3096.31,43830.8
Total Knee Replacement,43,1,2,twin,6,65397.52,174676.42,45226.11,101098.09,36394.31,426389.35
Hysterectomy,24,1,3,single,5,38134.05,65389.96,21944.58,18904.43,12316.83,142009.26
Normal Delivery,78,3,3,twin,4,11802.59,13962.98,11581.74,7690.11,3741.13,48280.91
Dengue Inpatient Care,27,2,2,twin,5,26533.09,0.0,19916.68,13703.32,9402.58,69255.77
Coronary Artery Bypass Graft (CABG),29,1,1,single,10,240119.51,444022.92,149696.15,117042.66,87019.03,1081635.17
Normal Delivery,39,1,3,twin,2,11201.96,26087.65,8165.34,6332.3,5810.86,60400.66
Hysterectomy,41,2,2,twin,4,24379.56,63543.27,17741.24,20686.07,11483.15,163104.08
Cataract Surgery,47,2,2,twin,2,8039.18,22814.77,5477.41,13684.36,3742.83,54915.05
Kidney Stone Lithotripsy,24,3,1,general,3,13278.38,33904.42,8409.28,14025.79,5165.68,67457.16
Normal Delivery,48,2,2,twin,3,14873.98,23491.1,11697.58,9163.25,6061.81,62131.27
Appendectomy,32,1,2,general,4,28146.04,60171.27,19363.42,16404.97,11253.62,135399.74
Hysterectomy,42,1,1,general,4,37225.3,92775.72,30433.71,28609.38,19542.46,216555.2
Total Hip Replacement,40,2,2,general,6,43857.5,138985.59,36584.34,109965.2,26868.74,385403.11
Total Knee Replacement,36,3,2,twin,6,36932.68,102728.31,27615.07,108616.56,17672.04,299923.45
Cataract Surgery,24,1,2,single,1,6457.34,38100.72,3506.13,13685.09,5002.7,68990.28
Appendectomy,59,1,2,suite,4,45317.28,74389.96,18828.43,14874.7,10031.03,197306.24
Appendectomy,28,1,1,single,3,32898.43,77894.79,15717.03,20461.55,11982.55,183129.35
Tonsillectomy,70,2,2,general,4,16954.34,26373.2,14798.73,7584.14,5248.31,77295.58
Appendectomy,40,1,2,general,1,6763.2,61385.98,4825.98,17657.98,7973.54,99243.34
Coronary Artery Bypass Graft (CABG),31,3,1,twin,6,69834.1,216671.24,50895.79,122403.52,39515.88,523190.85
Kidney Stone Lithotripsy,74,1,2,general,3,19838.39,48490.49,15500.76,14065.14,7276.58,113772.1
Coronary Angioplasty,67,1,3,general,7,54996.65,99261.57,48145.37,64132.87,21639.17,321383.76
Total Knee Replacement,53,1,1,single,4,57198.38,242641.47,33667.91,123352.24,34550.75,477398.15
Coronary Angioplasty,62,1,1,general,4,55956.59,161470.61,45361.86,114667.92,31360.56,347981.61
Caesarean Section,24,2,2,general,4,23123.23,45752.98,17736.83,20118.02,10972.26,121779.28
Cataract Surgery,35,1,3,twin,2,9748.7,29401.98,6180.03,11227.21,4138.93,64119.15
Hysterectomy,28,2,3,twin,5,22084.62,47556.59,14756.88,16019.97,8219.35,113255.52
Cholecystectomy,45,3,1,suite,3,24840.56,59151.97,10954.91,19383.3,8288.66,134786.29
Caesarean Section,73,2,3,twin,5,24397.6,41843.21,20258.24,16453.75,9408.58,127540.8
Normal Delivery,67,1,3,general,3,15484.05,22848.86,13489.61,7390.03,6093.72,64598.46
Tonsillectomy,32,1,1,twin,1,8565.84,56223.49,5854.68,10802.42,6686.05,82327.0
Hernia Repair,42,1,1,suite,3,39561.34,80521.82,17346.1,20606.4,11577.95,172878.13
Tonsillectomy,46,3,2,twin,2,8047.9,22915.69,4664.1,7124.12,3691.56,50498.32
Coronary Artery Bypass Graft (CABG),73,1,2,twin,10,160822.11,296408.95,143149.02,107645.36,70771.09,734194.61
Total Hip Replacement,24,3,1,general,6,43289.19,148865.26,36389.34,158072.95,28200.65,407168.85
Cholecystectomy,72,2,1,twin,5,38533.25,62969.89,28718.14,22331.3,13351.21,160897.32
Hernia Repair,76,3,2,twin,5,19753.74,28585.33,14752.07,15568.45,5289.14,69269.7
Dengue Inpatient Care,54,2,1,single,5,37035.52,0.0,23810.72,16838.86,12710.03,81425.78
Total Hip Replacement,69,2,1,general,8,65212.84,149442.03,61585.07,139242.65,31793.55,483414.29
Hernia Repair,57,2,2,twin,2,10700.81,38840.87,7222.65,15341.28,5743.17,74767.77
Cataract Surgery,29,2,3,twin,1,3507.54,18315.21,2008.71,10750.15,2478.85,34135.07
Typhoid Inpatient Care,40,1,2,single,6,45980.01,0.0,30390.31,16136.49,12649.4,110135.41
Total Knee Replacement,66,2,1,twin,7,59027.4,151186.09,44675.68,134116.72,30287.16,408213.52
Caesarean Section,44,3,1,twin,4,23853.82,49556.82,17810.8,22474.22,9652.38,123625.31
Dengue Inpatient Care,55,2,2,general,3,13188.13,0.0,11686.93,12446.92,8760.14,44329.23
Appendectomy,74,1,2,suite,4,46454.88,78727.22,23239.04,17588.04,10539.0,172017.39
Normal Delivery,67,3,1,general,4,16848.0,21232.23,17698.2,11629.86,6544.89,93594.58
Appendectomy,60,3,1,twin,2,10250.61,41321.98,5886.1,21946.83,6701.44,90268.65
Cataract Surgery,43,1,2,single,1,6825.89,39252.0,3766.47,13576.0,4909.38,69728.52
Caesarean Section,59,2,1,general,4,26528.01,55686.25,20677.64,22531.57,11924.41,142897.53
Coronary Angioplasty,46,1,2,single,3,44553.22,156611.77,26455.75,92582.14,22055.78,345345.86
Total Hip Replacement,35,3,2,general,4,23099.24,104126.62,19746.1,131621.89,19589.06,252468.46
Coronary Angioplasty,41,2,1,general,3,27313.25,115974.06,26162.29,98130.71,19817.08,309083.64
Total Hip Replacement,56,1,1,twin,6,79592.86,259867.07,58940.28,127920.68,47173.15,522429.7
Caesarean Section,35,2,2,suite,2,18492.67,67730.46,8643.68,20520.03,9586.53,130081.95
Coronary Artery Bypass Graft (CABG),36,2,2,general,6,65373.06,218491.65,49172.72,93390.39,37399.31,454361.84
Hernia Repair,21,3,2,twin,2,8223.05,31494.96,5066.4,14599.57,4162.73,58811.94
Total Knee Replacement,20,2,1,twin,7,59187.64,142619.84,47695.62,113404.55,28610.21,440948.82
Dengue Inpatient Care,49,1,2,twin,4,25406.68,0.0,20249.52,13678.21,12018.26,72094.29
Coronary Artery Bypass Graft (CABG),53,2,2,general,10,96753.46,192537.0,81172.49,87219.94,50351.96,456194.42
Cataract Surgery,30,1,3,single,1,5126.66,29727.28,2574.18,9433.51,3636.27,49158.86
Tonsillectomy,72,1,2,suite,3,26263.47,50915.08,13341.68,8145.13,6207.44,109630.99
Hysterectomy,39,2,2,single,4,29746.65,67424.65,16455.68,20241.6,11187.1,146227.89
Hernia Repair,45,3,2,general,2,7733.35,30230.43,5039.3,17091.41,4750.75,64734.81
Typhoid Inpatient Care,22,3,3,twin,4,11097.45,0.0,8699.31,11759.29,4983.93,32868.62
Appendectomy,68,1,1,twin,5,49829.58,85369.55,32395.14,24151.59,16097.94,200662.23
Normal Delivery,46,1,1,twin,4,36781.61,43157.79,26156.17,10811.86,9729.91,109626.29
Typhoid Inpatient Care,31,2,3,suite,4,19386.68,0.0,10154.81,11298.38,5489.19,47168.52
Cholecystectomy,54,3,3,twin,4,14810.54,30950.47,8722.06,13839.5,5906.29,73487.84
Coronary Angioplasty,29,3,2,single,5,41933.98,78699.31,25643.82,81706.11,14350.88,189266.09
Tonsillectomy,72,2,1,twin,3,17559.81,37399.12,13591.19,11520.66,5798.35,86627.93
Cataract Surgery,50,2,1,twin,1,5758.91,34201.24,3527.03,16930.95,4836.88,59727.89
Kidney Stone Lithotripsy,31,2,2,general,2,10208.59,41238.85,6793.37,10942.32,4844.34,73136.4
Total Knee Replacement,43,1,1,single,6,94264.81,256751.63,62717.09,134424.64,41849.42,533584.29
Hysterectomy,52,1,2,single,6,63419.19,87904.78,38216.19,22386.27,19047.99,238380.46
Cholecystectomy,58,2,1,single,3,25227.94,64047.19,13937.49,22412.67,10777.83,125071.46
Typhoid Inpatient Care,55,3,1,general,6,23104.21,0.0,19425.6,17914.96,8286.71,65939.73
Typhoid Inpatient Care,80,1,1,single,7,54503.84,0.0,44070.84,19588.11,14758.54,143572.42
Coronary Angioplasty,56,3,1,single,2,20012.46,99987.37,13641.32,91322.98,14207.05,257320.13
Typhoid Inpatient Care,48,3,2,twin,4,15152.99,0.0,10877.56,16696.96,6371.57,45881.75
Dengue Inpatient Care,30,2,1,twin,5,32046.95,0.0,26783.62,17671.87,12123.4,90510.05
Dengue Inpatient Care,43,3,2,general,7,25605.0,0.0,21345.19,12249.23,8378.96,74745.8
Coronary Angioplasty,19,1,2,single,4,55819.61,156754.92,38178.07,78674.48,24987.15,369209.05
Appendectomy,79,3,1,general,4,18907.57,38798.01,15092.47,22387.29,8072.08,116951.66
Caesarean Section,69,3,1,suite,6,51954.59,63200.76,30397.49,23447.53,11602.47,164405.22
Appendectomy,41,1,1,twin,3,27941.38,70541.66,15049.7,18480.58,11531.37,146852.11
Cataract Surgery,31,1,3,general,2,8794.37,26656.0,6096.0,9868.73,4084.46,52586.34
Hernia Repair,20,1,2,single,3,24033.65,56527.07,13570.32,14358.32,7689.65,114782.72
Dengue Inpatient Care,57,2,2,twin,4,19338.11,0.0,15030.87,14432.57,8680.66,63606.14
Dengue Inpatient Care,33,1,2,single,7,57376.89,0.0,40018.03,13984.13,16897.27,124270.51
Total Knee Replacement,24,2,2,single,6,56548.78,145364.74,31527.29,116258.46,23676.0,363916.11
Typhoid Inpatient Care,26,2,1,twin,5,26877.31,0.0,19095.8,18147.41,9864.42,77251.19
Caesarean Section,24,1,1,single,4,51019.2,95426.35,29671.44,25352.74,19575.67,241822.98
Hysterectomy,82,1,2,single,6,62592.23,91652.31,46500.27,27543.25,18310.24,267201.28
Appendectomy,60,2,1,general,3,19766.32,57985.84,13739.88,21700.74,8876.56,119153.02
Dengue Inpatient Care,49,1,2,twin,5,34007.68,0.0,26363.55,14316.21,13691.22,89502.98
Coronary Angioplasty,41,3,1,general,3,21336.36,89183.14,17561.67,104772.85,16681.5,273037.86
Cholecystectomy,28,3,2,single,4,23014.39,42133.16,12982.3,17152.03,6948.26,110388.32
Total Knee Replacement,81,2,3,twin,8,48308.19,109675.55,46704.3,95798.49,21554.63,281733.4
Cataract Surgery,40,1,2,general,1,5659.78,36340.53,3822.94,12918.9,5627.37,70856.35
Cataract Surgery,66,1,3,single,3,16139.87,28747.31,8597.74,10075.47,4710.74,67300.25
Dengue Inpatient Care,26,1,1,suite,5,59583.25,0.0,35128.8,16524.01,17960.41,125139.18
Hernia Repair,65,3,1,general,3,13086.17,32601.38,9404.28,20976.22,6695.64,90620.6
Caesarean Section,32,2,3,general,4,17680.77,35551.28,13660.68,16256.92,7639.89,90499.4
Total Knee Replacement,68,3,3,twin,8,37188.47,86822.11,28280.84,80401.03,16353.16,219008.38
Hysterectomy,70,3,2,twin,6,28375.45,42520.95,22728.71,23590.02,10090.74,122235.48
Coronary Artery Bypass Graft (CABG),19,2,3,single,9,92928.11,181270.5,61115.38,79416.58,39485.29,456920.18
Hysterectomy,42,2,2,general,4,21277.81,53688.73,16311.19,21758.96,12046.69,118889.07
Total Hip Replacement,76,2,1,suite,8,106449.59,212300.3,70012.28,168700.98,36471.81,588460.56
Tonsillectomy,22,1,3,twin,1,4888.01,31355.38,3292.08,5497.67,3804.12,52834.59
Total Knee Replacement,62,2,2,general,6,39108.57,128474.38,35866.08,112723.0,27083.15,320442.84
Normal Delivery,71,1,2,twin,4,26416.49,32380.93,22817.62,10721.15,8110.55,96575.74
Coronary Artery Bypass Graft (CABG),44,1,1,single,7,148376.85,353358.24,96332.53,117500.8,68777.74,879534.27
Coronary Artery Bypass Graft (CABG),62,1,2,twin,9,138447.54,272775.9,95216.35,88531.72,68006.5,656423.19
Kidney Stone Lithotripsy,75,2,2,twin,4,22578.0,39165.6,16092.76,13663.15,6367.05,101477.06
Caesarean Section,47,3,2,twin,3,13798.21,37401.59,9263.5,17994.0,7862.22,85253.71
Appendectomy,55,1,1,twin,3,30494.1,82580.95,17909.94,20900.13,13902.06,160258.96
Hernia Repair,33,2,2,suite,2,14542.27,46464.0,6314.29,14926.54,5520.96,91028.39
Cataract Surgery,78,1,2,twin,2,12688.26,38199.13,9545.74,15982.27,5391.82,72350.8
Appendectomy,58,2,2,single,4,26561.98,43973.84,12278.99,17472.41,7263.31,109426.49
Hysterectomy,72,1,1,suite,7,113722.61,120226.33,62972.39,29577.5,22308.9,328114.19
Total Hip Replacement,40,3,1,general,8,63464.72,144503.96,53689.28,160298.47,28307.29,402743.31
Coronary Angioplasty,74,2,1,twin,6,62437.97,122955.36,53618.51,119719.02,26703.25,421164.62
Total Hip Replacement,58,3,3,general,7,29911.22,82660.85,26729.38,89145.77,15850.3,192025.03
Hysterectomy,56,1,1,general,4,41973.34,106623.5,30200.53,30428.18,19935.6,237173.73
Cholecystectomy,61,2,3,general,2,8339.92,37817.48,6317.45,12653.85,5510.31,71848.96
Coronary Angioplasty,61,1,2,single,3,41066.1,147856.18,25519.5,82669.4,21286.74,323340.27
Cataract Surgery,57,1,3,single,2,10758.44,27859.82,5437.89,9294.48,4105.57,64325.07
Hernia Repair,38,2,3,twin,3,12051.34,28480.79,7775.33,12388.72,4598.07,64961.94
Total Knee Replacement,44,3,1,single,8,72959.58,147789.3,44458.4,142229.39,29175.06,401401.41
Cholecystectomy,19,3,2,general,4,18220.28,37852.09,11876.73,18049.61,7017.68,95440.22
Total Knee Replacement,28,2,2,general,3,18206.08,107857.85,15984.84,101023.42,17535.51,278575.82
Normal Delivery,39,1,1,general,3,21115.8,37104.98,20017.83,9827.83,9411.5,95570.53
Kidney Stone Lithotripsy,18,1,2,single,1,9319.26,67339.4,4728.63,11977.66,6920.35,111268.11
Cataract Surgery,79,2,3,suite,3,15483.82,26682.93,7883.15,12181.03,3546.37,63828.64
Cholecystectomy,81,3,1,single,4,29932.09,59155.62,19196.38,25620.02,9089.69,150013.62
Coronary Angioplasty,80,1,2,twin,6,78805.65,140854.13,67375.25,108853.75,28760.91,419748.12
Caesarean Section,36,2,2,general,6,32905.28,48952.81,25630.4,20860.15,11516.2,139990.25
Caesarean Section,43,2,2,twin,5,32095.41,53450.08,19845.62,19899.69,11635.51,126980.12
Coronary Angioplasty,52,2,1,general,5,44934.27,115766.31,37250.18,102046.7,22755.6,372007.7
Tonsillectomy,38,2,3,general,2,6631.53,19448.34,4705.55,5943.1,3084.49,42361.87
Kidney Stone Lithotripsy,78,2,1,single,5,43061.87,57569.98,26536.64,18882.33,7564.88,179609.09
Total Hip Replacement,71,1,1,single,8,121519.19,265408.45,92999.76,151505.48,47749.72,706069.15
Cholecystectomy,31,1,3,general,2,11841.31,53596.46,8625.21,15345.96,8344.64,87504.87
Kidney Stone Lithotripsy,53,1,2,single,3,27303.09,55978.64,12136.73,12000.22,7713.91,107409.36
Total Knee Replacement,72,1,1,general,6,64107.07,181279.75,60429.83,151327.51,38753.72,472726.15
Caesarean Section,58,1,1,general,4,38665.85,91800.44,30323.05,23667.68,18258.72,193803.33
Coronary Angioplasty,62,2,1,single,5,67737.31,138298.0,41132.54,98620.79,23320.8,337073.78
Cholecystectomy,26,2,1,twin,3,24750.28,63718.73,15061.09,22041.25,11065.74,125239.16
Tonsillectomy,63,2,1,single,2,14592.96,40689.74,7865.92,10427.67,5871.9,63877.56
Hysterectomy,18,3,2,suite,3,23539.39,63209.17,10651.12,24978.49,8450.9,116792.17
Hernia Repair,54,2,2,twin,1,5038.07,35755.99,3034.97,13483.16,5270.54,62563.43
Tonsillectomy,48,1,2,single,2,15222.72,42932.02,8855.21,7433.14,5825.59,78106.31
Kidney Stone Lithotripsy,23,1,2,single,2,18277.23,65706.82,9735.7,12251.87,6636.24,103909.6
Hernia Repair,42,1,3,twin,2,11281.28,44100.41,6592.07,11223.58,5861.34,71662.97
Dengue Inpatient Care,28,2,2,general,5,23822.67,0.0,21312.43,13972.8,10801.86,64536.37
Hernia Repair,24,2,2,twin,2,10236.1,35519.88,6156.94,15795.8,6216.15,76995.1
Hysterectomy,74,1,2,general,6,47126.08,78562.13,45422.7,24162.22,17249.64,244096.57
Normal Delivery,26,2,2,twin,3,14673.7,22808.25,12239.56,8558.74,5263.79,71050.57
Normal Delivery,80,2,2,suite,6,41368.39,26991.14,28945.04,10354.75,7165.49,150578.15
Caesarean Section,61,3,1,general,4,20538.45,44025.87,17093.06,24485.14,9465.3,116545.8
Typhoid Inpatient Care,22,3,2,single,5,21711.0,0.0,13288.03,16284.45,6995.4,56362.4
Coronary Artery Bypass Graft (CABG),47,1,1,general,10,168307.31,334094.51,144120.26,111609.36,81359.39,743919.2
Total Hip Replacement,36,1,2,single,6,84897.41,247813.81,52761.83,118080.82,39471.42,603966.58
Typhoid Inpatient Care,60,2,1,twin,3,15584.13,0.0,12074.86,20471.96,9256.62,57505.19
Coronary Angioplasty,37,3,1,suite,2,24801.92,129263.84,13889.96,94776.73,17691.13,278332.78
Hernia Repair,49,2,1,general,2,11502.22,44756.47,8068.88,21107.13,8081.8,103332.29
Total Hip Replacement,60,1,1,single,3,48787.38,279015.01,29625.65,128566.83,36273.44,480792.47
Cholecystectomy,20,2,2,twin,2,12239.61,52416.67,8031.11,16450.55,8003.75,101719.92
Caesarean Section,32,2,1,single,3,26833.19,66398.13,16339.07,23466.97,13100.74,132038.59
Appendectomy,51,2,1,single,2,15452.95,61359.1,7947.83,21499.29,8136.4,118811.48
Total Knee Replacement,24,3,2,general,6,34071.76,107879.85,29603.11,108829.74,19315.87,299372.9
Dengue Inpatient Care,29,2,2,general,4,17420.07,0.0,15167.4,12940.38,9427.82,53996.1
Coronary Artery Bypass Graft (CABG),82,2,1,general,11,139834.12,237927.2,135747.02,130432.34,60140.57,734893.37
Cholecystectomy,75,1,1,twin,5,50301.6,77024.49,35740.02,26166.77,15620.44,221100.09
Total Hip Replacement,40,2,1,twin,5,50843.23,182677.71,36348.82,148101.86,31517.47,469275.65
Hernia Repair,36,2,2,general,3,13678.86,34257.95,9096.78,13411.84,6556.05,71339.63
Caesarean Section,18,2,3,single,5,31021.39,50674.81,16864.22,14410.0,9343.69,120316.55
Hysterectomy,30,2,1,single,3,28016.27,85950.13,15597.62,27497.22,12635.33,197394.84
Tonsillectomy,21,1,2,general,3,16250.0,34972.56,11463.24,6847.39,5965.77,57405.56
Total Hip Replacement,48,3,1,general,5,33610.85,120118.07,27866.15,136552.93,24851.63,345356.13
Hernia Repair,76,3,2,single,4,17996.54,29332.65,12044.46,15650.01,5145.02,78069.47
Dengue Inpatient Care,50,1,1,single,1,10803.41,0.0,6482.02,16160.88,13851.77,50028.25
Total Knee Replacement,26,2,3,suite,5,39520.36,112687.59,22372.75,80846.19,17512.36,270551.8
Appendectomy,71,2,1,single,4,33088.73,56294.92,19179.1,24179.34,9466.63,92454.8
Coronary Artery Bypass Graft (CABG),58,1,1,twin,6,116548.28,378834.35,89399.3,116582.31,73767.0,753443.76
Hernia Repair,49,1,3,single,1,6629.1,47394.86,3730.17,11187.47,5431.95,70718.01
Normal Delivery,39,1,1,general,3,21977.52,35928.62,19135.3,11129.11,9118.77,111588.81
Appendectomy,21,2,1,twin,4,27596.68,50871.63,15615.44,21083.78,8887.68,138331.92
Appendectomy,43,3,2,suite,3,18255.55,41631.79,8095.24,16363.74,4968.16,79912.49
Appendectomy,69,1,1,suite,4,58498.43,93480.67,27003.17,22529.77,13293.97,209163.64
Typhoid Inpatient Care,51,1,1,general,4,28150.32,0.0,23995.37,18850.05,15505.3,84606.2
Cholecystectomy,34,3,2,single,3,18015.9,45737.63,10130.79,17648.86,6553.93,97458.83
Tonsillectomy,57,3,1,twin,2,9268.9,27742.85,6197.21,9533.88,4329.13,58032.87
Cataract Surgery,28,1,3,single,1,5687.88,28624.21,2958.54,10653.08,4140.76,54983.74
Appendectomy,44,1,2,twin,5,39437.77,61756.46,20866.4,16127.54,10582.09,124911.1
Cholecystectomy,35,1,1,general,3,27150.34,72664.29,18786.83,21416.43,15354.45,151720.23
Hysterectomy,72,2,2,suite,5,42411.59,70581.06,22415.69,22009.58,10971.58,168324.85
Cholecystectomy,50,2,3,twin,2,10573.1,41557.12,6227.27,15540.06,6912.37,87046.17
Total Hip Replacement,22,1,1,suite,6,125528.27,308129.2,62471.51,158892.08,42828.28,600291.71
Typhoid Inpatient Care,48,1,1,twin,3,23369.65,0.0,17618.19,21337.77,13810.73,64677.62
Normal Delivery,19,3,1,twin,2,10404.39,23676.37,7876.06,10623.46,4966.38,56607.84
Hernia Repair,22,3,1,twin,2,10536.23,36990.8,6883.33,17136.63,6241.39,65282.17
Coronary Artery Bypass Graft (CABG),65,2,1,suite,4,82930.74,296999.74,43035.38,110636.7,40358.39,522301.78
Total Knee Replacement,26,1,2,twin,7,77134.94,184748.46,52997.24,115691.76,37991.91,447612.76
Tonsillectomy,63,3,2,general,2,6838.3,21982.87,4944.2,7112.28,3210.7,44292.01
Coronary Artery Bypass Graft (CABG),46,2,2,twin,10,116570.1,232276.02,89994.53,99412.07,45458.15,576224.97
Kidney Stone Lithotripsy,52,1,3,twin,2,12739.11,44130.18,7542.68,8794.36,5440.81,82604.98
Kidney Stone Lithotripsy,76,1,2,general,3,22248.35,56344.51,16310.55,15594.85,8291.59,115624.18
Cataract Surgery,44,2,1,twin,1,5612.14,35049.02,3420.9,15699.22,4222.25,64684.25
Tonsillectomy,54,1,1,twin,2,17568.62,55163.08,11105.74,10021.7,7970.52,95975.74
Coronary Artery Bypass Graft (CABG),66,1,2,twin,8,129269.44,282002.65,89651.05,94554.3,63090.91,700555.16
Hysterectomy,47,1,1,general,5,46236.67,99619.61,37213.27,26801.63,21166.5,215678.19
Kidney Stone Lithotripsy,55,3,1,general,2,8997.99,35040.84,5869.45,14121.53,4983.06,76120.84
Hysterectomy,30,1,2,twin,6,47976.51,79639.83,34930.4,20992.29,17539.55,184162.1
Coronary Artery Bypass Graft (CABG),77,2,3,general,10,81787.05,158154.45,77653.11,82561.17,38400.65,445393.86
Total Hip Replacement,55,2,2,general,7,47470.62,130063.53,37695.53,107638.12,26103.7,380906.78
Coronary Angioplasty,27,1,1,twin,2,31450.92,190058.0,23480.18,108918.87,27691.54,433678.89
Cataract Surgery,71,1,3,twin,2,10766.61,28632.94,7464.05,11334.32,4352.03,58220.56
Appendectomy,52,1,2,general,3,21474.83,62860.38,15681.4,16654.31,10003.98,135570.74
Caesarean Section,77,3,1,general,5,25315.92,46189.71,24434.48,25910.6,10918.51,130324.36
Coronary Angioplasty,81,3,1,general,6,44023.69,92316.08,50417.25,116626.12,21721.79,381887.54
Typhoid Inpatient Care,20,1,3,general,7,28216.03,0.0,22563.72,12326.49,9077.2,66860.27
Cataract Surgery,26,1,3,general,1,3963.65,27268.81,2957.23,9710.24,4222.18,51995.45
Hernia Repair,67,3,1,single,5,30948.68,40580.76,16444.64,20197.72,7301.65,100098.84
Hysterectomy,56,2,1,twin,4,31442.53,72006.14,21973.61,24797.47,13307.44,169154.22
Dengue Inpatient Care,42,3,1,general,4,17792.4,0.0,16112.01,17585.21,9145.71,73418.82
Coronary Angioplasty,56,2,2,twin,4,36138.84,98535.96,25297.62,86674.52,18439.67,282735.93
Tonsillectomy,47,3,1,twin,2,9551.66,29942.67,6565.93,8833.12,4336.0,57053.92
Typhoid Inpatient Care,37,2,2,twin,5,22829.02,0.0,15966.59,15603.01,8175.59,72446.14
Typhoid Inpatient Care,25,2,3,twin,5,17321.05,0.0,13404.33,12302.06,5724.03,49587.04
Total Hip Replacement,71,3,2,single,7,54236.71,135963.14,43255.73,142518.19,25914.98,431042.17
Appendectomy,36,2,3,suite,4,23385.4,39597.95,9450.55,12979.33,5545.49,85953.87
Caesarean Section,80,1,2,general,4,31835.11,78077.44,31586.31,24287.61,16645.94,171940.87
Cataract Surgery,69,2,1,single,3,19348.89,32700.21,11638.43,17834.38,5197.43,83037.17
Normal Delivery,37,1,3,general,2,9842.88,24060.79,8172.27,7260.36,6039.17,60077.5
Dengue Inpatient Care,72,3,1,twin,8,39455.18,0.0,38083.73,17092.29,12193.47,120986.46
Coronary Artery Bypass Graft (CABG),31,1,1,general,12,195459.5,339288.81,167528.84,110386.17,93554.3,865815.31
Caesarean Section,69,1,2,twin,6,51223.83,69223.74,41610.88,22383.01,18131.93,170926.6
Typhoid Inpatient Care,34,1,2,single,5,35199.9,0.0,24077.17,16070.87,11685.67,96881.04
Typhoid Inpatient Care,18,2,2,single,4,20535.89,0.0,12479.15,14239.88,7659.7,59308.05
Hernia Repair,63,2,1,general,3,17491.78,40180.94,12370.78,19364.33,8410.76,105420.72
Cataract Surgery,47,2,1,twin,2,10625.01,29353.6,6551.37,14294.98,4381.31,70213.1
Typhoid Inpatient Care,20,2,2,twin,6,29359.96,0.0,19436.4,17380.88,9786.88,66646.66
Tonsillectomy,36,2,2,general,1,4278.75,26175.06,3182.48,8335.14,4329.28,51012.81
Tonsillectomy,66,1,1,suite,3,35006.57,58068.72,16185.41,10717.89,7372.19,109293.17
Caesarean Section,65,1,1,general,5,48725.66,80184.25,42000.08,25813.08,19946.02,207404.4
Kidney Stone Lithotripsy,22,1,1,general,3,27015.11,65243.56,16801.44,16507.23,10930.44,150242.1
Kidney Stone Lithotripsy,55,2,2,single,3,19637.51,45576.04,9655.43,13033.02,5935.73,109457.82
Appendectomy,25,2,1,single,2,16124.02,61696.22,8354.74,20755.31,8514.15,124721.42
Hernia Repair,69,1,1,general,3,24530.91,64765.49,17966.76,21394.63,10340.92,135891.36
Tonsillectomy,47,2,1,twin,3,18201.38,36881.44,11388.03,8666.04,5391.68,73724.05
Kidney Stone Lithotripsy,29,1,2,twin,2,15851.72,61411.44,9785.74,13268.5,8156.08,114908.46
Kidney Stone Lithotripsy,31,2,3,general,3,11870.36,30092.06,8253.21,9534.45,5021.7,64116.67
Tonsillectomy,51,3,3,single,2,6882.9,20679.62,3599.44,5874.88,2719.12,41873.1
Total Knee Replacement,66,1,2,single,6,66854.93,178001.64,44068.29,103590.41,31966.69,403398.65
Dengue Inpatient Care,80,3,3,single,9,33612.53,0.0,26893.85,12275.16,8290.86,109314.54
Caesarean Section,22,2,3,twin,5,25270.46,40803.7,16766.2,15329.51,8350.66,100097.77
Total Hip Replacement,41,2,1,twin,5,49670.82,177880.22,36769.57,134334.49,27912.92,464369.71
Hysterectomy,81,2,3,general,6,24499.32,43542.61,23838.45,19395.99,9640.46,138086.31
Kidney Stone Lithotripsy,42,1,2,twin,2,14391.83,53831.43,9293.51,11672.66,6910.58,87237.97
Typhoid Inpatient Care,79,2,1,twin,5,27589.51,0.0,25156.86,21425.1,10858.05,83954.0
Coronary Angioplasty,52,1,2,general,2,21620.2,125661.69,17047.33,88713.01,20281.97,254953.27
Tonsillectomy,23,1,2,single,3,23878.48,46606.8,13334.22,7553.01,6448.33,89586.52
Dengue Inpatient Care,56,3,2,general,6,21331.96,0.0,16743.59,14264.19,8697.58,52378.59
Hernia Repair,64,1,2,single,2,17182.74,62174.27,9592.81,15285.3,8487.31,123048.7
Cataract Surgery,33,1,2,general,1,5494.07,32666.83,3680.36,12807.83,4772.78,61604.1
Cataract Surgery,33,2,2,twin,2,8684.73,23197.45,5643.58,13227.23,4141.91,57849.63
Coronary Artery Bypass Graft (CABG),44,1,1,suite,9,239481.31,440989.79,124001.34,113908.45,79668.85,943529.16
Typhoid Inpatient Care,28,2,3,single,4,14544.97,0.0,9106.36,11305.44,6076.63,47244.44
Cataract Surgery,70,2,1,general,2,9024.91,30020.36,7684.09,15844.62,5085.9,72269.95
Total Hip Replacement,52,2,3,single,7,47274.03,118469.42,33214.51,93127.87,21158.11,317043.18
Caesarean Section,25,1,3,suite,4,40752.4,68761.27,21002.17,14184.29,11322.6,147087.45
Normal Delivery,18,2,2,twin,2,10783.42,24959.36,8611.76,9311.01,5658.5,63870.77
Kidney Stone Lithotripsy,70,3,3,general,3,8609.49,22418.7,7139.49,10930.32,3715.95,56879.44
Typhoid Inpatient Care,57,1,2,twin,4,26576.1,0.0,20288.61,16695.6,10328.31,73365.78
Hysterectomy,28,2,3,general,4,18393.98,47768.27,15312.57,18154.36,10149.29,119898.61
Dengue Inpatient Care,30,1,1,suite,6,72103.36,0.0,38382.85,14524.86,17228.73,141372.96
Hernia Repair,20,3,2,general,3,11656.43,31537.43,8182.88,16968.4,5886.46,68168.79
Hysterectomy,29,1,2,general,4,31207.6,84909.82,23799.56,21469.78,15980.15,170135.39
Coronary Artery Bypass Graft (CABG),54,2,2,twin,9,95974.84,206134.31,69598.62,83779.87,45382.11,473513.04
Kidney Stone Lithotripsy,44,2,2,single,2,12541.67,42460.5,6581.96,12649.6,4695.29,78206.82
Typhoid Inpatient Care,48,2,2,single,5,27877.49,0.0,17771.82,16458.56,9484.3,66808.75
Coronary Artery Bypass Graft (CABG),36,2,1,twin,7,100637.53,242153.59,67283.77,103871.48,52292.94,419169.37
Coronary Angioplasty,40,3,1,single,2,20479.72,101427.32,13090.15,107697.79,14211.7,269339.66
Hysterectomy,82,2,1,general,7,47721.56,70535.84,45357.05,37541.27,16754.26,170345.32
Coronary Artery Bypass Graft (CABG),64,1,2,general,11,142646.33,248265.81,124756.31,99135.09,62495.3,637604.44
Dengue Inpatient Care,42,1,3,suite,3,25971.32,0.0,13174.85,10326.11,8914.41,57111.35
Typhoid Inpatient Care,65,2,3,general,5,14738.46,0.0,14064.28,12194.82,6344.63,47417.94
Total Knee Replacement,54,2,2,twin,4,28829.18,120401.07,19764.4,103466.03,18320.14,266917.77
Total Knee Replacement,22,1,1,suite,4,70529.3,263838.34,34966.8,118552.56,38684.64,486475.71
Tonsillectomy,36,2,3,single,2,8905.71,26063.19,4542.37,6105.38,3033.87,56060.89
Typhoid Inpatient Care,47,1,1,twin,7,57146.71,0.0,39740.65,19390.67,16637.68,149317.12
Appendectomy,49,2,3,single,3,15990.02,41086.63,7837.7,12143.25,5817.31,86368.37
Total Knee Replacement,70,1,1,general,10,123954.23,234932.15,118166.1,146925.39,54628.02,590936.19
Cholecystectomy,34,1,2,general,3,20318.63,59777.23,15411.28,16280.23,10528.06,116479.23
Hernia Repair,74,2,1,twin,4,27280.39,47858.3,20782.21,23157.97,8330.85,111581.28
Appendectomy,61,1,1,twin,3,30491.6,79073.31,17472.24,20278.03,12389.43,159438.29
Hernia Repair,40,3,1,general,2,8745.14,32544.88,6628.33,18610.09,5667.22,76674.59
Cataract Surgery,36,2,3,twin,1,3278.79,18147.33,1988.53,10724.29,2713.78,35638.3
Coronary Angioplasty,77,1,2,single,4,54643.86,143015.02,40964.77,95948.8,23081.94,405106.15
Hernia Repair,21,1,1,twin,3,25778.52,65116.61,16832.44,17696.6,9367.64,151466.03
Cholecystectomy,33,1,2,single,2,19011.39,70173.42,9672.51,15802.62,10873.86,111380.37
Cataract Surgery,72,1,3,twin,3,14637.89,26878.96,10915.66,11057.11,4577.48,75059.56
Coronary Artery Bypass Graft (CABG),29,1,2,general,10,137369.19,290722.58,113889.07,94621.41,61612.34,731530.16
Coronary Artery Bypass Graft (CABG),22,2,1,general,10,118701.09,245611.37,104144.58,108547.43,60049.06,693868.4
Total Hip Replacement,62,1,2,twin,7,83314.26,196437.27,63001.45,110666.95,37640.19,428879.33
Hysterectomy,28,3,1,twin,3,17286.75,60837.62,11145.49,25494.37,8982.27,108531.41
Coronary Artery Bypass Graft (CABG),54,2,3,suite,12,143533.33,198014.7,74510.55,69563.7,38020.58,474172.03
Coronary Angioplasty,42,2,3,twin,4,26250.23,73516.24,17470.59,65002.41,12564.29,169329.42
Cholecystectomy,60,2,1,twin,2,16426.01,60213.77,9405.78,19884.05,10838.39,123707.06
Appendectomy,49,1,2,suite,4,46834.34,74135.65,17712.67,16935.13,11736.33,162518.84
Cataract Surgery,51,1,3,general,1,4371.62,25692.69,3030.44,11056.65,4309.03,56726.43
Typhoid Inpatient Care,35,2,1,general,6,28408.14,0.0,23968.82,17405.06,11743.3,73639.48
Appendectomy,68,3,2,single,4,21346.85,40749.47,11511.24,17120.58,6230.51,96003.23
Coronary Artery Bypass Graft (CABG),52,3,1,general,9,92462.75,204559.13,77452.54,128588.8,49383.34,551079.61
Total Hip Replacement,48,1,2,single,4,55086.47,235358.79,35163.97,120051.77,36376.49,554186.17
Dengue Inpatient Care,63,3,2,suite,7,37048.43,0.0,19735.81,13652.23,9032.16,70193.64
Typhoid Inpatient Care,55,1,2,single,4,25913.59,0.0,17713.7,15725.88,10307.28,68365.34
Typhoid Inpatient Care,71,1,1,twin,7,56432.19,0.0,48887.84,23118.77,16282.7,132571.82
Total Hip Replacement,74,3,2,twin,5,31366.98,117668.26,26280.45,129582.73,20190.62,325553.58
Hernia Repair,38,2,3,single,3,15683.68,32821.9,8048.92,11238.02,4668.58,71398.25
Cataract Surgery,29,2,1,twin,2,11015.98,30555.75,6936.81,16064.56,5216.4,77080.93
Typhoid Inpatient Care,42,2,1,general,4,19955.54,0.0,17734.01,20780.63,10359.29,72167.67
Typhoid Inpatient Care,76,1,2,suite,7,63023.0,0.0,40473.36,16747.99,12805.7,142629.58
Appendectomy,34,3,2,general,2,8075.2,33463.95,5008.28,17548.67,5248.31,70688.36
Hysterectomy,64,3,2,general,3,12852.04,45367.38,11542.18,24621.69,9287.82,101611.21
Total Hip Replacement,33,1,1,twin,6,83346.75,245517.48,62599.19,131141.56,41270.41,549775.53
Total Knee Replacement,63,1,2,general,8,70854.44,158827.02,61750.5,96823.59,38689.85,448082.22
Caesarean Section,45,2,2,general,2,11581.55,55134.31,8846.99,18929.62,9750.67,96522.39
Coronary Artery Bypass Graft (CABG),46,3,1,single,7,87694.15,199952.68,55927.82,115637.1,36108.38,450004.38
Normal Delivery,75,2,1,twin,4,25174.58,28681.16,24560.1,11787.97,7166.21,114580.66
Total Hip Replacement,18,1,2,twin,7,78911.17,186127.73,60267.59,126477.53,35368.78,556828.66
Cataract Surgery,61,2,3,general,1,2798.04,18111.36,1889.97,9242.6,2872.82,37870.2
Coronary Artery Bypass Graft (CABG),53,3,1,single,8,107881.52,237012.22,71225.58,127350.25,45683.53,649242.38
Coronary Artery Bypass Graft (CABG),76,1,2,single,9,178632.75,370528.31,134019.16,100750.8,64487.41,909575.86
Appendectomy,31,3,1,single,3,19613.76,44477.26,10344.26,20424.04,6959.05,96655.87
Typhoid Inpatient Care,69,2,2,general,8,30322.63,0.0,31104.4,15883.95,9458.8,90905.36
Appendectomy,80,3,2,suite,5,33650.55,43820.89,16872.79,19548.81,7017.99,133752.82
Normal Delivery,59,3,2,general,2,6779.32,16947.95,5761.06,9546.49,4415.31,40343.29
Kidney Stone Lithotripsy,68,1,3,twin,3,19425.87,42357.21,11190.57,10953.19,5762.06,75933.51
Total Knee Replacement,78,1,2,suite,6,95524.0,222698.84,58820.25,120863.42,35574.02,573010.73
Coronary Angioplasty,80,1,3,twin,5,47592.77,111375.67,42804.88,76808.71,21277.29,296589.33
Caesarean Section,59,2,3,general,4,16888.62,37946.27,14614.58,15491.94,7678.36,87324.12
Coronary Angioplasty,31,2,2,single,2,20305.91,115446.26,12970.99,92286.78,17106.88,242773.21
Normal Delivery,81,2,2,twin,4,18612.72,23825.3,17879.61,10847.72,5634.29,89142.15
Appendectomy,52,2,3,twin,2,8692.04,33876.26,5025.18,12530.17,4982.86,66525.3
Hernia Repair,37,1,1,twin,3,27100.87,61643.69,15065.11,18516.44,9835.47,129244.39
Caesarean Section,40,2,3,suite,3,21647.85,53920.57,10930.37,16477.83,8245.66,113922.17
Total Knee Replacement,26,1,1,twin,4,50521.17,223245.37,35039.15,142435.43,37849.15,550134.21
Appendectomy,43,1,2,suite,2,23100.91,78356.11,9056.56,17770.69,9597.52,144907.29
Appendectomy,76,1,2,twin,4,30881.1,63288.8,22334.38,17125.54,10125.7,178737.52
Coronary Angioplasty,55,1,1,single,2,33168.58,192898.88,21686.07,101033.06,27095.06,335699.39
Dengue Inpatient Care,49,3,2,single,5,21246.58,0.0,14228.95,12172.56,7968.34,51367.58
Coronary Artery Bypass Graft (CABG),42,1,1,suite,10,283658.17,498852.61,138234.88,108645.27,84838.32,1274162.55
Kidney Stone Lithotripsy,40,1,1,single,2,24792.13,78083.55,11723.34,15084.91,9270.78,140934.84
Kidney Stone Lithotripsy,78,2,2,twin,4,22929.66,38220.21,14783.66,15334.37,5639.71,87515.19
Coronary Artery Bypass Graft (CABG),78,2,1,twin,11,144699.08,250428.95,122247.95,117471.18,54345.96,639068.15
Total Knee Replacement,64,2,1,twin,4,36486.9,162183.23,26940.46,135624.01,24174.43,383824.22
Coronary Artery Bypass Graft (CABG),24,3,1,suite,9,143448.0,250723.37,66708.29,107216.23,48687.12,537798.83
Appendectomy,60,2,1,general,3,18918.6,48551.49,12946.19,18819.23,9569.77,107985.06
Typhoid Inpatient Care,68,3,2,general,6,19759.81,0.0,19583.19,17189.12,7747.24,57633.45
Caesarean Section,64,3,3,general,5,16168.15,30748.15,14993.31,15656.94,7423.76,89878.05
Hysterectomy,50,2,1,single,5,45317.25,75542.96,28170.48,25256.44,15581.11,191097.78
Tonsillectomy,55,3,2,general,1,3375.94,23140.01,2533.63,7568.66,2733.41,39287.59
Total Hip Replacement,21,2,3,general,4,21127.64,100364.28,20088.4,93592.36,19099.8,269827.82
Caesarean Section,82,1,1,twin,7,75701.8,90886.74,70044.93,28889.83,22561.66,362270.31
Caesarean Section,65,1,2,twin,3,29109.12,81451.77,19293.55,22351.57,13428.2,154901.09
Total Hip Replacement,72,2,3,suite,7,66414.36,150172.86,40536.86,90797.68,23464.96,413098.84
Coronary Artery Bypass Graft (CABG),46,3,1,twin,12,126644.65,194233.59,86761.44,111742.79,47445.31,546707.27
Cholecystectomy,29,3,2,suite,3,23118.26,55565.97,9125.83,19507.22,7224.96,122037.85
Normal Delivery,66,1,3,single,4,25305.38,28598.04,17383.02,7025.08,6935.09,91219.79
Caesarean Section,40,3,3,single,2,9244.81,36357.55,6199.03,16497.22,6019.44,74192.19
Typhoid Inpatient Care,63,1,2,general,5,27148.62,0.0,22618.92,15103.35,11664.02,75610.23
Hernia Repair,42,3,2,twin,2,8203.59,27005.91,4759.14,13531.78,4623.91,60976.29
Kidney Stone Lithotripsy,45,3,1,single,2,13046.47,44035.15,6957.25,15347.22,4789.57,81112.77
Hernia Repair,70,3,2,general,3,10810.91,30374.84,8691.16,18094.45,5502.41,79130.07
Total Hip Replacement,77,1,2,single,7,91276.0,220871.28,74339.85,143495.78,42673.57,615091.12
Tonsillectomy,44,2,3,twin,2,7193.06,21376.63,4217.14,5441.02,3200.8,43524.36
Dengue Inpatient Care,41,1,1,single,4,41555.64,0.0,26912.07,15243.75,17636.51,99054.78
Kidney Stone Lithotripsy,39,3,3,twin,2,6818.51,26222.91,4113.61,9888.05,3604.26,49731.05
Dengue Inpatient Care,29,2,1,general,6,33374.21,0.0,27024.76,14359.47,12243.91,76971.55
Cholecystectomy,57,1,2,general,3,22680.48,68391.86,15767.08,19882.35,11084.61,150334.12
Typhoid Inpatient Care,42,1,2,twin,5,31962.57,0.0,23486.38,17555.47,12699.08,86346.18
Cholecystectomy,81,2,3,general,5,21026.2,34989.84,19363.66,16538.65,8430.18,98013.27
Tonsillectomy,33,2,3,single,1,4630.73,23396.47,2341.39,5862.63,2916.33,36123.01
Cholecystectomy,81,1,2,general,5,41136.52,64416.32,38341.86,22556.95,14997.31,207753.3
Normal Delivery,27,2,3,single,3,13334.77,19656.75,8585.4,6732.01,4566.53,47332.14
Hernia Repair,57,3,2,twin,3,12081.06,29304.58,8008.95,13993.8,4713.26,71941.21
Appendectomy,44,1,1,single,3,35771.22,86359.78,17171.88,19736.08,11309.25,184377.85
Hernia Repair,78,1,1,suite,3,37800.56,79133.09,21389.51,21239.95,11652.76,184199.29
Typhoid Inpatient Care,50,2,2,twin,6,27425.88,0.0,20966.13,14943.28,9182.88,85753.49
Typhoid Inpatient Care,39,2,1,general,3,14180.48,0.0,12672.99,19663.02,8153.56,52375.92
Cataract Surgery,50,1,3,general,1,3748.33,23650.76,2858.78,9240.34,3381.03,42409.73
Typhoid Inpatient Care,59,2,2,twin,3,12933.49,0.0,9914.11,16289.0,7062.95,48032.01
Appendectomy,60,3,1,single,2,13349.76,51444.11,6342.99,20223.06,6596.59,99046.63
Normal Delivery,66,1,3,twin,4,24574.31,29071.05,18792.92,7690.02,7564.17,86625.75
Kidney Stone Lithotripsy,51,3,2,general,2,7993.83,29448.84,5119.16,12684.37,3950.16,51963.58
Coronary Artery Bypass Graft (CABG),19,1,1,twin,6,120249.3,355141.3,78522.99,104772.56,60816.94,706221.59
Hernia Repair,31,2,1,suite,1,10070.97,65587.2,4022.2,19395.73,7570.92,101249.97
Normal Delivery,69,2,2,twin,3,16291.34,22998.41,12368.03,9284.31,6347.29,68317.52
Normal Delivery,36,2,3,twin,2,7997.79,19749.35,6337.28,6125.29,3889.4,46324.96
Typhoid Inpatient Care,63,1,1,twin,5,38792.58,0.0,31473.56,19425.01,14658.52,103520.11
Normal Delivery,75,1,1,twin,3,24581.91,40828.39,23788.62,11406.69,9154.96,115761.77
Cataract Surgery,67,3,2,general,3,8845.85,17781.67,7423.46,15123.13,3077.65,62970.85
Kidney Stone Lithotripsy,74,1,2,general,4,29265.38,53397.58,21259.39,14429.13,8769.46,139627.03
Caesarean Section,61,1,1,single,4,45356.53,98429.06,28084.36,21194.47,17833.95,198338.71
Total Hip Replacement,36,2,2,twin,5,46016.95,151536.79,31544.79,129922.41,24816.08,392791.88
Dengue Inpatient Care,77,3,1,twin,9,47359.56,0.0,44366.7,17682.75,11909.16,145112.72
Dengue Inpatient Care,26,1,3,suite,5,34663.43,0.0,18436.18,10654.94,10722.44,78120.34
Typhoid Inpatient Care,19,3,2,twin,3,10017.03,0.0,7292.55,14391.36,5684.14,35861.47
Cataract Surgery,34,1,3,general,2,8297.96,26010.3,5593.33,9540.43,4655.73,49825.22
Coronary Artery Bypass Graft (CABG),73,1,2,twin,11,163329.22,295701.57,152298.18,105637.56,64634.1,705476.47
Cataract Surgery,61,1,3,twin,1,5000.41,28623.82,3314.73,9841.99,3672.49,49785.2
Normal Delivery,48,1,1,general,1,7434.91,39047.42,6269.71,11882.7,8916.37,73692.15
Kidney Stone Lithotripsy,66,1,2,general,5,32148.69,54043.15,25466.89,13309.1,9678.02,148560.48
Coronary Angioplasty,36,2,1,twin,3,31617.09,124710.89,22852.24,100476.88,21857.86,308700.55
Caesarean Section,35,3,1,twin,4,26559.9,60167.36,17764.08,26278.45,11052.14,139299.34
Total Hip Replacement,54,1,2,general,8,79713.83,184180.26,63672.25,120481.91,43359.37,489153.92
Tonsillectomy,81,3,2,twin,3,11789.62,24602.92,10031.45,8993.15,3804.66,65292.5
Appendectomy,53,3,2,twin,4,16355.47,32049.16,10611.13,16179.54,5805.61,85087.35
Hernia Repair,65,2,2,single,3,18882.66,40095.39,10421.94,17644.0,6341.38,103786.75
Coronary Artery Bypass Graft (CABG),80,1,2,general,8,108226.8,275213.11,105612.46,100121.55,65477.77,776004.94
Coronary Angioplasty,30,1,1,twin,5,73152.84,163569.4,56469.62,107736.13,32842.81,411799.6
Tonsillectomy,63,2,1,single,2,13415.25,36518.26,7689.96,10459.5,5650.08,65872.66
Total Knee Replacement,52,3,2,general,6,30295.69,92188.58,25126.57,95187.0,21007.55,247414.64
Normal Delivery,73,2,2,single,3,17585.38,26373.25,12173.9,9411.9,5915.75,77163.32
Typhoid Inpatient Care,24,3,1,suite,5,28430.1,0.0,13938.96,17131.42,7531.33,66344.91
Cholecystectomy,78,3,2,suite,5,32774.71,48772.97,16878.55,21086.96,8294.23,115264.56
Dengue Inpatient Care,30,2,2,twin,3,15160.48,0.0,10570.81,14236.53,8584.37,45900.44
Kidney Stone Lithotripsy,64,1,2,single,2,17987.24,59025.31,8924.44,12056.95,6400.39,113908.88
Cholecystectomy,59,2,1,twin,3,22222.74,55360.15,14444.1,18755.86,10959.37,118209.32
Typhoid Inpatient Care,70,1,3,twin,5,24786.07,0.0,20134.12,13751.0,9325.74,67833.2
Caesarean Section,18,2,3,single,6,37686.04,47392.36,23222.34,16619.36,9319.74,128261.42
Coronary Artery Bypass Graft (CABG),56,3,2,twin,8,67687.27,174178.78,54957.7,87870.48,34062.47,388798.52
Normal Delivery,44,1,3,single,2,13274.79,26515.65,8814.63,7119.16,6065.8,67247.53
Dengue Inpatient Care,32,1,3,twin,7,37794.83,0.0,29500.67,10025.56,12373.4,86801.22
Tonsillectomy,46,1,1,general,1,6720.56,47311.68,5305.07,10099.78,6812.61,80398.7
Coronary Artery Bypass Graft (CABG),58,1,3,general,11,114265.57,222760.68,92864.48,75518.6,51571.37,574060.84
Kidney Stone Lithotripsy,67,2,2,twin,3,15759.85,36650.81,10217.74,13805.95,5711.04,88659.53
Normal Delivery,39,3,2,general,2,7539.72,18784.14,6875.82,9172.4,4096.79,45632.25
Total Knee Replacement,57,1,3,single,3,30364.14,150208.73,18333.58,81882.21,22870.19,282847.21
Dengue Inpatient Care,82,2,2,general,5,21853.41,0.0,21947.98,14925.27,9965.32,72825.72
Appendectomy,73,2,2,single,5,33672.55,53760.55,20055.16,19971.25,9163.08,117912.3
Tonsillectomy,50,1,2,suite,2,19448.44,48212.67,8922.94,8031.51,5965.34,101478.07
Cataract Surgery,33,2,3,twin,1,3425.62,18625.36,2161.63,10155.82,2808.35,41287.16
Dengue Inpatient Care,28,1,1,twin,6,56813.99,0.0,40280.15,17029.22,19096.49,133091.86
Appendectomy,75,1,2,general,4,27261.16,54957.2,22871.33,19661.08,9892.73,118897.91
Typhoid Inpatient Care,71,1,2,single,7,50185.72,0.0,36434.01,17563.58,12229.25,105494.83
Caesarean Section,21,2,2,suite,4,33632.54,63746.4,16072.38,19988.86,10500.55,171391.1
Cataract Surgery,47,1,2,general,1,5306.53,31955.27,3729.63,13417.35,5475.29,62428.2
Coronary Artery Bypass Graft (CABG),57,3,3,general,7,40491.79,117401.25,32660.37,66468.08,26113.5,266339.84
Caesarean Section,66,1,2,general,5,38450.0,69784.81,32218.93,19825.73,16934.93,174736.34
Typhoid Inpatient Care,43,1,2,twin,6,41661.83,0.0,31454.07,16266.72,12394.4,98477.3
Hysterectomy,37,2,1,single,5,43656.56,75576.3,26615.5,27935.26,16057.32,209251.88
Kidney Stone Lithotripsy,47,1,1,general,2,16500.73,63297.74,10194.72,14282.93,9375.47,103683.56
Coronary Artery Bypass Graft (CABG),46,1,1,general,10,178599.8,360247.89,134927.28,116972.42,87659.57,872109.79
Total Knee Replacement,48,1,1,twin,1,12879.2,217048.09,9933.94,133648.06,31546.05,396625.23
Typhoid Inpatient Care,79,2,3,general,8,24347.08,0.0,26725.3,15427.02,7605.73,68320.95
Typhoid Inpatient Care,68,1,2,twin,5,32007.88,0.0,27267.47,16092.22,12608.44,83556.88
Coronary Angioplasty,58,2,2,general,5,37122.45,89964.56,30243.84,75619.65,17520.88,235334.35
Appendectomy,76,1,1,general,4,32614.62,71258.47,25171.26,24244.48,12451.16,135409.72
Cataract Surgery,55,1,1,general,1,6094.77,37342.93,4467.59,15295.22,5423.23,60943.13
Coronary Artery Bypass Graft (CABG),19,1,1,twin,9,176910.89,349110.64,138129.92,111449.7,79999.41,842844.77
Coronary Angioplasty,50,1,3,single,4,45538.75,108496.03,29722.54,67969.09,21118.83,295850.7
Total Knee Replacement,74,1,1,single,6,83454.45,223562.73,65532.55,141342.6,40969.93,692048.29
Normal Delivery,57,1,2,single,3,24730.78,38159.97,16597.94,8786.34,7790.92,103047.8
Cataract Surgery,36,1,3,general,1,4283.03,27340.58,2876.84,9959.21,4331.71,44729.13
Cholecystectomy,34,2,2,general,4,20332.57,42628.56,14581.87,18504.84,9238.56,83279.19
Typhoid Inpatient Care,32,1,2,general,7,39384.92,0.0,31251.25,15245.86,13212.19,93677.68
Coronary Angioplasty,77,2,3,twin,6,41236.53,72283.89,36922.2,75709.2,14558.82,245608.58
Typhoid Inpatient Care,26,1,3,general,6,23670.72,0.0,19688.96,10467.92,9440.35,66281.41
Total Hip Replacement,77,2,2,single,9,81677.24,169281.24,67813.31,141658.29,28632.54,503900.5
Appendectomy,21,3,1,general,2,9666.7,43141.89,6447.37,22094.33,6747.11,83973.11
Cholecystectomy,73,3,1,twin,5,29771.63,49099.08,22173.85,23913.69,9063.59,151813.26
Tonsillectomy,35,2,2,twin,2,9291.96,28455.3,6214.89,7858.09,4295.0,63557.13
Coronary Angioplasty,24,2,2,single,3,33282.83,112170.88,22397.42,79613.98,17611.96,245907.15
Dengue Inpatient Care,36,1,1,twin,6,52384.22,0.0,38616.56,17712.04,16956.2,117091.04
Dengue Inpatient Care,63,2,2,single,5,28630.5,0.0,19833.23,12245.72,9284.32,67003.91
Typhoid Inpatient Care,74,3,2,general,7,20037.67,0.0,19675.27,15606.21,7948.47,67639.26
Tonsillectomy,71,3,1,twin,4,17983.19,30422.11,13330.77,9523.75,4642.82,58327.05
Normal Delivery,18,3,2,suite,3,16931.21,23214.74,8665.14,8258.24,4470.04,58528.02
Cataract Surgery,75,1,1,twin,3,23677.7,48439.74,17218.76,17814.72,7733.4,114167.29
Coronary Artery Bypass Graft (CABG),29,1,1,twin,8,146240.46,372960.62,105998.79,115734.0,67884.97,800526.51
Typhoid Inpatient Care,37,1,1,suite,5,51365.25,0.0,28689.77,17447.13,14929.28,116897.86
Cholecystectomy,57,2,3,suite,3,20759.68,43565.88,8614.0,14243.43,7264.0,99270.22
Hernia Repair,71,2,3,suite,4,23898.59,37652.06,12436.39,13823.14,5418.3,97282.21
Caesarean Section,19,2,1,general,4,28541.74,65591.57,22313.94,24600.9,12998.14,122145.65
Cholecystectomy,35,1,2,single,3,32514.97,85696.84,18090.73,17870.73,13928.46,161525.27
Appendectomy,38,1,1,twin,3,26580.95,68815.99,16408.31,17931.34,11818.41,139418.69
Total Hip Replacement,41,2,2,general,8,59446.18,149505.88,46609.68,113052.63,28053.95,370620.06
Cataract Surgery,77,1,2,twin,2,12152.94,34831.54,8484.72,14055.02,5671.54,63225.29
Caesarean Section,32,1,1,twin,4,44765.9,92526.04,27794.09,23266.86,16612.94,203934.97
Hysterectomy,66,1,1,single,6,71124.8,119488.32,49291.08,29847.45,22158.63,273086.61
Coronary Angioplasty,69,1,2,suite,5,88720.5,158895.89,47401.13,80453.69,24703.31,484624.79
Cholecystectomy,63,1,3,single,2,16012.24,62687.03,9356.12,13301.96,8759.12,103365.12
Cataract Surgery,32,2,1,suite,1,7745.63,39101.04,3444.67,14818.24,4190.88,66706.93
Hernia Repair,41,2,1,twin,3,18656.11,46991.87,12590.25,18594.59,7479.52,109979.89
Cataract Surgery,23,2,2,suite,1,6274.08,34795.49,2852.84,14429.11,3458.05,63035.08
Appendectomy,61,2,1,single,4,33282.32,62442.03,16256.61,22757.49,10292.5,169902.7
Normal Delivery,68,1,1,twin,3,27170.7,39675.99,22449.24,12326.92,9210.5,92557.48
Hernia Repair,73,3,3,single,4,15219.55,24345.6,8769.46,12885.14,4314.04,76040.22
Coronary Artery Bypass Graft (CABG),72,2,1,general,10,109619.36,229915.29,116084.89,123646.85,57833.79,662342.76
Coronary Artery Bypass Graft (CABG),56,2,2,single,8,110091.3,252902.0,61730.23,103722.99,41021.45,572504.95
Normal Delivery,50,3,2,general,2,6848.89,17570.97,6180.54,8366.75,4426.58,42965.93
Coronary Artery Bypass Graft (CABG),48,1,2,twin,7,126354.89,308756.55,82327.68,90030.78,63719.01,686563.21
Hernia Repair,67,3,2,twin,4,18535.79,31613.86,10968.27,14851.91,5714.25,75674.74
Total Knee Replacement,30,2,2,twin,3,21925.24,131655.77,16632.96,109927.43,20099.0,333529.07
Hernia Repair,18,3,1,twin,3,14545.31,36738.81,9899.72,16513.76,5741.67,88553.89
Typhoid Inpatient Care,50,2,2,single,6,32025.22,0.0,22780.19,15476.54,10035.57,92027.75
Hysterectomy,43,1,1,single,4,54523.75,129789.67,32766.41,28815.6,18813.13,249734.6
Dengue Inpatient Care,74,2,3,single,6,25758.54,0.0,20396.64,10094.43,7848.98,59922.35
Total Knee Replacement,65,2,1,suite,7,93058.67,210177.54,52052.56,146489.45,33047.45,528244.46
Coronary Angioplasty,34,2,1,single,4,53698.83,138400.24,33329.98,107887.5,21783.22,377475.28
Kidney Stone Lithotripsy,29,1,1,suite,1,13998.67,85390.47,6059.28,14734.86,7722.16,129291.59
Kidney Stone Lithotripsy,61,2,2,suite,2,17195.52,58244.73,7696.62,13886.4,5651.81,120573.35
Coronary Artery Bypass Graft (CABG),45,1,1,general,9,149425.07,323707.11,124528.23,114903.34,80792.27,797892.39
Cholecystectomy,78,2,2,twin,5,30948.24,50233.72,24478.74,19499.85,10792.09,128767.27
Total Hip Replacement,78,1,1,twin,5,77015.55,256208.03,71651.91,167333.58,45057.13,642932.67
Coronary Artery Bypass Graft (CABG),44,1,3,suite,9,156946.96,264844.8,77526.98,71970.34,52503.48,635173.38
Tonsillectomy,29,1,2,general,2,12371.98,43826.0,10033.39,7668.51,6205.51,72602.22
Normal Delivery,51,1,2,twin,3,20840.27,32300.2,15356.5,9098.4,8642.56,86071.9
Appendectomy,79,1,2,twin,4,30110.9,61876.33,22730.28,19364.16,10867.57,149956.49
Typhoid Inpatient Care,70,3,2,general,7,24055.73,0.0,23504.35,19032.75,7957.05,69968.68
Appendectomy,23,1,2,single,2,18253.32,64131.38,9714.23,15902.37,10211.92,111448.93
Total Knee Replacement,82,2,3,single,7,46079.53,108207.0,37376.36,103681.49,20572.29,329423.16
Kidney Stone Lithotripsy,52,1,3,suite,3,25141.27,50884.83,10686.83,9246.17,6162.26,112868.36
Typhoid Inpatient Care,49,2,3,single,7,26665.06,0.0,18155.31,12471.26,7435.1,55065.36
Normal Delivery,75,1,1,twin,5,41555.17,37404.91,37498.57,11516.98,11738.03,106774.02
Cataract Surgery,67,1,3,suite,3,20405.1,35100.57,10125.35,11541.9,4315.49,84541.25
Coronary Artery Bypass Graft (CABG),82,2,1,twin,9,133768.75,254912.77,111989.88,140239.14,55041.06,807713.74
Hysterectomy,29,1,2,suite,5,58879.53,106105.97,29560.05,19421.08,15252.89,236665.91
Total Hip Replacement,28,1,3,twin,6,59167.64,181255.31,38913.76,93841.7,30497.46,477396.52
Coronary Angioplasty,79,1,3,single,6,70647.37,115775.23,55853.55,69584.58,24310.78,367745.46
Cataract Surgery,58,1,1,general,1,6950.6,41831.16,5028.41,16047.03,6783.23,79645.21
Typhoid Inpatient Care,69,2,3,twin,8,27911.33,0.0,24085.79,12376.22,7582.77,74826.03
Caesarean Section,44,1,1,general,6,52970.26,79145.92,41433.81,24184.46,21090.42,224694.08
Coronary Artery Bypass Graft (CABG),45,1,2,twin,8,127540.84,313807.04,93060.26,85009.13,64481.19,688139.96
Typhoid Inpatient Care,44,2,2,suite,5,30824.63,0.0,15956.14,13454.1,8523.73,58585.55
Appendectomy,40,1,2,single,2,19465.54,66947.79,9830.49,15164.02,9383.71,128243.14
Kidney Stone Lithotripsy,50,2,2,single,3,19958.54,40634.09,9784.06,12924.97,5074.53,104027.21
Coronary Angioplasty,78,2,1,twin,5,50332.58,106287.11,46360.62,123505.51,21967.28,387491.06
Kidney Stone Lithotripsy,18,1,1,twin,3,27335.58,64078.6,16057.24,15303.76,9145.69,135541.68
Coronary Artery Bypass Graft (CABG),73,1,2,general,11,144541.69,293391.06,153366.39,94540.94,66492.7,808533.81
Appendectomy,27,2,2,single,3,19752.03,52983.03,10935.14,17317.19,7448.82,122757.85
Coronary Artery Bypass Graft (CABG),82,2,1,suite,14,287658.41,334307.61,183315.35,131586.43,72334.45,833172.52
Normal Delivery,27,3,1,single,2,10595.42,25509.19,7110.27,10324.31,4970.14,55874.14
Cataract Surgery,20,1,2,twin,2,12628.19,39734.8,8611.81,12979.0,5485.26,76719.35
Hernia Repair,67,1,1,single,4,42361.44,77093.38,24292.25,18790.2,12063.46,170636.57
Coronary Angioplasty,24,2,3,general,5,28678.91,72455.02,24146.79,65327.11,14464.04,210906.33
Normal Delivery,24,1,3,twin,2,11592.42,25643.45,8469.44,6650.41,5674.94,70106.54
Coronary Angioplasty,41,3,2,single,2,16588.14,91503.12,10121.94,84117.48,13399.93,218827.56
Normal Delivery,68,1,2,twin,4,31248.71,32724.6,23800.76,9698.45,9142.25,90866.82
Coronary Artery Bypass Graft (CABG),18,1,3,twin,8,99863.71,218920.64,65821.19,66595.0,44534.5,471232.26
Caesarean Section,33,1,1,single,4,50635.68,103610.89,29355.71,23838.01,18285.71,197810.4
Normal Delivery,29,1,3,general,2,9508.9,24484.77,8505.56,6606.48,5730.74,57268.46
Coronary Artery Bypass Graft (CABG),49,1,1,twin,8,161661.84,370851.02,122794.08,105263.2,76806.44,844429.4
Normal Delivery,78,1,2,twin,6,42978.02,33579.99,37157.29,11059.8,9115.02,116633.94
Cataract Surgery,24,1,2,twin,2,13160.11,34853.97,7453.51,14208.01,5454.13,86951.24
Typhoid Inpatient Care,75,1,1,general,5,35740.21,0.0,31938.71,20981.26,13272.32,124967.09
Hernia Repair,22,1,2,twin,4,28592.13,49947.17,18751.91,15010.44,10172.08,126403.36
Total Knee Replacement,74,1,3,single,6,56522.62,156221.17,40810.89,88118.33,26425.59,427279.1
Total Knee Replacement,56,1,1,suite,4,79792.63,293340.21,35851.37,133825.78,38729.91,591907.65
Tonsillectomy,46,1,1,general,2,13595.32,44794.73,10367.16,8975.54,6301.35,85726.75
Hernia Repair,65,3,2,suite,2,11675.4,34950.68,5200.89,15188.57,4174.89,76503.53
Hysterectomy,56,3,3,single,6,27339.47,38870.55,15644.35,16290.15,8219.76,104438.88
Hernia Repair,68,1,2,suite,5,46463.5,55650.04,23073.67,16131.49,9988.19,139328.61
Kidney Stone Lithotripsy,20,2,2,suite,1,8209.46,49317.73,3341.22,13524.42,4918.99,78752.97
Typhoid Inpatient Care,70,2,3,general,6,17685.29,0.0,15326.74,11885.47,6571.9,53857.29
Coronary Artery Bypass Graft (CABG),35,2,2,single,10,140112.8,222208.8,88280.14,99578.02,52365.85,591825.43
Hernia Repair,60,1,2,single,4,37016.91,62094.37,18325.59,16834.31,10223.95,148002.47
Normal Delivery,22,1,2,twin,3,21666.1,33697.07,17274.79,8373.47,7674.14,87812.76
Hernia Repair,69,2,2,twin,4,20091.44,35826.55,14162.41,15037.96,6230.53,97202.53
Typhoid Inpatient Care,40,1,1,twin,4,30006.64,0.0,23543.03,17636.89,14130.04,73547.48
Appendectomy,57,3,2,general,4,14978.8,30408.78,10518.41,15421.48,5399.19,81286.33
Kidney Stone Lithotripsy,34,2,2,suite,2,17588.38,57132.75,6690.77,13038.52,5243.88,107320.68
Total Hip Replacement,44,2,1,single,8,93734.77,193842.61,55958.67,139007.88,34537.35,549066.36
Total Knee Replacement,79,3,3,general,9,38557.81,81991.04,40631.94,93792.28,20702.99,268921.36
Coronary Angioplasty,51,1,2,twin,4,50571.5,139343.19,36111.68,83621.93,25367.3,295859.38
Caesarean Section,76,3,2,twin,3,15726.08,39968.07,11700.51,20984.41,8306.75,90315.31
Caesarean Section,37,2,2,single,3,22905.21,57912.29,13904.34,20080.74,9403.28,122781.03
Hernia Repair,31,2,2,general,2,9092.16,34997.73,6876.2,13842.03,5394.35,64594.94
Dengue Inpatient Care,56,2,2,single,5,28960.58,0.0,18571.3,14298.45,10310.52,76368.81
Total Knee Replacement,79,2,1,twin,8,73961.39,169049.38,62385.8,150513.45,35995.76,512389.22
Appendectomy,79,2,1,general,3,19735.53,51956.39,16290.06,25006.86,8452.03,98151.13
Total Knee Replacement,44,2,1,general,7,59598.73,143297.51,50980.1,129780.6,29993.74,396801.42
Total Hip Replacement,54,2,3,general,6,32701.16,105427.29,25951.84,89974.63,19257.7,256757.99
Normal Delivery,63,2,2,single,2,12290.12,25646.96,7715.11,10269.0,5061.66,63307.26
Appendectomy,22,1,2,twin,2,15582.16,63832.63,9713.05,15267.46,10020.41,97757.07
Coronary Angioplasty,56,1,1,twin,5,76879.96,189848.96,62277.78,111755.31,32733.41,511603.26
Dengue Inpatient Care,70,2,2,general,4,17087.49,0.0,18387.04,14255.3,9901.05,55212.93
Typhoid Inpatient Care,36,2,2,suite,6,38578.49,0.0,20362.15,15782.57,9538.47,77906.1
Total Hip Replacement,50,2,3,twin,4,27811.55,115891.93,21271.38,101603.66,18093.4,304355.77
Total Hip Replacement,54,2,1,single,6,71122.97,203401.29,46336.33,122547.13,28457.88,492861.82
Coronary Angioplasty,44,2,1,twin,3,30595.04,115354.46,24311.91,101400.41,21691.87,248914.66
Cataract Surgery,44,3,2,single,1,4089.16,20642.04,2268.46,13421.12,2928.65,44673.68
Hysterectomy,75,2,3,general,6,27111.62,51380.84,25747.5,20980.74,10993.47,168947.04
Typhoid Inpatient Care,80,1,1,general,8,49408.29,0.0,58278.25,21903.13,15273.46,107596.23
Normal Delivery,23,1,3,twin,2,11326.1,26944.8,8026.12,7123.42,6000.75,64072.86
Kidney Stone Lithotripsy,50,1,2,twin,2,15128.92,59708.18,9732.3,11206.6,7373.64,95662.98
Typhoid Inpatient Care,55,1,3,suite,5,36861.93,0.0,19198.45,11773.68,8407.63,65901.35
Tonsillectomy,45,2,2,twin,2,9183.24,28976.0,5466.93,7703.62,4140.41,47933.85
Dengue Inpatient Care,65,1,1,twin,6,55238.31,0.0,45860.91,19010.57,18240.37,149844.77
Coronary Artery Bypass Graft (CABG),41,2,2,twin,9,107614.83,206973.02,72068.64,87787.23,42195.45,568898.9
Appendectomy,52,1,1,suite,4,56521.88,99850.17,22834.93,21324.91,12543.0,213184.13
Hernia Repair,72,3,3,general,4,11038.78,22383.36,9697.59,11900.51,4405.82,53157.57
Caesarean Section,20,2,3,general,4,17471.28,39222.11,14372.62,15420.48,7764.63,100210.01
Tonsillectomy,71,3,1,twin,4,18571.1,29070.77,13324.02,10413.81,4697.23,66618.03
Cholecystectomy,77,3,1,twin,4,24124.39,51195.49,16980.64,25981.27,9477.74,157429.67
Hernia Repair,50,1,2,general,2,12649.38,46068.42,9546.21,14403.61,8823.44,81802.02
Tonsillectomy,78,3,2,general,3,10154.52,23773.97,9320.83,8264.05,3741.98,47269.92
Tonsillectomy,60,3,1,general,2,7607.52,24162.19,6175.18,8489.35,3644.65,56911.95
Normal Delivery,33,1,1,single,2,19815.07,46147.11,12773.13,11385.04,9064.09,101340.12
Normal Delivery,34,3,1,twin,3,15014.07,22624.01,10740.38,11618.85,5171.54,59158.66
Appendectomy,34,2,1,single,1,8654.59,61064.02,3774.48,20521.4,7395.27,116356.58
Hernia Repair,76,3,1,twin,5,24138.66,38198.23,18599.43,20055.08,6796.27,119131.76
Coronary Angioplasty,60,1,1,suite,5,99033.81,210993.5,51242.63,107719.78,34087.32,475697.74
Typhoid Inpatient Care,34,2,1,twin,7,36639.46,0.0,25320.15,19745.66,11727.62,86522.07
Coronary Artery Bypass Graft (CABG),59,1,2,twin,10,161770.7,306998.64,121205.5,93510.05,64672.71,807991.43
Hysterectomy,59,1,2,single,3,29859.88,88848.62,17651.39,23212.36,15873.77,176716.59
Total Knee Replacement,75,2,1,single,7,77824.9,186974.16,54393.52,150510.73,32099.22,518783.58
Dengue Inpatient Care,19,2,3,twin,4,16553.46,0.0,12819.98,10167.5,8151.38,51225.64
Tonsillectomy,35,1,1,general,3,19884.15,46037.25,14196.17,10013.37,8223.18,95842.25
Typhoid Inpatient Care,66,2,1,single,7,46006.68,0.0,28506.72,19717.1,11369.82,104189.23
Cholecystectomy,34,2,2,general,3,16283.15,49544.32,11331.82,18261.66,8760.91,100732.02
Typhoid Inpatient Care,74,2,2,twin,6,26493.2,0.0,24765.55,15646.49,9215.92,83400.92
Cataract Surgery,78,3,3,general,3,6733.9,15648.49,5948.27,11071.37,2400.19,42300.13
Kidney Stone Lithotripsy,21,3,2,twin,2,10398.66,36732.8,5595.02,12972.69,4528.51,65823.42
Hysterectomy,60,2,1,twin,3,22635.39,76266.85,16624.31,26381.31,14118.36,154316.65
Appendectomy,69,1,1,general,5,40928.97,67861.18,30057.54,21920.5,15262.67,176841.1
Total Hip Replacement,77,1,1,twin,7,97305.21,238565.81,83712.62,178189.42,47990.07,582047.48
Caesarean Section,59,2,3,single,4,22946.96,41183.09,12606.02,15336.95,8196.88,98719.1
Kidney Stone Lithotripsy,60,3,1,twin,2,10970.16,41378.69,5973.14,14853.59,4533.36,76775.4
Caesarean Section,66,2,1,twin,6,44944.02,68763.63,34083.2,23818.0,15580.54,176759.81
Hernia Repair,78,1,2,single,5,43310.38,54833.51,29156.14,16698.61,10739.8,145132.27
Hysterectomy,25,1,3,general,5,30330.22,60856.92,24183.39,16752.65,12353.58,162844.74
Total Knee Replacement,46,2,1,general,4,32344.28,163479.81,26143.99,137172.84,25172.85,422515.62
Hernia Repair,45,1,1,twin,2,18211.97,68912.15,12191.95,21043.73,10047.46,119455.51
Caesarean Section,56,1,1,suite,5,74678.42,117003.02,35155.13,24621.43,20607.39,288099.79
Hernia Repair,46,3,1,single,3,19464.77,44878.74,9484.63,17901.85,6063.94,106117.28
Total Knee Replacement,41,2,3,twin,4,23379.97,89371.43,17247.53,83507.45,15270.49,249433.3
Cataract Surgery,59,1,3,general,1,3999.28,23783.25,2938.29,10711.03,3536.31,39263.76
Typhoid Inpatient Care,77,1,1,general,4,28720.9,0.0,28548.25,24093.09,15005.45,105577.07
Total Knee Replacement,52,3,1,single,5,44638.81,145952.12,24874.14,120057.72,24035.27,265302.54
Cholecystectomy,25,2,2,general,3,15518.98,43735.5,10437.54,17832.05,7984.72,103564.57
Kidney Stone Lithotripsy,41,1,1,suite,2,26230.32,91008.01,10968.25,13130.06,9274.3,140473.97
Hernia Repair,22,3,1,twin,3,16412.87,36158.45,9869.42,18737.15,7103.75,98861.19
Hysterectomy,73,3,1,single,7,49454.06,59576.13,33678.71,30671.8,13389.06,221698.12
Total Hip Replacement,69,1,3,twin,6,55860.58,182608.3,46523.64,99993.52,33057.6,422394.34
Coronary Angioplasty,48,2,1,suite,3,47861.74,150668.44,23255.14,113728.28,20210.58,355357.0
Coronary Artery Bypass Graft (CABG),62,2,2,twin,10,113658.03,206136.29,81671.31,84633.47,45350.19,485409.79
Cataract Surgery,37,2,3,single,1,4090.32,22240.91,2174.5,10748.11,2577.55,43233.83
Cataract Surgery,67,1,2,single,3,22861.22,39257.6,13472.98,15594.15,6667.65,105262.17
Total Hip Replacement,78,3,2,twin,6,36394.42,104230.79,31769.77,138743.27,18727.96,291741.05
Cholecystectomy,74,3,3,single,6,24895.46,33607.44,15958.93,16835.01,6835.49,80571.64
Hernia Repair,38,1,1,twin,3,26324.71,67633.69,15463.93,17810.12,10971.49,127715.04
Typhoid Inpatient Care,32,1,1,single,4,32261.11,0.0,20766.78,18172.53,11294.22,82309.94
Caesarean Section,56,3,1,single,3,20556.94,58568.64,13334.34,25721.81,9616.77,128363.16
Appendectomy,43,1,2,general,3,21908.7,58408.93,13025.84,17456.81,11011.2,129785.8
Coronary Angioplasty,52,2,1,twin,5,54736.62,130809.78,38584.52,90864.16,22887.1,389906.24
Total Knee Replacement,25,2,1,single,3,33669.74,189931.1,19904.13,126081.7,25879.71,352950.93
Coronary Angioplasty,50,2,1,twin,5,58843.43,122754.43,45486.73,103974.64,27326.85,297170.2
Cholecystectomy,38,2,2,general,3,15443.5,43231.63,11339.18,15843.57,9229.29,98999.56
Caesarean Section,47,1,1,twin,3,35235.67,100444.52,24472.66,22754.9,17248.07,209630.69
Hysterectomy,56,2,1,general,4,29525.66,74299.84,23571.09,29434.47,16227.34,163293.14
Appendectomy,61,2,2,single,3,18684.96,49475.89,9667.28,15367.03,7168.13,113928.3
Appendectomy,33,3,1,general,4,20748.07,44183.29,12820.47,19648.53,7269.39,119449.88
Tonsillectomy,73,1,2,single,4,31194.42,46146.16,20357.19,8967.34,6946.87,80247.99
Total Knee Replacement,42,1,2,twin,3,31922.65,189579.38,22310.71,103857.5,25489.06,388690.54
Normal Delivery,60,3,1,suite,2,14239.8,28107.5,8109.73,11109.6,5586.88,69246.93
Cataract Surgery,72,3,2,general,2,6206.76,18177.94,5060.34,14255.42,3383.48,47328.7
Dengue Inpatient Care,68,2,2,general,5,22805.53,0.0,22073.39,12513.73,9350.97,60223.73
Caesarean Section,67,1,3,single,5,40378.81,62607.5,25755.49,16851.02,12227.47,132993.91
Coronary Artery Bypass Graft (CABG),37,3,2,twin,7,63988.98,153363.82,44672.12,96840.18,31180.62,389861.57
Caesarean Section,79,3,2,suite,4,27922.45,49256.11,17378.34,22278.84,7912.64,98949.72
Normal Delivery,61,3,2,twin,2,7954.54,20198.04,6235.69,9572.12,4338.13,46939.38
Hernia Repair,30,1,3,general,2,9989.97,37894.55,7205.84,10326.65,6877.12,79158.54
Kidney Stone Lithotripsy,29,1,3,single,2,13854.75,43675.94,7051.63,8183.97,5150.02,80584.74
Appendectomy,55,1,2,twin,4,33157.64,66882.17,18154.28,16698.1,11464.97,140925.81
Normal Delivery,22,1,1,general,2,15719.57,42114.0,12853.61,10715.53,9992.43,93624.0
Coronary Angioplasty,69,2,2,twin,4,37478.55,95893.12,28343.03,96580.14,18034.43,282245.26
Cataract Surgery,32,2,2,general,1,4068.06,27705.88,3089.05,14776.42,4105.19,51019.36
Total Knee Replacement,74,1,1,twin,9,116204.67,231259.15,108052.23,137902.03,49312.6,577825.47
Total Knee Replacement,70,2,2,general,6,39319.63,124877.79,36789.18,106003.02,24222.28,348886.44
Hernia Repair,51,1,1,single,2,20288.43,70230.61,11531.64,18025.23,9867.34,131365.39
Total Hip Replacement,53,1,1,twin,5,70558.32,250106.48,54401.51,132545.51,45779.51,482728.22
Typhoid Inpatient Care,58,1,1,single,3,28520.8,0.0,16473.23,19609.86,12317.56,74311.34
Tonsillectomy,42,2,3,twin,2,7938.12,22006.31,5036.29,5700.78,3424.78,46694.21
Typhoid Inpatient Care,18,3,2,twin,6,22352.1,0.0,17234.95,16013.02,7547.01,48546.86
Typhoid Inpatient Care,32,3,2,general,5,15413.14,0.0,13512.77,15361.79,6374.34,55893.92
Coronary Angioplasty,69,3,2,twin,6,41768.81,75308.98,33167.61,88528.39,15847.37,249021.1
Appendectomy,39,1,2,general,3,19472.6,53816.75,13388.16,15770.81,8967.38,113721.25
Kidney Stone Lithotripsy,64,1,2,single,2,17778.37,63750.67,8945.76,12035.61,6621.1,104871.16
Total Hip Replacement,42,1,2,single,7,103506.9,239806.83,64231.99,116276.13,42604.8,554829.14
Total Knee Replacement,51,1,2,general,7,63930.73,187754.5,56940.68,118249.54,40191.97,450746.06
Coronary Artery Bypass Graft (CABG),58,2,3,general,6,43977.38,147740.34,36398.19,70875.01,29811.62,305183.03
Dengue Inpatient Care,77,2,2,single,4,25148.21,0.0,19437.29,16759.4,8885.42,70470.17
Coronary Artery Bypass Graft (CABG),47,1,1,general,10,166908.05,342985.09,124881.21,115734.35,80149.81,820045.88
Normal Delivery,81,2,3,twin,4,16741.24,21093.67,17222.43,8782.34,5516.51,87813.6
Appendectomy,55,1,1,twin,5,50451.02,78440.94,30107.31,19477.08,15217.41,189396.84
Tonsillectomy,35,3,2,single,2,8262.63,24170.88,4545.24,7751.38,3184.23,47710.49
Hysterectomy,27,1,2,twin,2,16978.61,77184.25,12472.84,20281.45,14241.83,157089.94
Tonsillectomy,47,1,2,twin,2,13882.65,42264.36,8821.28,8291.0,5904.73,79028.71
Total Knee Replacement,65,3,2,twin,6,36502.21,106222.74,29696.58,104297.56,19809.23,274629.24
Cataract Surgery,22,1,2,twin,1,6491.4,37890.9,3712.24,13624.25,4900.0,63266.75
Tonsillectomy,21,2,3,single,2,8125.96,22121.08,4796.35,6297.61,3369.65,40181.03
Total Hip Replacement,34,2,1,twin,4,41703.67,187962.94,30000.96,138049.39,27460.52,456890.72
Total Knee Replacement,55,2,3,single,6,39265.24,102409.37,25956.33,79058.34,18686.04,280800.4
Hernia Repair,29,2,3,twin,3,11729.81,30445.33,7786.71,11881.02,4742.44,67212.53
Coronary Artery Bypass Graft (CABG),66,1,2,twin,7,111303.02,289309.45,89509.92,93449.15,55590.92,606661.23
Cholecystectomy,40,2,2,single,3,21956.13,56095.01,11894.12,17869.25,9037.9,125954.96
Coronary Angioplasty,42,1,1,single,3,53758.14,208328.25,37214.49,107954.29,32865.39,496760.93
Cholecystectomy,34,3,1,general,3,15698.28,49474.06,10679.16,19294.08,9347.69,91595.42
Cholecystectomy,35,2,1,general,3,18379.54,57257.13,14554.46,19902.65,9527.0,127818.59
Hernia Repair,70,2,2,single,3,18798.51,38549.18,10577.08,16379.84,6037.23,82693.25
Total Hip Replacement,46,2,3,twin,7,43558.22,120152.64,31384.64,91952.09,23939.23,298144.62
Caesarean Section,36,2,1,twin,4,30798.61,65602.37,19559.26,22209.94,11953.97,164970.69
Cataract Surgery,33,2,2,single,2,10227.83,29461.07,5507.54,13136.59,3618.85,62928.22
Dengue Inpatient Care,70,1,1,twin,6,51968.78,0.0,44912.86,19559.22,18016.72,132204.44
Kidney Stone Lithotripsy,23,1,2,general,1,6719.06,52818.55,4446.08,11260.78,5719.11,85807.56
Cholecystectomy,73,3,2,twin,4,18947.24,39523.14,13068.16,19612.67,6851.46,92379.54
Coronary Artery Bypass Graft (CABG),42,2,1,twin,11,159241.06,254107.31,108031.79,115152.27,61146.24,655364.55
Coronary Artery Bypass Graft (CABG),47,2,2,single,10,134286.04,226288.55,87655.27,88826.9,48718.0,594222.93
Tonsillectomy,30,2,2,general,2,8657.37,28924.66,6129.54,8238.17,4244.29,49719.38
Cholecystectomy,45,1,3,general,4,24264.4,50418.1,16498.01,13809.09,9578.14,105100.92
Appendectomy,46,2,3,twin,3,14563.39,36170.59,8048.75,13841.72,5798.42,74404.43
Coronary Artery Bypass Graft (CABG),72,1,1,twin,5,106704.0,384069.84,81767.56,140216.78,71267.15,875158.59
Hysterectomy,73,2,2,general,6,32126.37,59653.61,32941.35,23413.55,14213.09,161515.23
Coronary Artery Bypass Graft (CABG),28,1,2,general,6,78259.12,278135.94,68549.73,98771.48,50815.9,582559.88
Cataract Surgery,60,1,2,single,1,6865.22,37999.24,3504.1,11794.69,4357.05,65524.07
Cholecystectomy,65,1,3,suite,2,19899.42,65488.42,9683.58,14321.43,9529.26,131402.46
Coronary Artery Bypass Graft (CABG),78,2,3,single,11,126664.82,188175.02,91829.94,89648.36,39568.64,593092.06
Caesarean Section,65,1,1,twin,4,44751.86,93881.94,32205.49,24786.84,17076.59,192481.85
Coronary Angioplasty,23,2,1,suite,3,45310.72,160138.72,24079.87,108153.52,22419.35,328277.05
Normal Delivery,57,1,1,single,2,19158.1,46108.16,13201.59,11545.64,8104.35,104343.34
Hernia Repair,41,1,2,suite,3,32785.25,61004.12,14653.85,14263.57,9473.29,126930.53
Kidney Stone Lithotripsy,24,2,2,twin,2,11799.61,39676.45,6827.87,12607.55,5621.92,75490.79
Coronary Angioplasty,56,1,2,twin,4,48292.1,125283.56,34410.71,87314.89,23169.35,325915.54
Dengue Inpatient Care,34,3,2,general,5,18518.34,0.0,15941.34,14378.89,7987.75,50695.59
Tonsillectomy,18,1,2,general,2,12123.09,39611.7,8752.09,7448.11,6322.55,77531.58
Total Knee Replacement,20,1,2,twin,5,50855.36,178286.42,38649.13,96854.38,32739.77,364601.39
Hernia Repair,35,1,2,twin,3,24254.41,51899.65,15527.35,16578.66,9265.9,126971.72
Coronary Artery Bypass Graft (CABG),18,2,3,single,6,59645.89,178282.01,32890.86,76605.24,27501.58,355991.52
Caesarean Section,59,2,1,twin,3,22835.77,67317.75,14559.44,23189.54,12277.52,133414.46
Cholecystectomy,23,1,2,single,5,50967.43,81218.71,28619.6,19990.39,12990.22,187548.64
Cholecystectomy,77,2,3,general,5,19434.24,34515.69,17218.23,17765.94,8251.84,116226.57
Total Hip Replacement,46,1,3,twin,7,60463.32,151164.11,45932.98,79495.91,30598.24,363965.73
Hernia Repair,67,2,1,twin,4,28439.54,47579.34,18883.78,19281.3,8191.37,143837.76
Typhoid Inpatient Care,37,3,2,general,6,19562.61,0.0,16748.6,16176.15,7730.77,69318.09
Cholecystectomy,33,1,1,single,4,47804.75,89706.61,28272.86,20841.44,16166.82,200146.71
Hysterectomy,39,1,2,general,5,35459.22,77699.41,28942.31,20279.87,18043.87,171783.33
Caesarean Section,26,2,2,general,4,20112.41,47659.19,16072.93,20032.01,9246.05,95440.17
Coronary Artery Bypass Graft (CABG),18,2,2,general,8,76855.2,187200.31,69247.63,96387.44,47400.54,468257.5
Kidney Stone Lithotripsy,80,3,2,general,3,10752.7,26961.86,9033.31,13006.73,4251.17,73306.34
Caesarean Section,78,2,2,single,4,28968.86,59431.89,20131.74,20728.12,10081.75,124139.64
Appendectomy,26,1,2,suite,3,32233.89,69868.39,12954.07,16787.88,9477.72,157208.42
Cataract Surgery,82,2,2,single,3,14674.42,25441.17,9604.78,14812.96,4109.72,68642.25
Total Hip Replacement,55,1,2,twin,6,67580.84,213431.74,46642.76,111756.75,35847.94,523290.27
Tonsillectomy,82,3,3,suite,4,17112.8,23625.04,9630.21,6795.87,3006.95,57776.79
Kidney Stone Lithotripsy,67,1,1,single,4,47361.53,84379.97,26115.83,16317.75,10082.08,191650.15
Typhoid Inpatient Care,23,3,2,twin,6,21545.12,0.0,16484.51,17471.33,7940.5,65214.41
Typhoid Inpatient Care,29,1,1,single,5,45750.68,0.0,26650.92,18140.24,13388.19,117705.43
Appendectomy,30,2,1,suite,3,29867.73,72650.84,12677.04,20990.26,9448.66,160199.76
Hysterectomy,46,3,2,twin,3,17036.7,50968.11,12219.97,20715.14,9600.08,115249.34
Caesarean Section,51,2,3,single,4,24284.16,43249.52,13455.82,16969.21,9079.94,111640.21
Typhoid Inpatient Care,63,2,1,twin,5,27192.97,0.0,22190.67,20389.66,10150.88,73060.75
Typhoid Inpatient Care,30,2,3,twin,4,13670.33,0.0,9654.54,11116.53,5559.27,40160.29
Hernia Repair,81,2,2,general,5,25564.5,34938.06,20990.55,18620.68,7936.63,117326.98
Caesarean Section,75,2,1,general,7,47148.13,60367.97,44543.09,29082.79,17065.28,228399.71
Appendectomy,64,1,1,single,3,36265.09,90483.78,18451.98,24125.55,12677.99,172575.94
Normal Delivery,52,1,2,single,3,26574.29,39144.68,16138.15,8830.18,9340.68,96078.86
Total Knee Replacement,58,3,3,single,5,28184.48,87158.58,18248.66,76796.23,15693.24,232516.09
Dengue Inpatient Care,21,2,2,twin,8,41047.84,0.0,31351.82,12637.12,11387.14,89349.87
Coronary Angioplasty,18,2,1,single,6,73292.86,116389.45,44246.76,97241.89,25423.28,340962.81
Kidney Stone Lithotripsy,53,2,3,single,2,11133.47,34780.29,5561.96,8716.61,4341.78,63803.92
Hysterectomy,36,2,2,single,2,14650.52,62064.6,8988.83,20641.75,9728.37,124505.66
Appendectomy,82,1,2,general,5,37483.52,60617.98,32450.92,19560.54,10786.46,126765.98
Kidney Stone Lithotripsy,37,2,2,twin,2,11222.09,39098.87,6897.98,12467.91,5083.13,67123.15
Coronary Angioplasty,70,3,2,twin,6,43873.72,82895.61,32640.86,83791.6,16238.77,246214.38
Normal Delivery,23,3,2,suite,2,11419.61,22123.07,6282.44,8605.73,3781.86,51632.76
Cataract Surgery,29,1,3,single,2,11378.94,30232.2,6046.88,10070.63,4512.53,63125.38
Total Knee Replacement,74,2,2,twin,6,49432.27,152535.35,39219.92,123375.79,25084.67,317901.48
Hysterectomy,42,1,2,twin,4,35458.47,76397.3,22735.16,22263.03,15000.98,175780.15
Dengue Inpatient Care,32,1,1,twin,5,47209.94,0.0,36326.3,17965.45,16514.5,118786.58
Hysterectomy,56,1,1,single,4,51773.21,117282.07,31212.61,27906.92,20774.28,231933.9
Caesarean Section,76,3,1,general,5,27794.95,46523.3,27400.22,30389.38,11281.85,173364.09
Coronary Artery Bypass Graft (CABG),63,2,2,twin,10,110732.31,233511.53,93180.83,99279.35,53324.11,585474.36
Tonsillectomy,35,2,1,general,1,5123.52,35120.08,3825.73,9855.15,4899.59,54746.06
Coronary Angioplasty,30,2,3,single,4,32752.85,80709.84,22250.89,66218.52,15158.01,223593.82
Cholecystectomy,41,2,2,twin,3,16656.66,44455.4,11265.04,17921.98,8298.02,89466.6
Total Hip Replacement,51,1,2,general,4,38042.7,180056.24,34148.73,114297.91,32178.32,393039.8
Tonsillectomy,28,1,2,twin,1,6999.23,42637.91,4255.19,6998.87,5784.04,65679.2
Normal Delivery,82,1,1,twin,5,40878.17,40727.11,38125.75,12719.25,11643.8,65804.36
Cataract Surgery,53,1,2,general,2,10654.09,36992.75,7852.86,12606.44,5528.47,69866.47
Kidney Stone Lithotripsy,79,1,3,single,3,20899.85,50320.23,13927.04,12341.57,6276.72,113976.76
Appendectomy,58,1,2,general,3,20183.36,55359.02,13115.04,15233.33,10635.22,103504.65
Total Knee Replacement,35,3,2,suite,4,33621.68,123324.94,15569.83,108558.71,16065.21,302447.82
Tonsillectomy,46,1,2,general,2,11202.55,35356.68,8052.05,7240.75,5291.73,74286.22
Cataract Surgery,53,2,1,suite,1,7438.21,35914.22,3454.79,17586.51,4308.71,68983.99
Hysterectomy,61,1,1,twin,5,51025.96,103642.04,37409.2,28429.42,20547.08,232331.33
Coronary Artery Bypass Graft (CABG),44,3,1,single,5,67629.11,239352.59,39323.14,107617.61,35881.6,433722.54
Kidney Stone Lithotripsy,39,3,2,single,2,11541.17,36644.03,5806.08,12868.1,4392.55,68922.48
Appendectomy,48,2,3,twin,5,23297.82,35673.3,14321.36,13988.64,6620.39,88985.4
Hernia Repair,73,3,2,single,4,20286.64,30993.86,12076.76,18395.09,5797.93,76183.08
Hernia Repair,45,1,3,twin,2,11883.74,40826.26,7107.51,11165.89,5987.96,83538.78
Normal Delivery,64,1,2,single,4,31652.2,36859.73,20311.48,8264.19,8795.07,109706.22
Coronary Angioplasty,50,3,1,suite,3,35598.05,121589.34,18139.43,95323.61,17709.4,253514.94
Typhoid Inpatient Care,74,3,1,twin,8,34441.29,0.0,27482.87,19559.9,10076.21,101297.82
Kidney Stone Lithotripsy,77,3,2,general,4,15624.56,29944.48,12933.4,14650.03,4505.36,75058.45
Coronary Angioplasty,62,3,3,single,3,20286.59,74757.62,14310.19,69439.57,10680.95,193836.34
Normal Delivery,55,2,2,single,2,13179.8,28442.38,7763.87,8396.21,5685.15,63844.1
Hernia Repair,63,2,3,twin,3,13069.76,30868.49,7981.55,11201.59,5476.2,74344.83
Coronary Artery Bypass Graft (CABG),27,1,1,general,10,181788.97,350464.27,156700.01,118482.69,83039.49,846680.19
Tonsillectomy,24,3,1,single,1,5207.06,32457.62,2877.98,8959.05,4053.88,48810.18
Tonsillectomy,66,2,2,twin,3,14227.56,26578.11,9318.27,8175.07,4146.97,72740.59
Cholecystectomy,82,1,1,twin,6,68226.26,93897.43,54926.05,25471.46,19869.44,288749.63
Cataract Surgery,38,1,2,general,1,5860.27,34811.46,3679.0,13041.64,5233.18,61249.2
Cataract Surgery,76,3,2,twin,3,11226.12,19734.33,7741.33,16269.8,3543.05,67395.17
Kidney Stone Lithotripsy,28,3,1,general,2,10060.2,41101.67,6530.5,15068.62,5885.09,78362.0
Caesarean Section,61,2,2,twin,3,17963.91,51730.94,12676.89,18647.37,9534.48,116554.08
Cholecystectomy,67,1,2,single,6,63870.31,83153.83,37575.52,19480.27,14297.26,260507.01
Hernia Repair,65,1,2,general,3,19719.7,47990.63,14300.57,17296.03,8357.76,101473.56
Coronary Angioplasty,62,2,1,general,5,43216.2,103487.05,41156.84,94418.32,25576.02,348459.36
Hysterectomy,46,1,3,single,6,45698.95,73413.49,26580.02,16047.66,15663.76,159048.86
Caesarean Section,63,2,3,suite,5,34638.9,52971.96,18970.83,15262.93,8325.49,124584.63
Cataract Surgery,54,2,2,single,2,10815.7,29642.01,6151.49,14198.08,4179.32,64422.47
Cholecystectomy,23,1,3,twin,1,6556.67,55006.67,4001.0,13843.73,7068.48,91668.56
Hysterectomy,33,2,1,twin,1,7618.27,80424.41,5737.09,24408.5,10269.69,133663.34
Total Knee Replacement,50,2,2,suite,6,68674.07,159141.69,36484.29,97084.91,25092.19,333171.35
Typhoid Inpatient Care,31,1,1,twin,5,35234.05,0.0,27066.15,17139.46,14449.72,88777.37
Cholecystectomy,80,1,2,twin,5,40417.81,70499.41,31725.46,19812.44,13818.0,193884.76
Tonsillectomy,66,2,2,suite,4,27241.52,38282.07,12432.8,8731.97,5363.19,101040.52
Total Hip Replacement,72,1,2,general,7,74804.79,205659.23,71248.4,136528.35,44758.34,483011.45
Caesarean Section,59,1,2,general,4,32871.57,78379.72,28584.92,21883.77,14709.56,185645.27
Cataract Surgery,30,1,2,single,1,7805.34,44689.77,4202.15,14367.72,5053.37,83457.95
Total Hip Replacement,77,2,2,single,7,69942.65,171036.76,50595.79,131073.1,26267.1,412030.08
Typhoid Inpatient Care,48,1,2,twin,3,17448.24,0.0,13077.4,15644.19,10097.94,57774.21
Caesarean Section,47,2,1,general,4,29069.12,67913.33,21848.54,25524.58,12952.74,160265.66
Total Hip Replacement,42,1,1,twin,5,76957.84,276246.86,55469.29,140396.07,49829.47,695144.47
Dengue Inpatient Care,42,1,3,single,3,19318.18,0.0,12839.4,11179.92,9020.93,49456.38
Coronary Angioplasty,29,3,2,twin,3,20046.09,74371.52,14422.85,79002.61,13467.92,218655.77
Coronary Artery Bypass Graft (CABG),34,3,3,twin,10,72858.26,132865.98,53106.31,68372.32,30358.82,357786.31
Kidney Stone Lithotripsy,44,1,2,general,2,14192.07,57215.17,8749.84,11092.32,7316.93,96657.18
Coronary Angioplasty,40,1,1,single,5,86356.85,179920.43,55712.59,109011.48,37227.04,484386.91
Tonsillectomy,63,1,2,twin,2,14093.22,42198.45,10037.34,7281.5,6122.68,73318.31
Caesarean Section,18,1,1,general,4,37030.01,77744.52,26864.18,23167.64,18952.35,193060.66
Hysterectomy,68,1,1,suite,4,64526.38,133839.99,32437.79,27512.25,19595.89,277964.56
Tonsillectomy,33,3,3,suite,2,8637.02,23828.84,3599.92,6527.64,2386.21,42329.43
Total Knee Replacement,32,1,2,twin,6,60060.98,169699.4,42337.83,97682.09,32708.09,432152.51
Dengue Inpatient Care,30,1,2,suite,3,28383.55,0.0,15772.56,13095.34,11627.6,67248.06
Cholecystectomy,39,1,1,single,2,25402.14,92566.02,14233.73,20991.03,13044.95,175191.15
Total Knee Replacement,69,2,3,single,7,46032.42,99892.12,34122.55,79080.45,21386.78,198062.85
Total Knee Replacement,26,2,1,twin,6,62823.69,164277.98,45660.93,147058.6,30609.75,427829.43
Total Hip Replacement,69,3,3,general,9,40737.85,84309.46,38604.09,85298.41,19989.47,282101.42
Total Knee Replacement,54,1,2,single,9,123571.78,220215.45,70249.38,98209.62,41603.93,551098.95
Caesarean Section,81,3,1,twin,6,38206.79,55824.68,32907.5,30458.91,11476.02,146085.82
Coronary Angioplasty,56,2,2,suite,3,38666.5,127642.08,21452.47,85279.15,15946.99,285278.15
Coronary Artery Bypass Graft (CABG),20,3,2,twin,8,67780.12,163530.16,49570.51,85396.51,32698.91,383013.41
Coronary Artery Bypass Graft (CABG),43,2,1,general,12,144465.27,223614.28,117762.26,102347.29,62399.38,648557.24
Appendectomy,72,1,2,twin,4,32936.31,60825.24,22457.61,17003.93,9625.22,143242.88
Coronary Artery Bypass Graft (CABG),48,3,2,single,11,106406.04,181642.88,64436.99,85592.63,40693.96,494273.36
Coronary Angioplasty,73,2,1,general,5,46068.71,115967.19,46268.46,110147.52,25038.61,390395.68
Coronary Angioplasty,72,1,1,twin,4,63963.4,196983.2,58719.25,110127.38,34828.03,430605.23
Dengue Inpatient Care,54,1,1,general,4,32237.39,0.0,26923.4,16817.68,17357.68,93950.64
Normal Delivery,18,3,2,twin,2,7952.15,18924.13,6381.8,8736.7,4541.01,47001.39
Total Hip Replacement,40,2,1,twin,8,79003.94,173261.85,54091.87,156914.02,35205.81,487790.83
Typhoid Inpatient Care,28,1,3,single,8,48182.01,0.0,31646.72,11563.97,10670.95,111220.23
Tonsillectomy,71,2,1,twin,3,17198.58,37711.42,12313.77,10409.89,5945.92,81031.57
Coronary Artery Bypass Graft (CABG),54,1,1,suite,8,231643.5,479587.04,121496.09,114239.96,72012.57,1085892.81
Typhoid Inpatient Care,21,3,3,suite,5,18068.97,0.0,9795.26,12468.15,4451.44,47030.5
Hernia Repair,34,2,2,twin,2,10769.6,39213.24,6038.56,16176.2,5768.78,77000.41
Hysterectomy,25,2,2,twin,4,26984.14,60587.01,19315.16,20229.41,11591.65,154932.79
Total Hip Replacement,18,1,2,single,6,71644.88,219561.08,47643.58,109927.97,32645.45,521096.03
Normal Delivery,21,2,3,suite,2,11839.7,23094.85,6383.17,6710.77,4474.85,52096.09
Cholecystectomy,75,3,3,twin,5,19292.27,33795.18,14433.31,14534.8,6499.97,98898.93
Normal Delivery,31,1,2,general,1,6501.55,30518.52,5208.92,9174.03,6373.98,56235.77
Cholecystectomy,78,2,1,general,3,21288.88,57550.23,17987.18,24309.81,11977.74,136228.48
Coronary Artery Bypass Graft (CABG),73,2,1,twin,11,151294.69,282163.24,139949.86,120212.18,66083.74,773284.29
Appendectomy,79,3,1,single,4,25679.29,48190.7,17063.29,25214.32,7688.03,105032.62
Typhoid Inpatient Care,34,2,3,single,5,19977.35,0.0,13182.75,11094.58,6497.3,48406.35
Dengue Inpatient Care,42,1,1,general,1,7767.1,0.0,6747.24,17754.95,13676.74,49888.16
Hernia Repair,77,1,3,single,4,28953.6,47570.49,18709.27,13429.14,8216.34,148057.44
Total Knee Replacement,26,3,1,single,7,59774.27,150156.7,40530.72,138381.66,24149.98,428957.62
Appendectomy,67,2,3,single,5,27008.68,42112.23,15728.86,13160.7,6156.97,108599.93
Total Knee Replacement,68,2,1,general,6,46777.88,149055.7,39639.13,130967.59,28372.46,418764.61
Cholecystectomy,50,1,3,general,3,17217.29,51837.56,12340.73,14779.21,9820.53,105105.08
Coronary Artery Bypass Graft (CABG),54,2,3,single,8,82376.65,187725.5,51719.64,76311.84,31739.93,453835.92
Typhoid Inpatient Care,68,1,1,twin,6,49462.44,0.0,38867.39,20791.26,15828.46,120316.48
Coronary Artery Bypass Graft (CABG),46,2,1,twin,9,127869.13,275874.93,86029.2,114730.77,60968.42,724573.21
Caesarean Section,37,3,3,twin,5,20263.01,33242.21,12916.71,14236.34,6701.07,82824.63
Appendectomy,29,2,3,twin,4,17052.37,36806.55,10713.05,11874.98,6001.98,88985.83
Cholecystectomy,68,1,2,twin,5,43674.97,70091.84,30344.75,20802.25,14593.04,157327.33
Typhoid Inpatient Care,35,1,2,suite,4,35040.8,0.0,20125.03,14188.99,10448.73,88171.47
Dengue Inpatient Care,73,2,1,general,6,32201.66,0.0,32195.45,17183.66,12112.57,96523.63
Coronary Artery Bypass Graft (CABG),54,1,1,single,10,236290.82,384435.74,132144.19,104066.43,87410.77,894506.53
Hysterectomy,78,1,1,suite,6,88150.08,121251.83,53463.37,31986.22,20973.68,374864.21
Hysterectomy,60,2,1,single,4,34176.29,80682.93,20086.56,25154.48,14213.07,163445.48
Total Hip Replacement,75,2,2,general,7,50472.32,144171.44,51771.09,137842.63,24940.73,372342.56
Tonsillectomy,49,3,1,twin,2,9919.89,32852.32,6828.52,10102.35,4334.28,61396.5
Coronary Artery Bypass Graft (CABG),74,2,3,single,5,47908.11,181037.16,36219.18,82178.13,25897.17,350945.59
Dengue Inpatient Care,50,2,1,twin,1,5785.32,0.0,4219.7,16527.11,8626.51,33889.16
Typhoid Inpatient Care,72,3,2,twin,8,28891.47,0.0,22182.97,17007.69,7865.22,89146.36
Normal Delivery,79,1,1,twin,4,36565.04,42570.62,32262.64,14138.59,11117.6,118359.15
Cataract Surgery,39,3,2,general,1,3226.3,19057.95,2181.68,14492.73,3014.38,46039.08
Hernia Repair,30,2,2,single,3,19601.72,45285.12,10383.44,16100.61,7210.73,105402.08
Total Hip Replacement,37,3,3,suite,7,51972.85,109189.58,24236.34,84357.02,15610.58,264550.15
Total Hip Replacement,72,2,2,suite,8,88070.28,191127.51,56525.81,118256.46,27245.49,455870.06
Normal Delivery,81,2,1,suite,5,44519.68,32553.02,29015.77,12514.92,8440.83,124422.05
Coronary Angioplasty,78,1,2,twin,4,42920.57,123071.19,39761.24,99787.08,21627.15,288649.6
Caesarean Section,51,1,1,general,3,28037.77,89405.64,24589.72,27101.1,19348.39,173791.15
Coronary Angioplasty,53,1,3,twin,2,18878.35,98636.07,13912.21,61331.04,16264.6,225910.67
Total Hip Replacement,50,3,2,twin,4,26190.07,118500.31,20141.95,125104.75,19010.47,332907.57
Total Knee Replacement,51,2,1,general,5,44443.28,156820.66,36759.59,140172.09,30962.86,448634.79
Tonsillectomy,61,2,3,twin,2,7884.67,25779.85,5218.75,5961.49,3635.2,47667.34
Normal Delivery,23,2,2,single,2,12199.53,24612.59,8394.46,9058.41,4942.73,59909.01
Tonsillectomy,41,3,3,single,1,3184.32,19702.61,1723.7,5742.13,2121.69,29353.85
Coronary Angioplasty,19,1,3,general,3,25719.72,101742.09,23758.38,72796.37,20524.66,258120.41
Kidney Stone Lithotripsy,26,1,1,twin,1,8976.33,64965.95,5198.22,14074.19,7678.06,106171.3
Coronary Artery Bypass Graft (CABG),69,2,3,general,8,64084.99,146568.39,57602.59,80616.45,35385.5,274916.62
Coronary Angioplasty,18,3,2,general,3,18844.26,72210.67,16173.79,84610.04,13702.98,189126.8
Total Hip Replacement,57,3,2,general,7,39241.36,110506.41,34401.12,126421.44,20776.36,366013.19
Coronary Artery Bypass Graft (CABG),75,2,2,twin,9,109334.28,204616.6,83644.27,104894.87,42742.8,617223.96
Total Hip Replacement,50,3,2,general,7,37877.55,107198.99,32343.84,109235.99,22680.27,296700.22
Coronary Angioplasty,35,2,1,twin,5,52540.81,111784.06,36784.41,104070.0,22069.08,338415.62
Normal Delivery,24,1,1,single,3,29948.22,46265.96,20104.95,10237.96,8987.64,118261.11
Total Hip Replacement,63,1,1,suite,4,74913.82,315422.0,39515.25,153759.18,41511.95,521806.55
Coronary Artery Bypass Graft (CABG),70,2,2,single,14,180037.17,215856.0,132240.35,95718.18,60748.24,651639.01
Coronary Angioplasty,18,1,2,general,3,31074.69,142346.86,29445.12,84207.36,22745.72,299392.36
Appendectomy,46,2,3,single,3,15997.34,37881.43,8491.37,14251.55,5627.59,79222.52
Caesarean Section,30,3,1,single,5,36275.46,57069.01,22777.33,22167.59,12192.35,138991.62
Tonsillectomy,20,2,1,general,1,5561.72,34251.63,4122.17,9477.63,4483.95,63577.75
Dengue Inpatient Care,79,1,1,suite,6,77822.13,0.0,51946.89,17073.07,18115.13,129577.97
Hernia Repair,72,3,1,general,3,14239.79,36911.34,11974.44,21156.28,6791.94,74123.96
Tonsillectomy,50,2,2,general,2,8529.72,25734.86,5875.76,8120.0,3958.49,52283.47
Normal Delivery,79,1,1,single,4,39421.02,44661.29,31298.34,11815.13,10909.27,130018.63
Typhoid Inpatient Care,54,2,1,single,5,31582.41,0.0,20714.27,19041.7,9022.53,73122.84
Total Hip Replacement,30,1,2,twin,8,86788.56,197219.32,67493.56,107886.32,38103.42,463569.61
Appendectomy,82,1,3,single,5,34356.26,51338.29,21793.78,15326.11,8584.87,151958.76
Hernia Repair,78,3,1,twin,5,25323.17,38000.31,19428.16,23500.34,7962.37,111262.07
Hernia Repair,41,1,1,single,3,30965.27,64080.2,15410.95,19195.7,10607.45,143179.69
Dengue Inpatient Care,48,1,1,twin,7,61538.23,0.0,48154.8,15786.69,20484.3,134192.88
Dengue Inpatient Care,36,3,3,twin,6,18752.16,0.0,14589.54,10077.52,6102.88,48937.86
Tonsillectomy,49,1,1,general,2,13635.6,42700.92,9601.6,9146.48,7257.85,83467.36
Total Knee Replacement,81,2,3,single,7,48903.03,113381.55,39681.46,99141.08,19446.65,289784.15
Kidney Stone Lithotripsy,24,2,3,single,2,9925.01,36360.17,5419.5,8209.0,4321.21,59004.1
Coronary Angioplasty,65,2,2,suite,4,52438.6,130994.92,27290.39,92336.57,19728.64,327530.72
Coronary Angioplasty,38,2,1,twin,2,23023.57,133389.91,18149.59,97899.73,20394.3,276361.74
Kidney Stone Lithotripsy,61,1,2,single,2,19303.61,65493.75,9483.03,11449.06,7567.87,108073.21
Hysterectomy,45,3,2,general,5,20538.72,44748.18,15568.52,20160.06,9943.73,123852.41
Total Knee Replacement,51,1,2,general,8,73791.17,183041.85,65012.75,104333.34,36862.7,448484.89
Coronary Artery Bypass Graft (CABG),24,2,3,general,7,54748.7,152036.94,44669.58,67120.84,33683.3,356888.23
Cataract Surgery,61,1,1,twin,2,16252.95,48249.98,9880.3,18390.81,7029.13,103765.72
Total Hip Replacement,76,2,3,suite,9,78269.83,136337.63,46637.98,108055.89,22972.41,378452.92
Hernia Repair,79,1,1,general,5,39429.6,59909.74,35221.84,21636.81,11521.0,198834.98
Hysterectomy,55,2,3,twin,5,23455.8,44566.57,16036.41,17704.96,9337.52,113220.32
Total Knee Replacement,20,2,1,twin,6,57459.08,167587.41,38716.82,116243.68,29496.43,351076.58
Coronary Artery Bypass Graft (CABG),47,1,2,single,9,157787.27,317247.21,104339.04,90383.67,65590.13,703625.0
Coronary Angioplasty,32,1,1,general,2,25345.47,149897.21,21297.59,93574.37,27704.16,334963.07
Appendectomy,22,1,3,twin,3,19443.43,48982.97,10672.4,11708.82,7291.96,102258.93
Kidney Stone Lithotripsy,20,3,2,single,3,16229.96,37279.64,7613.43,12311.83,4440.76,75471.45
Dengue Inpatient Care,75,2,3,single,5,22809.15,0.0,18965.55,11181.11,8029.09,67139.46
Dengue Inpatient Care,68,1,2,suite,8,83593.57,0.0,45847.11,15326.64,16568.92,170062.53
Kidney Stone Lithotripsy,51,1,2,twin,1,7504.23,52542.88,4183.75,10925.39,6694.4,82692.45
Coronary Angioplasty,56,1,1,single,5,90275.12,180590.51,56235.44,102018.94,34373.28,515773.77
Total Knee Replacement,59,1,2,suite,7,108900.62,255614.79,59234.38,109505.88,41776.03,661053.48
Appendectomy,28,2,3,twin,2,9490.18,37022.52,5661.21,12584.99,5078.17,72651.97
Cataract Surgery,68,1,1,twin,3,23817.51,42403.42,14740.84,19479.28,7939.01,115164.47
Dengue Inpatient Care,39,1,1,twin,6,51983.86,0.0,39904.09,16125.47,17146.02,127760.37
Coronary Angioplasty,36,3,3,general,3,14665.61,62673.27,12184.33,60125.32,10502.71,173401.61
Cholecystectomy,24,1,3,general,5,28555.37,52937.29,20854.93,13432.4,10718.35,127521.74
Cataract Surgery,81,3,1,general,3,11961.83,25314.21,10865.82,21180.62,4658.31,88130.79
Tonsillectomy,47,1,2,twin,2,13077.62,38487.04,7902.89,6965.03,5497.22,75658.73
Hysterectomy,39,1,3,twin,4,25165.24,58423.42,19287.49,16434.35,11499.5,115896.49
Tonsillectomy,46,2,1,general,3,14882.92,34236.82,11286.13,8628.01,6181.28,76072.14
Cholecystectomy,24,2,1,single,4,34731.26,68878.42,18762.23,23712.94,11286.02,172845.95
Total Hip Replacement,41,1,2,single,6,75055.41,222675.43,48040.74,122979.4,37097.94,458532.37
Hysterectomy,23,1,3,suite,4,42320.31,82364.37,19195.77,16224.44,13048.13,160460.18
Typhoid Inpatient Care,50,3,2,general,5,14920.68,0.0,12626.08,14645.7,6438.49,56755.26
Kidney Stone Lithotripsy,73,2,3,general,2,7822.73,29197.67,6155.6,10477.53,3797.67,54973.18
Tonsillectomy,63,2,3,single,3,12954.94,24351.88,7977.5,5779.55,3319.33,45563.2
Total Knee Replacement,40,1,2,general,3,26068.61,176041.61,21880.64,107023.56,27894.94,350505.51
Appendectomy,80,1,2,single,5,49245.29,71134.99,27350.34,20391.31,12539.14,120915.68
Normal Delivery,31,1,2,general,3,18334.16,29569.97,15275.94,7901.37,7744.23,71718.87
Dengue Inpatient Care,65,2,2,single,5,27510.02,0.0,18490.65,12486.08,8945.74,72780.44
Typhoid Inpatient Care,30,3,3,single,6,19348.88,0.0,11860.98,12029.43,5414.28,41676.62
Normal Delivery,75,3,1,single,3,18637.01,27460.36,14197.21,12619.9,5684.25,76084.26
Caesarean Section,43,3,1,general,3,15617.1,47766.93,12430.94,23462.45,10026.38,113252.7
Appendectomy,74,1,2,twin,6,47491.61,60310.86,33991.51,19329.52,12809.2,190079.1
Tonsillectomy,44,1,2,suite,1,9633.88,49952.77,4206.66,7754.06,5399.49,71445.37
Kidney Stone Lithotripsy,69,1,1,single,3,34809.07,76853.97,20134.97,17458.55,9516.67,152509.4
Coronary Artery Bypass Graft (CABG),64,1,3,twin,8,90829.6,231815.75,67307.1,78242.08,42733.46,496277.87
Kidney Stone Lithotripsy,56,1,1,general,2,16340.41,62165.36,10116.02,13702.38,9529.69,106914.23
Total Knee Replacement,41,1,2,twin,5,59113.6,188055.86,43422.68,109290.34,36519.15,475870.17
Kidney Stone Lithotripsy,49,3,1,twin,2,11184.45,38191.45,6600.91,15686.79,4900.13,72507.94
Typhoid Inpatient Care,80,1,1,single,6,49713.25,0.0,37351.92,25030.73,15476.56,135762.73
Coronary Angioplasty,68,2,2,general,5,42059.56,99168.86,36362.52,98094.57,20521.56,305277.99
Total Knee Replacement,49,1,1,general,4,43205.76,187420.12,36010.69,121721.53,36480.14,426940.07
Kidney Stone Lithotripsy,24,3,1,general,1,4831.34,42232.38,3538.59,14930.93,4812.02,66122.06
Tonsillectomy,69,1,1,twin,3,24564.41,49417.07,16275.66,9617.87,8352.71,113694.05
Kidney Stone Lithotripsy,46,1,1,twin,3,29354.17,71716.97,18009.36,14097.95,9558.21,141704.03
Caesarean Section,47,2,2,twin,3,19917.92,52930.78,13280.69,19610.11,9459.86,122618.73
Cataract Surgery,70,3,2,twin,2,6835.56,19902.48,5084.42,14106.94,3071.76,47190.08
Cholecystectomy,42,1,2,twin,3,27889.89,72349.44,18430.57,18344.25,13218.84,157241.67
Tonsillectomy,34,3,2,twin,1,3981.01,23823.29,2511.25,7327.83,2949.59,37625.69
Cholecystectomy,19,1,3,twin,4,27144.26,57706.1,18730.09,13572.36,10735.84,120621.57
Dengue Inpatient Care,37,2,2,twin,3,15461.27,0.0,13088.04,14027.71,9255.7,60300.09
Caesarean Section,54,1,1,twin,4,41802.64,94759.04,30428.12,23680.35,17756.37,239804.69
Typhoid Inpatient Care,33,1,1,suite,3,32573.28,0.0,17711.84,16295.01,10774.05,78284.23
Caesarean Section,32,2,2,general,5,27711.06,52984.58,21854.17,19597.78,10965.41,127795.72
Kidney Stone Lithotripsy,82,2,2,general,4,19632.36,37520.41,16936.03,14631.57,6322.89,105463.61
Typhoid Inpatient Care,34,2,2,twin,4,15982.8,0.0,11758.96,15844.76,7151.38,50416.73
Total Hip Replacement,59,2,3,suite,6,52220.43,136060.8,26517.19,90782.77,18486.92,299670.29
Appendectomy,72,2,2,general,5,24462.58,37724.86,19853.29,18842.76,7575.8,102950.57
Cataract Surgery,71,2,1,general,2,9779.01,34431.22,7805.29,20031.62,5093.19,88809.31
Coronary Artery Bypass Graft (CABG),44,1,2,twin,7,117085.45,307833.79,82178.03,89404.95,57686.33,626573.48
Kidney Stone Lithotripsy,48,1,1,twin,2,19705.51,67383.46,11313.82,15412.71,9765.75,119943.89
Total Knee Replacement,76,1,2,general,6,56350.55,155841.9,56465.69,106358.66,36086.09,402017.1
Total Hip Replacement,40,1,2,single,8,103789.53,215350.01,64693.69,108806.58,41749.36,529859.94
Hernia Repair,80,1,1,general,5,39679.66,55110.51,33357.61,20363.88,12690.06,146433.82
Cholecystectomy,38,2,2,suite,2,18243.61,67359.67,8427.84,18762.48,8781.33,125571.83
Hysterectomy,49,2,2,suite,5,48549.49,77813.11,23288.36,20331.52,12781.65,189284.91
Dengue Inpatient Care,52,3,2,twin,6,22226.74,0.0,18189.24,12277.72,7159.63,62026.96
Kidney Stone Lithotripsy,41,1,1,single,1,10768.17,72848.12,5485.61,14267.95,8733.23,117158.99
Normal Delivery,62,3,1,single,1,6302.32,28255.38,3910.79,10502.51,5044.97,54672.11
Coronary Artery Bypass Graft (CABG),48,2,2,single,4,51835.03,217519.38,32296.26,97897.66,29731.35,378236.06
Typhoid Inpatient Care,62,3,3,twin,4,11365.42,0.0,8321.17,13587.79,5088.05,36464.96
Normal Delivery,82,2,1,single,4,27976.61,27792.6,21938.34,11868.07,6588.15,108248.5
Total Knee Replacement,47,2,1,general,6,47537.46,140890.61,38681.78,135557.51,29400.38,418194.19
Cholecystectomy,55,3,1,single,4,27128.82,58016.3,15771.74,20141.33,9912.35,121788.08
Coronary Angioplasty,36,1,1,general,3,37337.63,170315.19,32127.32,95819.97,29699.33,378020.51
Coronary Artery Bypass Graft (CABG),23,3,1,general,9,85628.65,181711.51,69633.87,124483.66,45323.1,467928.39
Caesarean Section,40,1,2,twin,5,43452.17,72117.13,31763.69,19367.06,16469.5,163808.12
Cataract Surgery,30,1,1,general,1,6160.3,38551.96,4477.52,15953.62,5631.94,74897.62
Typhoid Inpatient Care,74,1,1,single,5,42505.36,0.0,32309.47,18994.36,14063.63,98580.78
Cataract Surgery,73,2,1,general,2,8721.83,28526.47,7556.35,19289.8,4232.01,54609.96
Hysterectomy,24,1,3,single,5,40065.14,74413.51,23090.95,15989.88,13673.74,154886.69
Kidney Stone Lithotripsy,63,1,2,suite,2,23941.68,78634.49,9710.05,12288.97,7723.2,119196.56
Hysterectomy,52,3,1,single,5,37438.18,67806.66,20502.91,23841.46,12479.46,161296.23
Appendectomy,38,2,2,twin,2,11899.56,46796.97,7208.79,15645.48,6226.33,88275.83
Cholecystectomy,40,3,3,twin,4,14167.77,31025.64,9494.63,14324.23,5634.49,65354.62
Normal Delivery,53,1,2,general,3,19011.12,28752.5,16881.09,8455.09,8793.66,86040.93
Coronary Angioplasty,68,2,1,general,4,38418.6,115050.82,38112.52,120508.56,23587.84,335911.21
Hysterectomy,80,2,2,single,5,32275.28,62741.28,24200.85,22968.58,10817.14,133453.77
Typhoid Inpatient Care,46,1,2,twin,7,44478.91,0.0,32550.53,14852.95,13308.2,104224.06
Cholecystectomy,76,2,2,suite,5,43831.73,57731.17,22412.75,20309.36,9355.76,167185.42
Normal Delivery,41,2,2,twin,3,14732.47,22044.58,10930.27,8260.05,6043.42,54526.55
Cataract Surgery,81,2,1,twin,3,17349.96,33069.59,14144.39,18856.69,6069.37,92803.7
Cholecystectomy,76,1,2,suite,4,50600.18,89038.64,25574.61,22700.55,12214.81,187222.86
Caesarean Section,65,3,1,general,4,19083.64,43748.95,17093.21,26414.69,10309.1,116598.18
Cataract Surgery,53,1,2,single,1,6888.31,34062.94,3392.23,12349.76,4340.43,60549.2
Caesarean Section,63,2,2,twin,2,13237.48,55499.14,9884.0,21450.06,10932.73,121345.49
Total Hip Replacement,55,1,2,single,5,66245.26,230373.58,42093.43,109518.42,32519.16,432056.13
Cholecystectomy,29,1,1,twin,2,21316.75,89361.65,13218.29,21556.03,14881.82,167088.43
Caesarean Section,62,1,2,suite,3,38553.39,97324.75,20414.32,19778.1,13705.98,186826.78
Total Hip Replacement,22,1,2,twin,4,48128.06,233331.31,37718.03,127862.23,38401.14,533914.58
Kidney Stone Lithotripsy,42,3,1,general,2,10280.37,40301.75,6469.57,14687.88,4947.42,88400.26
Tonsillectomy,30,2,1,single,1,6326.43,38957.86,3384.7,8535.89,4338.61,67272.95
Tonsillectomy,52,2,2,twin,2,9235.84,26719.65,5946.26,7617.04,4396.08,55083.74
Normal Delivery,55,1,2,general,2,12035.33,28466.75,11325.88,9536.72,7937.9,81428.22
Coronary Artery Bypass Graft (CABG),37,2,1,general,8,96681.98,242206.81,74246.71,128230.04,48980.56,524725.0
Normal Delivery,18,2,1,suite,4,34053.4,31548.97,16991.14,10264.86,6940.14,95922.13
Appendectomy,67,2,2,twin,4,23301.6,50309.39,16026.3,17159.56,8778.56,124273.76
Caesarean Section,48,1,1,suite,2,30800.75,114291.19,15791.37,24075.06,16424.8,233959.04
Normal Delivery,38,1,2,suite,3,28653.02,43351.29,17176.58,8012.99,7734.81,98245.74
Tonsillectomy,52,2,3,suite,2,10178.14,27155.77,4203.08,5943.52,3120.49,53299.62
Typhoid Inpatient Care,61,2,3,twin,7,24020.03,0.0,17334.52,12570.69,7169.6,61510.35
Cholecystectomy,62,1,3,suite,2,19344.27,60624.67,8549.84,13402.77,8396.3,111888.73
Typhoid Inpatient Care,82,1,1,general,7,48589.71,0.0,49682.39,21321.23,15450.97,135206.27
Total Hip Replacement,54,2,3,single,7,53138.98,130513.99,34422.62,85172.77,21256.69,281951.87
Hysterectomy,30,2,1,general,6,42876.83,66313.53,33493.5,27642.45,15356.21,175853.76
Dengue Inpatient Care,51,1,2,general,6,36882.52,0.0,32792.25,14227.26,15542.28,98416.41
Cataract Surgery,27,1,3,suite,2,15179.81,37903.15,6492.54,9558.78,4409.93,77038.18
Tonsillectomy,45,2,1,suite,2,17583.74,44975.11,7950.89,10275.84,5287.04,81938.3
Cataract Surgery,46,1,1,single,1,10008.16,53530.15,5254.52,15548.48,6733.76,89613.88
Appendectomy,31,2,1,twin,3,20208.48,56525.06,12105.54,20153.2,9438.79,141280.94
Caesarean Section,39,1,2,twin,3,25259.47,73652.2,18436.75,18962.31,15212.85,131566.05
Total Hip Replacement,26,2,1,twin,4,40493.95,200898.24,31712.6,156082.78,31925.15,406846.31
Cholecystectomy,34,1,2,single,2,19018.04,74258.92,9825.41,15748.31,11124.79,121495.49
Appendectomy,31,2,1,twin,3,21076.28,54999.51,12031.25,19189.86,8445.9,131453.82
Caesarean Section,30,1,1,general,5,44560.16,81311.03,36543.94,22335.18,19691.6,207907.59
Hysterectomy,69,1,2,single,7,69923.38,92489.48,44579.87,24466.24,18783.62,243992.05
Total Knee Replacement,19,1,3,general,6,44901.7,125862.02,33708.88,84111.66,29009.11,345241.15
Cholecystectomy,63,2,3,general,4,16421.39,36831.75,11810.74,15370.14,7320.87,80920.67
Kidney Stone Lithotripsy,51,1,1,general,3,25133.33,60642.69,15825.4,13494.07,8789.97,142364.4
Coronary Angioplasty,26,1,2,general,3,31419.79,120052.84,27795.77,86407.42,24016.08,269953.68
Cataract Surgery,62,1,3,general,2,7918.39,24028.21,6323.86,10823.54,3710.99,59412.89
Kidney Stone Lithotripsy,75,1,2,general,3,19715.66,48981.19,16135.35,12667.08,7674.67,90493.98
Cataract Surgery,25,3,2,suite,1,4719.95,26202.54,2195.06,12190.51,2569.83,54105.52
Caesarean Section,27,3,2,suite,4,29143.92,52405.95,14323.49,21497.34,8785.4,145295.14
Hysterectomy,51,2,2,twin,4,26403.17,65457.04,17609.66,21513.63,12813.16,152731.99
Hysterectomy,41,1,3,twin,4,25792.12,68134.42,19911.39,14980.76,13100.02,141288.19
Kidney Stone Lithotripsy,48,2,1,twin,2,14087.7,52639.62,7348.73,15377.17,7009.38,103764.76
Tonsillectomy,41,3,2,single,2,8459.79,27236.48,5085.6,8290.82,3530.5,52262.14
Normal Delivery,50,1,2,twin,3,20596.27,35432.71,15260.57,9949.91,8767.32,88838.6
Hysterectomy,77,2,3,single,6,31281.16,47264.91,21314.85,19324.73,9328.79,119717.27
Hernia Repair,79,2,2,general,3,13260.02,36387.33,12068.9,19981.72,5703.59,73696.61
Tonsillectomy,41,1,3,single,2,12807.71,36552.98,6530.5,5802.45,4491.02,57346.75
Total Knee Replacement,31,2,2,general,5,32181.4,126066.28,26152.21,107189.12,22447.57,336245.13
Cataract Surgery,67,1,2,twin,3,18283.56,34827.96,13371.82,14014.49,6503.11,87160.31
Normal Delivery,38,3,3,twin,2,6102.65,14235.52,4650.96,6416.55,3022.14,35088.15
Cholecystectomy,67,1,1,twin,7,74579.63,80069.27,47590.17,24247.87,20385.19,266605.74
Cholecystectomy,53,2,1,general,2,13494.94,64823.5,10053.2,21082.7,9747.23,109098.21
Typhoid Inpatient Care,44,2,2,twin,6,28520.0,0.0,20142.78,15727.15,10211.09,82371.33
Normal Delivery,36,3,2,general,3,10752.39,17575.41,8613.8,9244.17,4738.07,49347.2
Cholecystectomy,52,1,2,twin,4,34232.58,71504.38,20064.34,17095.0,11935.26,157106.63
Dengue Inpatient Care,34,2,1,general,5,27555.01,0.0,22466.76,17347.21,12155.85,81166.67
Typhoid Inpatient Care,29,1,1,twin,6,46621.87,0.0,33917.28,20367.63,14520.69,102953.99
Cataract Surgery,60,2,2,single,2,10253.34,25977.45,5031.93,12722.55,4254.96,48113.52
Cataract Surgery,43,3,2,twin,1,3298.68,18475.93,2081.28,13981.85,2530.17,40697.05
Normal Delivery,25,1,3,single,2,13148.16,27924.82,8820.3,7017.47,6054.6,67715.46
Total Knee Replacement,79,3,2,general,6,31038.17,101232.47,35421.11,118625.11,21436.41,291109.0
Hernia Repair,55,2,2,general,2,9432.54,35387.52,6602.32,15410.27,6230.22,64588.43
Dengue Inpatient Care,60,1,1,single,5,45408.48,0.0,30894.66,15518.52,16622.34,113944.15
Hernia Repair,55,2,3,general,3,9869.31,25549.51,7155.4,11418.13,4755.32,55065.9
Dengue Inpatient Care,23,2,1,twin,6,37150.67,0.0,28191.68,16657.69,13649.27,89117.49
Total Knee Replacement,33,3,1,general,6,38222.43,110622.71,29677.5,136166.56,20876.56,323780.62
Cholecystectomy,26,1,3,twin,3,20545.13,53145.88,13064.98,13511.97,8484.12,108888.24
Hernia Repair,65,2,3,twin,2,8309.4,27499.15,4986.56,12388.4,4270.93,57530.89
Dengue Inpatient Care,21,1,2,general,4,24616.93,0.0,22611.64,15167.63,13335.85,72556.31
Total Knee Replacement,59,2,1,general,4,32944.14,141177.83,26137.06,122727.15,23680.52,332169.4
Total Knee Replacement,50,2,1,twin,5,43203.88,155905.29,30291.83,120207.45,23884.19,398194.46
Caesarean Section,39,1,2,suite,4,50185.28,90427.2,25050.63,18744.44,13124.8,195617.89
Total Hip Replacement,46,1,3,suite,4,49985.54,195760.5,26922.38,98220.9,25380.93,384762.0
Coronary Artery Bypass Graft (CABG),60,3,2,suite,5,67924.94,243722.37,33458.43,97539.51,32914.57,407346.9
Kidney Stone Lithotripsy,34,2,2,suite,1,7892.97,51276.22,3365.08,12020.06,4596.15,76156.33
Tonsillectomy,18,3,2,general,1,3376.04,22329.19,2204.63,7939.44,2766.56,39442.14
Appendectomy,22,2,2,suite,3,23471.04,51525.27,9707.78,16786.95,6277.92,105689.34
Coronary Artery Bypass Graft (CABG),53,3,2,single,9,99528.54,198136.4,63392.03,97000.17,41921.09,450753.81
Coronary Artery Bypass Graft (CABG),23,3,2,general,9,68270.18,168082.11,61110.9,86828.99,35029.78,393093.82
Normal Delivery,57,1,2,suite,2,20581.85,43912.58,10265.42,8495.49,7312.84,96277.43
Dengue Inpatient Care,45,2,1,single,3,23806.32,0.0,16384.89,15354.79,11592.64,60056.72
Appendectomy,82,1,1,general,5,41865.82,72461.48,34117.91,21591.75,14624.66,163950.43
Hysterectomy,82,1,1,general,8,77304.97,94924.0,73202.57,32162.35,25166.17,264184.35
Typhoid Inpatient Care,37,1,1,general,5,32065.65,0.0,28827.41,17341.64,13577.41,98218.44
Tonsillectomy,78,2,2,twin,3,15555.8,31859.61,13062.54,9652.18,5237.31,57709.18
Total Hip Replacement,64,1,3,twin,4,37316.32,169296.69,27834.92,90877.79,23786.86,326347.51
Caesarean Section,50,3,2,suite,3,21165.3,50565.0,11054.71,17621.17,8100.97,99276.61
Coronary Angioplasty,44,1,3,single,2,23438.16,124099.91,14301.01,60103.23,17875.84,219004.81
Total Hip Replacement,72,3,2,twin,7,44461.55,122353.23,36048.1,140735.42,23048.51,318940.09
Coronary Artery Bypass Graft (CABG),56,3,2,suite,10,132439.81,197385.34,67912.91,97652.76,41537.54,483007.64
Typhoid Inpatient Care,47,1,2,single,5,39049.18,0.0,26959.98,15453.71,13041.74,91649.28
Total Hip Replacement,61,2,3,twin,6,38810.43,116864.03,30233.21,98926.29,22184.85,305603.39
Cataract Surgery,18,2,2,twin,1,4657.23,25753.07,2634.74,14250.93,3472.51,47756.19
Cholecystectomy,82,3,1,twin,4,25051.87,47944.21,20065.16,27025.28,9875.98,145594.17
Total Knee Replacement,78,1,3,general,7,49901.31,132995.61,54644.21,85400.23,28370.88,428527.56
Coronary Artery Bypass Graft (CABG),20,3,1,twin,8,89591.32,224605.21,70463.24,122918.04,46732.49,611814.44
Total Hip Replacement,43,2,1,twin,8,86061.05,185585.39,63296.55,145926.56,41437.09,531684.74
Total Knee Replacement,56,3,3,twin,5,23316.45,79837.78,17302.57,87131.05,14273.03,216246.97
Coronary Artery Bypass Graft (CABG),31,1,1,suite,10,269470.78,396085.39,130669.06,120857.35,73245.74,1014680.77
Appendectomy,54,1,1,general,2,16236.73,66536.97,11441.99,21901.93,11956.0,119469.47
Cataract Surgery,18,2,3,single,1,4140.53,24506.44,2111.4,11147.31,2934.02,43868.66
Appendectomy,64,2,1,single,3,24342.46,61921.66,13035.82,18332.71,8283.25,137467.0
Appendectomy,73,1,1,twin,5,53105.21,88695.1,36254.78,22304.99,16589.03,227526.42
Dengue Inpatient Care,20,2,2,single,4,23639.45,0.0,15611.36,13940.0,9450.9,54066.38
Typhoid Inpatient Care,32,2,2,suite,5,32813.12,0.0,18083.3,16232.2,9104.27,78682.21
Total Knee Replacement,80,2,2,single,10,89990.83,142735.47,66482.31,137698.96,32280.27,474967.78
Tonsillectomy,46,1,2,general,3,17509.56,38558.17,11877.49,8172.11,6738.46,93615.9
Caesarean Section,24,2,3,single,3,15917.0,42073.03,10088.01,16110.59,7187.41,82584.68
Coronary Angioplasty,29,2,3,suite,4,37775.04,83667.35,20035.9,63472.26,13341.39,232274.35
Cholecystectomy,33,3,3,single,3,13134.35,32841.04,7232.35,13388.96,4953.06,69503.53
Coronary Angioplasty,55,3,1,suite,3,37704.52,128934.52,20419.17,104586.46,15677.8,297284.01
Typhoid Inpatient Care,43,3,2,general,6,18193.11,0.0,14997.06,16638.26,6522.64,60226.18
Coronary Angioplasty,48,2,1,twin,4,46529.2,127801.23,36531.67,104321.55,24937.79,372045.67
Typhoid Inpatient Care,49,2,1,twin,5,25116.63,0.0,18963.84,20275.49,10381.04,55853.47
Typhoid Inpatient Care,77,1,3,general,5,20005.82,0.0,21817.27,14826.07,8142.89,53818.32
Cataract Surgery,52,1,2,suite,1,8652.31,44579.7,3620.9,13619.98,4585.89,82511.75
Appendectomy,61,2,2,general,2,10364.25,41223.56,6513.32,16292.16,6765.65,86316.91
Dengue Inpatient Care,50,2,2,twin,3,15672.77,0.0,12434.6,14005.05,9485.49,56497.91
Hysterectomy,61,2,3,general,4,17134.57,40161.45,12786.0,15785.92,8833.16,92897.35
Typhoid Inpatient Care,78,3,1,twin,6,24928.33,0.0,24048.41,23586.79,8739.25,86673.22
Cataract Surgery,65,1,2,twin,2,12358.12,40344.84,8272.51,13544.72,5126.32,78802.65
Total Hip Replacement,39,1,1,single,5,82574.1,275503.98,46471.58,134532.94,38058.68,520916.36
Cholecystectomy,66,1,2,general,5,39664.77,70301.65,32853.65,17105.4,13759.02,194090.69
Normal Delivery,30,1,1,single,3,31272.03,45301.35,22579.2,11820.44,9584.45,132671.4
Dengue Inpatient Care,43,2,1,general,4,21403.26,0.0,19498.08,17287.63,10404.6,81478.02
Coronary Artery Bypass Graft (CABG),37,1,2,twin,8,121037.51,294725.17,88585.1,85763.93,63374.19,566156.54
Coronary Angioplasty,50,3,3,general,4,20017.54,60173.61,15795.54,65609.5,11481.36,174486.02
Coronary Artery Bypass Graft (CABG),79,1,2,general,8,101269.88,272734.87,105796.74,105535.84,57688.12,595407.23
Coronary Angioplasty,36,3,1,twin,2,16920.01,97986.86,13592.97,89199.44,15408.78,248208.28
Cholecystectomy,26,2,2,suite,2,17985.91,66543.9,7849.84,16990.93,9223.48,105480.18
Tonsillectomy,82,3,3,twin,4,11682.49,18980.33,9312.15,6751.79,3326.69,27224.43
Appendectomy,18,1,2,single,4,37906.91,69044.26,20314.45,18470.78,11567.41,171033.82
Total Hip Replacement,21,2,3,single,5,37621.2,129227.29,23224.37,83179.62,20033.01,279272.41
Caesarean Section,31,3,2,twin,4,18751.85,40444.93,13330.57,17426.26,7414.51,95022.56
Hernia Repair,18,2,3,twin,1,3916.59,26617.19,2306.83,11620.2,4217.36,42702.82
Normal Delivery,27,2,3,single,2,9600.88,22113.26,6413.91,6818.31,3926.42,46694.32
Kidney Stone Lithotripsy,39,2,1,general,2,12518.15,49374.78,8469.79,14463.97,6235.85,99714.02
Total Knee Replacement,30,2,1,general,6,47949.56,140349.72,42038.78,137968.73,28977.92,392844.24
Cataract Surgery,70,2,2,single,3,16520.97,29012.12,8790.83,14958.42,4455.44,63377.23
Kidney Stone Lithotripsy,35,1,1,twin,3,32031.0,72346.4,18569.41,14069.67,9647.49,134336.37
Hernia Repair,31,2,2,suite,2,15815.68,47367.93,6402.2,14935.56,6099.64,69738.68
Normal Delivery,59,1,2,single,3,25549.87,38408.49,16290.38,9519.39,8048.6,93929.48
Coronary Artery Bypass Graft (CABG),53,3,3,twin,6,46447.73,137565.38,34302.83,81278.22,24064.81,298114.4
Cholecystectomy,43,1,1,twin,4,41934.11,78187.13,27054.89,23147.1,17017.28,175484.05
Kidney Stone Lithotripsy,21,1,1,twin,2,19479.47,71272.88,11425.02,15876.28,9379.86,147654.75
Dengue Inpatient Care,32,1,2,general,7,42982.7,0.0,39150.24,14014.51,14951.69,108058.71
Cataract Surgery,26,2,2,general,2,8002.9,26249.68,5630.01,13122.09,4315.08,51547.88
Tonsillectomy,76,2,1,twin,4,21667.55,34838.59,17452.76,10763.89,6357.22,103339.63
Normal Delivery,74,2,1,suite,5,44745.31,36357.33,26495.03,12855.74,8942.01,121751.34
Caesarean Section,38,1,1,twin,4,40549.0,91758.87,31083.82,23992.55,16831.93,205671.05
Cataract Surgery,82,2,2,twin,2,9293.9,28638.2,7754.86,15576.36,3756.62,57606.91
Typhoid Inpatient Care,55,1,2,general,6,32931.57,0.0,28094.08,16031.06,12594.66,93533.85
Hernia Repair,49,3,3,twin,3,9940.81,21162.86,5612.59,11954.43,3944.62,50252.55
Cholecystectomy,74,3,1,twin,6,37364.15,46531.12,26362.76,27166.23,11093.18,106024.21
Appendectomy,30,1,3,suite,4,35039.11,53281.21,14278.91,12735.91,7242.09,121670.81
Dengue Inpatient Care,60,3,1,single,5,29819.57,0.0,17546.24,15499.7,9832.98,80753.28
Tonsillectomy,43,3,3,twin,2,5747.03,16755.31,3561.97,6603.13,2785.74,39012.25
Typhoid Inpatient Care,69,2,3,single,6,25334.7,0.0,17254.61,12769.36,6663.63,60832.72
Normal Delivery,72,2,2,single,4,22682.47,27395.18,17700.27,9734.77,5717.56,79424.11
Dengue Inpatient Care,70,1,1,general,9,67118.3,0.0,69940.59,16754.5,21333.24,202870.93
Coronary Angioplasty,47,2,3,general,2,11560.14,67836.6,10528.53,63767.88,12974.11,181542.19
Hernia Repair,24,2,2,suite,3,23439.22,47158.6,9512.81,14827.51,6207.09,85437.53
Coronary Artery Bypass Graft (CABG),45,2,2,suite,8,138987.04,285295.58,68560.17,103532.42,42345.64,665167.58
Tonsillectomy,75,2,3,single,3,14041.74,26154.42,9371.44,7633.88,3699.1,58091.92
Caesarean Section,63,1,1,single,4,54498.07,103771.94,31322.26,26101.21,19749.36,234498.78
Coronary Artery Bypass Graft (CABG),21,2,3,general,8,63559.73,152462.69,49544.57,69533.94,32305.29,365884.66
Appendectomy,74,1,2,twin,4,31497.18,66938.33,22305.12,18753.78,11673.49,150176.86
Cataract Surgery,18,2,3,single,1,3904.11,22100.22,2069.16,10315.52,2604.46,42520.09
Dengue Inpatient Care,71,1,1,single,5,51892.84,0.0,37968.93,18433.07,16141.24,112301.1
Hernia Repair,42,3,3,general,2,5665.51,21675.61,3888.45,11260.32,3715.06,52493.84
Total Knee Replacement,40,2,3,general,6,31977.73,96792.38,27697.42,77523.31,21305.83,236047.55
Typhoid Inpatient Care,20,2,2,suite,5,31056.94,0.0,15618.7,16145.64,7919.01,75683.72
Total Hip Replacement,27,2,1,general,8,72296.8,168633.04,55533.27,160528.42,37877.93,495731.63
Kidney Stone Lithotripsy,81,2,1,suite,3,31992.27,65867.72,16307.55,18077.11,6940.04,134168.45
Cataract Surgery,79,1,1,general,3,18820.36,38508.53,17768.83,17965.51,7630.47,98689.13
Caesarean Section,75,2,3,single,5,27687.41,44587.18,19329.91,17416.56,9310.3,110957.46
Coronary Artery Bypass Graft (CABG),68,3,3,general,9,52406.23,128244.06,50366.07,72923.36,27478.41,352021.07
Total Knee Replacement,62,1,1,general,4,45106.89,205572.96,40633.3,129996.14,38366.25,443526.08
Coronary Artery Bypass Graft (CABG),74,1,1,twin,12,249990.26,395459.69,213409.51,127710.93,102490.7,1049333.99
Cataract Surgery,66,1,2,general,3,16413.13,33736.75,11908.12,13804.98,6309.81,75705.49
Coronary Artery Bypass Graft (CABG),79,2,2,general,11,108176.15,195624.19,113622.52,122071.03,49518.84,757386.74
Total Hip Replacement,20,2,2,general,6,46384.52,148407.93,38066.69,113465.06,27880.08,346985.8
Typhoid Inpatient Care,79,1,2,twin,6,40215.69,0.0,38643.91,19617.48,13611.79,114647.9
Total Hip Replacement,46,1,1,general,5,61153.31,234295.06,51328.56,139966.68,44647.16,555710.68
Total Knee Replacement,66,2,3,twin,6,33408.52,102593.69,27770.53,83437.71,16373.23,221775.15
Hysterectomy,24,2,1,general,3,20699.08,66858.33,17198.05,25172.31,14415.48,176831.85
Cataract Surgery,49,1,1,twin,1,8033.07,49027.84,4836.2,18321.17,6369.34,81827.32
Normal Delivery,48,2,3,twin,3,12487.98,19814.38,9784.01,6892.61,4263.86,52408.91
Coronary Angioplasty,55,1,2,single,4,57897.31,142226.7,38492.37,85017.49,27479.05,365249.76
Coronary Angioplasty,78,2,2,single,4,43227.88,108353.24,36456.08,96575.94,17883.9,331362.99
Tonsillectomy,60,1,2,general,1,6179.91,36753.92,4298.87,7532.92,5483.18,64069.66
Typhoid Inpatient Care,30,2,2,twin,5,23418.91,0.0,16423.07,16707.82,9245.07,62513.29
Cholecystectomy,35,1,2,twin,5,42429.9,69394.38,25604.61,17928.18,14694.61,180634.59
Cataract Surgery,70,2,2,twin,3,13078.49,25920.52,8713.61,15477.65,4360.04,71311.38
Total Knee Replacement,31,3,1,general,6,36870.43,125716.07,31470.24,131682.07,24719.04,342452.26
Tonsillectomy,23,3,2,general,1,3478.09,21096.93,2550.61,7879.21,3214.46,37773.06
Normal Delivery,30,1,2,general,3,16990.85,27805.8,15531.58,8923.54,7155.63,67245.41
Dengue Inpatient Care,48,2,1,single,4,29679.36,0.0,18332.4,15410.26,11445.65,71811.42
Appendectomy,36,3,2,single,3,15975.11,39923.64,7490.04,17639.89,5720.31,72954.43
Hernia Repair,61,2,2,twin,2,10587.36,38103.74,6941.98,15053.12,6298.13,84842.3
Dengue Inpatient Care,71,1,2,twin,6,42432.52,0.0,37544.41,13431.85,13665.76,103947.28
Hysterectomy,60,2,1,twin,4,32225.28,78350.9,23288.43,28179.29,13443.17,168627.55
Kidney Stone Lithotripsy,27,2,2,general,3,15482.86,37421.6,11014.94,13250.68,5577.5,76027.39
Typhoid Inpatient Care,29,3,3,single,6,18686.14,0.0,12817.62,11398.74,5981.37,49401.7
Cataract Surgery,80,1,2,twin,2,11719.85,36043.68,9261.24,14470.27,4998.62,73660.64
Tonsillectomy,22,3,3,general,1,2332.53,15267.38,1761.96,5533.66,2409.19,27179.58
Hysterectomy,33,3,2,twin,5,23719.98,45181.16,16814.91,21224.42,8488.13,102718.15
Kidney Stone Lithotripsy,66,2,2,general,3,14876.25,37779.52,10336.57,12829.54,5206.91,84137.82
Hysterectomy,80,1,1,general,3,27644.17,102851.19,26911.71,31551.08,17854.33,201480.16
Coronary Artery Bypass Graft (CABG),75,3,2,general,10,74666.81,155374.16,76338.82,112130.81,37205.99,383412.85
Total Hip Replacement,82,2,2,single,6,56469.58,150960.44,43265.79,132123.94,27538.15,540402.92
Coronary Angioplasty,37,3,2,general,2,11752.22,75050.73,10122.62,87028.55,13113.27,195052.44
Kidney Stone Lithotripsy,29,1,1,twin,2,20595.29,79582.22,11188.71,14023.89,10277.32,134528.07
Coronary Angioplasty,70,2,3,twin,5,32073.73,71981.64,27334.0,65452.21,13431.03,177981.84
Hysterectomy,67,3,1,single,6,44637.07,62527.03,27324.45,30322.22,12423.91,153935.83
Cholecystectomy,34,2,2,twin,3,16934.56,46272.31,10812.59,17124.4,8944.86,93412.5
Total Hip Replacement,25,3,2,twin,9,59331.52,126192.22,42308.68,121819.83,24912.58,390104.64
Typhoid Inpatient Care,78,2,3,general,6,20100.16,0.0,20892.42,14514.74,8047.79,59443.73
Total Hip Replacement,80,1,1,single,3,43495.7,238832.84,37360.86,166405.84,30953.47,576109.7
Caesarean Section,64,1,3,single,4,34984.94,66817.57,19911.92,14847.03,12376.45,167932.28
Normal Delivery,53,3,3,twin,1,2862.76,12883.15,2143.37,7024.48,2930.12,29286.91
Tonsillectomy,56,1,2,general,2,11218.3,40011.28,8878.78,8479.5,5844.34,67672.3
Appendectomy,43,3,1,suite,4,33191.81,53461.98,12757.14,17959.77,8122.8,128797.65
Hernia Repair,69,1,1,general,5,39635.42,56328.29,32512.98,19882.26,11648.45,192165.58
Kidney Stone Lithotripsy,33,3,2,single,1,5498.06,37355.92,2818.6,11898.4,3837.13,61074.64
Kidney Stone Lithotripsy,27,1,1,general,3,23733.32,67983.03,15030.07,15226.84,9198.02,128172.35
Cholecystectomy,42,2,3,single,2,10851.84,45041.86,5782.44,12433.67,6507.74,78344.75
Total Hip Replacement,48,1,1,single,6,101415.12,304283.09,62004.54,143873.25,48322.0,749435.85
Caesarean Section,67,3,1,twin,6,33659.17,47731.12,28018.21,25268.6,10309.37,144658.01
Normal Delivery,36,2,1,single,1,7368.38,34752.41,4830.17,11086.8,6221.56,62392.09
Typhoid Inpatient Care,52,3,2,single,5,22207.98,0.0,14621.21,14392.3,7428.19,64070.17
Cholecystectomy,26,3,3,general,3,9843.62,31649.69,6956.78,14050.39,5481.52,62442.87
Dengue Inpatient Care,52,1,3,general,5,25689.15,0.0,23520.92,9681.92,11606.41,66770.08
Coronary Artery Bypass Graft (CABG),23,1,2,general,12,161413.35,265891.29,139070.7,84767.14,78321.08,791512.37
Kidney Stone Lithotripsy,32,1,1,twin,1,9725.44,73849.12,5157.31,15129.91,8100.61,94863.69
Coronary Angioplasty,18,2,2,general,3,25405.04,100491.76,19693.05,92230.97,18588.96,266679.23
Appendectomy,25,2,1,suite,3,30715.84,69476.46,13327.71,21953.68,8234.91,125588.99
Cataract Surgery,63,1,1,twin,1,7588.22,41392.64,4618.72,17477.9,6211.02,68132.88
Cataract Surgery,34,2,2,general,1,3796.33,24745.75,2662.35,13479.21,3529.24,52424.99
Caesarean Section,29,3,2,single,6,35713.69,49632.78,20992.97,19014.56,9490.75,133564.05
Appendectomy,25,1,2,suite,5,53794.41,70373.31,21351.13,15310.63,11788.03,167269.94
Caesarean Section,34,1,3,twin,6,42037.45,57824.26,30646.76,16290.9,13723.67,158047.06
Cataract Surgery,48,1,2,single,1,7616.96,41621.64,4120.34,14328.65,5007.98,74303.25
Tonsillectomy,76,2,3,general,4,13241.1,21771.47,13048.71,7027.56,4092.24,62464.71
Caesarean Section,81,1,1,twin,6,67162.05,92992.59,58688.75,25811.86,22557.56,253833.38
Hysterectomy,28,1,1,single,6,74037.5,119720.58,48017.24,28108.82,22563.38,281032.3
Kidney Stone Lithotripsy,30,2,1,single,3,24000.89,54730.35,11702.37,13174.21,6616.82,120181.08
Coronary Angioplasty,79,1,2,single,4,56808.17,142319.75,42541.86,108141.0,26400.43,412805.69
Kidney Stone Lithotripsy,21,1,2,single,2,17937.59,63768.87,8545.9,11171.89,7537.34,100642.53
Cholecystectomy,22,2,3,single,3,15948.1,41738.47,8289.66,12833.51,6145.52,84889.52
Coronary Angioplasty,42,1,1,twin,4,59241.46,172723.48,44532.39,107888.01,34308.75,438339.02
Coronary Angioplasty,28,2,3,single,5,40380.43,91430.06,28029.57,67077.83,15754.62,223851.47
Total Hip Replacement,82,1,2,general,6,57939.13,203345.01,67841.24,129143.3,34416.61,451138.42
Appendectomy,79,1,2,single,5,45782.66,68551.44,27757.46,19060.74,11774.15,126006.5
Cataract Surgery,18,1,2,general,2,10957.97,38012.59,8438.63,13480.4,5445.7,80774.04
Hernia Repair,66,2,3,single,5,26701.63,34401.42,14289.04,12254.44,5843.41,82275.94
Coronary Angioplasty,40,2,2,general,5,40630.15,88897.65,32251.34,89828.99,19903.06,261000.45
Typhoid Inpatient Care,55,3,1,general,7,25605.56,0.0,20862.26,18117.94,8534.68,73100.83
Typhoid Inpatient Care,67,2,2,twin,6,25059.18,0.0,19671.14,15416.92,8163.76,79284.46
Cataract Surgery,43,1,2,single,1,8000.91,43640.67,4320.31,14946.65,5293.58,89138.36
Coronary Artery Bypass Graft (CABG),69,2,1,single,7,121763.28,290503.55,78183.61,136760.34,54837.27,630537.6
Typhoid Inpatient Care,65,2,2,suite,6,36491.77,0.0,19062.67,14251.57,8125.23,84458.82
Kidney Stone Lithotripsy,78,1,2,twin,4,33627.92,61170.53,24958.76,13805.55,8294.72,130521.89
Total Knee Replacement,58,1,1,single,5,68711.02,240809.56,44375.46,132058.95,34142.3,469918.55
Dengue Inpatient Care,19,1,2,single,3,25493.1,0.0,15969.23,11550.15,13270.1,59222.21
Cataract Surgery,49,3,3,twin,1,2834.46,15239.89,1667.18,9927.84,2433.97,23891.68
Cataract Surgery,52,2,2,twin,1,4799.9,27853.01,2974.33,14070.85,3649.97,48205.45
Typhoid Inpatient Care,46,2,3,general,6,18803.37,0.0,15019.76,11736.66,6871.16,54674.04
Caesarean Section,23,1,2,twin,5,42758.56,68310.38,29026.48,19728.67,14051.26,180985.35
Normal Delivery,56,3,2,general,2,7093.79,17495.1,5728.7,8908.05,4162.13,41748.74
Cataract Surgery,30,3,2,single,1,4181.26,22772.35,2225.68,12578.85,2706.66,42328.48
Total Hip Replacement,58,2,2,single,7,72195.29,184621.76,44480.71,108705.98,32924.85,420543.37
Appendectomy,51,1,2,general,2,14552.66,60611.49,9787.21,17167.66,8859.7,110136.55
Cataract Surgery,68,2,1,single,3,19894.05,37387.17,10736.75,18942.04,4968.13,101236.66
Hernia Repair,60,2,1,single,3,24192.52,52685.74,13158.96,18495.22,7895.6,132139.2
Tonsillectomy,34,2,1,single,2,14371.49,42193.63,7279.6,8963.32,5037.68,76343.0
Cholecystectomy,66,1,1,general,4,35596.54,75438.24,27848.69,23396.69,16981.43,200627.04
Cataract Surgery,23,1,3,single,1,5959.91,29075.05,3144.13,11237.02,3840.34,54001.28
Cataract Surgery,36,2,3,twin,2,7387.59,19660.02,4541.31,11369.45,3394.51,46223.57
Coronary Artery Bypass Graft (CABG),43,1,2,general,9,121069.04,258013.13,108788.68,96657.41,68279.1,678894.72
Coronary Artery Bypass Graft (CABG),36,2,2,suite,7,116885.62,274807.1,62000.04,100142.5,39752.27,572373.04
Dengue Inpatient Care,39,2,2,suite,5,35913.45,0.0,21170.59,13591.81,10767.05,88481.75
Tonsillectomy,72,3,2,single,4,18281.8,24024.36,11616.67,8220.11,4215.68,60241.05
Hernia Repair,62,3,2,single,3,14677.0,31834.94,7813.01,17066.68,4847.2,70997.43
Normal Delivery,49,2,2,single,2,12155.55,26725.93,7792.35,8749.21,4931.21,59453.78
Cataract Surgery,69,1,2,single,3,21982.89,42052.36,13155.17,14249.62,6000.35,90413.48
Hysterectomy,41,1,2,general,3,22568.22,83907.63,19193.17,21419.5,13495.15,163245.74
Cholecystectomy,21,1,2,single,4,41802.65,71840.22,22281.27,16384.14,12721.28,163832.63
Caesarean Section,54,2,1,twin,5,36248.43,58575.66,23749.33,21230.64,14099.04,169620.03
Total Knee Replacement,31,1,1,twin,6,79924.45,208416.35,54473.35,138986.36,45585.95,530434.42
Hernia Repair,73,3,3,suite,4,19581.12,27180.73,9477.76,13704.23,4664.17,72000.5
Normal Delivery,64,1,2,twin,3,20342.85,32150.89,17525.04,9016.63,8408.9,74565.21
Total Knee Replacement,78,2,2,twin,8,60791.03,130943.58,54052.5,126175.99,26047.77,439375.29
Appendectomy,26,2,2,general,3,14476.71,43035.14,9755.24,17511.78,6995.46,92862.36
Hernia Repair,67,2,2,single,3,20814.09,43022.61,11751.13,17303.19,6848.47,82020.0
Typhoid Inpatient Care,77,2,3,twin,6,20726.23,0.0,19503.97,12583.34,7389.64,64237.64
Normal Delivery,24,2,2,twin,2,10832.3,25514.93,8209.07,8352.65,5266.51,64772.7
Cholecystectomy,69,1,2,twin,6,55664.74,75907.06,37644.92,18987.36,16737.31,210701.31
Kidney Stone Lithotripsy,36,3,1,general,2,9789.57,42049.69,6519.98,14188.17,5290.12,76919.21
Cataract Surgery,24,2,1,single,1,6602.4,33556.8,3288.03,16419.91,4546.61,75857.64
Cholecystectomy,54,1,3,general,3,16388.06,49733.48,11864.58,12437.75,9596.75,111180.38
Typhoid Inpatient Care,69,3,2,suite,6,28820.49,0.0,16634.99,15743.54,7061.01,74553.11
Hysterectomy,35,2,2,general,3,16116.35,49899.67,12775.58,19714.28,10912.12,111406.68
Hernia Repair,74,1,3,general,5,23583.53,37851.58,20108.47,12697.66,7115.88,110957.29
Appendectomy,22,1,2,general,4,26031.89,55333.19,15835.06,14311.41,9590.73,119585.09
Coronary Angioplasty,22,2,2,single,5,53053.34,105396.36,30708.08,88142.66,18393.99,286006.26
Normal Delivery,58,2,1,single,2,13754.92,29202.75,8490.26,11382.19,6672.04,70286.2
Total Hip Replacement,27,1,3,general,7,51239.53,156537.29,46805.41,82793.63,27220.86,402519.28
Total Knee Replacement,56,2,2,general,6,38185.54,112561.28,32531.71,104933.57,24832.03,339114.91
Hernia Repair,27,2,2,twin,2,10408.29,37058.21,6133.13,14722.62,6363.08,72628.03
Tonsillectomy,36,1,1,twin,1,7948.83,46159.96,5029.49,9961.68,6413.3,81648.59
Total Hip Replacement,67,2,2,single,8,77694.75,156003.66,52346.27,116429.49,32656.7,465869.56
Coronary Angioplasty,82,1,1,suite,5,112749.54,232685.06,77956.7,121919.92,35299.13,533443.45
Tonsillectomy,68,1,1,general,4,27325.19,43355.11,22779.13,9360.74,7536.33,124541.37
Total Hip Replacement,67,1,2,single,9,116769.34,232605.62,72769.33,121971.35,45799.98,593288.33
Total Hip Replacement,66,1,3,twin,10,100907.63,167499.87,78032.71,102136.68,41329.92,497415.36
Caesarean Section,46,3,1,general,4,22140.67,54117.77,19033.29,23379.43,10324.06,131895.11
Cholecystectomy,30,2,1,twin,4,28282.79,62050.53,19913.63,21978.22,10654.69,141400.02
Coronary Artery Bypass Graft (CABG),31,3,3,general,9,48715.76,107478.28,45617.76,66600.35,23786.43,302270.88
Typhoid Inpatient Care,60,2,1,twin,6,32454.79,0.0,22906.58,17471.07,10326.16,91310.47
Cataract Surgery,63,3,3,suite,2,7752.63,19547.03,3423.83,9971.11,2176.9,41344.0
Hernia Repair,20,2,2,single,3,19136.11,41083.68,9054.1,14561.79,6596.84,82702.56
Caesarean Section,40,3,3,general,5,16847.4,28639.4,13745.7,14064.57,7536.28,68786.37
Caesarean Section,42,3,3,twin,4,17111.95,33048.9,11832.27,15676.99,7076.26,81871.81
Cholecystectomy,76,2,2,suite,4,37531.93,65902.1,19676.0,18344.01,8921.09,136832.08
Caesarean Section,21,2,1,twin,5,36251.75,65129.43,25751.44,24493.24,12530.44,162830.57
Hernia Repair,80,2,1,single,4,30556.11,51497.53,19724.37,21434.1,7726.82,124820.49
Caesarean Section,52,2,3,single,4,20740.51,40058.47,12413.34,13864.11,7233.45,79443.23
Hysterectomy,54,1,1,single,4,48652.61,112520.67,27666.28,27688.75,18643.82,247718.63
Hysterectomy,53,2,1,general,5,30711.32,69797.9,23935.47,23712.51,15148.89,198244.64
Dengue Inpatient Care,19,1,2,single,3,23229.48,0.0,14512.75,13527.5,11064.48,62169.57
Tonsillectomy,35,2,1,general,1,5116.34,35301.45,3961.07,9006.54,4881.64,53238.14
Coronary Artery Bypass Graft (CABG),42,2,2,twin,9,99427.82,211782.85,69663.98,96376.27,43538.76,485517.7
Coronary Artery Bypass Graft (CABG),69,1,3,twin,8,102986.6,223822.89,79575.05,81801.17,44163.48,502323.67
Tonsillectomy,46,3,3,general,2,5205.46,16950.05,3664.07,5568.63,2565.36,34410.57
Dengue Inpatient Care,61,1,1,twin,3,25421.47,0.0,18813.39,16976.74,13501.39,67983.1
Kidney Stone Lithotripsy,26,2,2,general,1,5055.24,39298.07,3340.86,12668.82,4547.73,63100.19
Hernia Repair,20,3,2,twin,3,13079.96,27733.84,7764.42,16131.4,5354.05,83334.76
Total Knee Replacement,62,2,2,twin,4,28860.91,124488.77,20564.11,107019.17,18721.03,295993.13
Dengue Inpatient Care,24,3,2,general,6,23215.79,0.0,20736.57,12227.32,8702.57,61055.68
Tonsillectomy,82,1,2,general,4,22530.46,38153.84,23041.78,9358.17,6586.09,105928.05
Kidney Stone Lithotripsy,67,2,1,general,4,24995.14,48211.57,17867.91,16583.57,6818.91,126046.96
Hysterectomy,32,2,1,twin,3,23622.54,83692.1,17452.07,29671.23,12801.3,175092.56
Total Knee Replacement,54,2,1,single,5,54261.3,157283.68,33915.03,129150.1,25458.7,354122.7
Normal Delivery,24,2,1,single,1,7224.33,30064.51,4496.41,9917.27,5619.77,57332.52
Total Knee Replacement,40,3,2,twin,9,50939.35,104249.48,36239.21,108805.94,21722.62,334539.43
Kidney Stone Lithotripsy,61,1,2,twin,1,7842.12,52363.89,4795.05,13070.03,6158.35,79491.75
Dengue Inpatient Care,31,1,2,single,4,31414.3,0.0,19937.92,13422.91,13084.41,69757.29
Total Hip Replacement,43,2,3,twin,5,33295.45,109256.22,22128.65,98459.95,18295.3,302111.35
Total Knee Replacement,64,1,3,suite,6,69095.99,183086.22,39399.73,96392.92,29387.59,374908.5
Coronary Artery Bypass Graft (CABG),28,1,2,suite,10,223056.3,339573.87,106777.46,94198.23,72874.85,845576.02
Dengue Inpatient Care,49,2,2,general,4,16714.75,0.0,14156.45,12220.95,9095.32,51466.76
Cholecystectomy,55,2,1,single,3,25965.04,69005.64,13561.93,19885.51,9789.36,134708.94
Tonsillectomy,64,1,2,general,3,18023.66,40542.96,13453.82,8269.99,6684.79,95510.7
Appendectomy,55,1,3,single,3,20479.22,52704.29,10530.88,11568.76,8153.97,115773.43
Tonsillectomy,18,2,3,general,2,6708.11,21980.07,4395.55,6342.22,3236.69,45292.37
Hysterectomy,78,3,1,general,5,26121.49,58729.44,26799.29,30707.42,12338.52,136737.86
Coronary Angioplasty,34,1,2,single,2,29650.75,143294.57,17432.51,86637.72,23854.56,314671.08
Tonsillectomy,41,2,2,suite,3,22653.95,40333.08,9982.1,8142.97,4983.67,87024.33
Total Hip Replacement,66,2,2,general,7,48292.58,136808.76,44658.5,112546.91,25306.42,380321.11
Typhoid Inpatient Care,59,1,2,general,6,31218.64,0.0,26314.82,14911.51,12998.59,73734.72
Coronary Angioplasty,51,3,1,twin,2,18004.54,106239.22,13716.53,106794.6,15353.13,268931.54
Appendectomy,29,1,3,general,3,15807.2,42949.64,10458.26,12946.01,8339.03,89900.2
Caesarean Section,39,1,1,general,4,37989.55,92216.57,30458.05,26717.8,18593.16,211671.42
Kidney Stone Lithotripsy,75,3,1,suite,3,23223.51,52127.05,11402.6,15944.98,5472.41,103810.47
Normal Delivery,20,2,2,single,2,11318.69,23645.4,7211.44,8081.69,4693.81,56201.44
Coronary Angioplasty,28,2,1,twin,5,56574.37,127899.07,42499.43,96698.11,25868.21,344606.68
Kidney Stone Lithotripsy,42,1,2,twin,2,14917.93,52245.05,9053.31,12193.27,6946.29,97588.11
Coronary Angioplasty,21,1,2,single,2,28093.28,155471.85,19324.72,76585.34,20939.41,321526.88
Cataract Surgery,51,1,2,single,1,7499.44,38972.7,4023.92,12405.99,5248.1,79785.29
Tonsillectomy,80,2,3,general,2,6367.8,22090.24,5885.03,7581.09,3371.93,49964.42
Hysterectomy,24,1,1,twin,5,54915.82,102202.94,39807.88,27453.25,21669.96,251381.8
Cataract Surgery,76,2,2,suite,3,17431.37,30146.32,9202.65,14077.71,3800.35,82907.43
Dengue Inpatient Care,33,2,3,general,5,17478.68,0.0,13646.51,9473.58,7271.58,47136.11
Total Hip Replacement,77,2,2,general,6,41788.22,128945.92,40624.28,138988.33,26853.08,396969.01
Typhoid Inpatient Care,20,1,2,general,4,21967.07,0.0,17202.64,14183.1,11296.01,69359.02
Kidney Stone Lithotripsy,34,1,1,general,2,17909.14,70280.73,11065.54,16357.48,8833.95,132837.09
Normal Delivery,26,3,3,single,2,7432.26,14513.01,4776.56,7202.77,3393.62,37755.41
Appendectomy,37,1,3,suite,4,38773.17,59253.94,15032.83,12809.26,9063.86,151198.97
Caesarean Section,22,2,3,single,5,28936.6,49141.12,17608.55,15141.73,10055.93,122234.7
Appendectomy,42,2,2,general,3,15565.16,41817.07,10097.67,15842.18,7157.94,86344.75
Kidney Stone Lithotripsy,22,2,3,twin,1,4379.49,30142.78,2448.33,8691.21,3972.94,55480.89
Cataract Surgery,38,2,2,twin,2,8512.96,26258.03,5371.55,12871.21,4095.32,62881.54
Caesarean Section,30,2,2,general,4,22737.91,53498.07,18610.99,20397.21,11176.33,114901.13
Total Hip Replacement,43,1,1,general,7,74908.02,225756.68,68278.22,144525.07,47982.15,564940.98
Dengue Inpatient Care,80,1,2,single,7,57459.64,0.0,45544.88,14992.27,14058.42,124245.14
Kidney Stone Lithotripsy,59,1,3,general,2,10307.02,37998.07,7274.96,9158.45,5331.72,75910.84
Coronary Artery Bypass Graft (CABG),36,2,3,twin,10,81403.95,171532.14,63741.08,67907.77,35202.93,379815.88
Normal Delivery,73,2,2,general,4,17357.62,21293.63,17998.08,10175.61,5920.02,80442.91
Tonsillectomy,42,3,3,single,2,6639.37,21515.95,3622.01,6111.66,2837.39,41889.69
Total Knee Replacement,51,2,2,single,6,55366.91,149821.76,31653.66,102207.58,23062.83,372676.71
Typhoid Inpatient Care,79,2,2,twin,8,35115.96,0.0,32922.91,20055.38,10527.36,108265.41
Cholecystectomy,66,2,1,general,6,42406.99,56028.4,30536.18,22498.76,15172.93,150928.51
Dengue Inpatient Care,54,3,2,twin,4,17705.06,0.0,13630.67,13656.35,7210.59,48930.33
Tonsillectomy,62,2,3,general,1,3403.42,20391.52,2536.56,6749.18,3277.98,33702.62
Cataract Surgery,66,2,1,twin,3,17213.08,31725.65,11307.29,18428.01,6051.71,94355.38
Hysterectomy,51,1,2,general,5,36445.88,85326.49,29292.61,20758.22,16050.4,211757.09
Caesarean Section,19,3,1,twin,3,18450.76,51797.22,12900.67,24788.47,9863.8,125960.18
Total Hip Replacement,26,3,1,single,8,82784.25,171993.74,51410.44,142722.98,30146.7,481212.29
Total Hip Replacement,31,1,3,single,4,46469.02,177737.83,29783.02,89268.96,24377.21,325835.24
Kidney Stone Lithotripsy,28,2,3,twin,2,9176.48,31164.76,4781.74,8993.84,4388.96,51389.63
Cataract Surgery,33,1,1,twin,1,8425.3,50341.63,5066.88,15695.85,6544.96,88883.13
Coronary Artery Bypass Graft (CABG),42,1,3,general,10,108483.4,226801.34,84998.98,75248.37,51976.93,542455.88
Tonsillectomy,35,2,3,twin,2,6885.5,22073.11,4532.66,5317.23,3179.71,43009.51
Caesarean Section,25,2,2,general,3,16068.29,46565.17,12745.17,19739.42,9959.86,96766.87
Coronary Artery Bypass Graft (CABG),27,2,3,twin,8,73855.56,160405.77,52489.21,70729.6,36189.5,384474.28
Total Knee Replacement,40,1,1,general,4,45602.42,211465.94,40058.72,130206.8,41120.54,488765.02
Total Knee Replacement,26,1,3,general,7,50777.3,138650.25,43226.86,70876.29,26393.11,303437.34
Hysterectomy,32,1,1,twin,4,43717.99,99845.63,30100.14,24684.32,21486.17,204812.22
Total Knee Replacement,35,2,2,suite,4,41354.62,152682.06,21102.88,109651.82,20929.11,374083.43
Total Knee Replacement,25,1,1,general,5,57227.66,214042.88,47618.86,126627.28,36077.15,485916.11
Cholecystectomy,25,1,2,single,2,20235.36,79106.23,10201.46,17400.89,10694.82,140619.88
Typhoid Inpatient Care,53,3,1,twin,5,23277.51,0.0,17758.11,19813.41,7669.57,66995.32
Total Hip Replacement,37,2,2,general,6,42489.4,149648.03,37657.82,121095.63,28462.19,370756.86
Cholecystectomy,52,2,3,twin,4,17361.42,34943.43,11134.04,14178.13,7018.94,80915.3
Tonsillectomy,50,1,1,general,2,15429.24,49710.55,11841.87,10381.45,8125.67,96233.63
Caesarean Section,38,2,2,single,5,39350.82,57883.84,22030.91,17858.37,11796.43,154151.58
Tonsillectomy,35,2,2,general,1,4428.14,29514.55,3105.68,8363.95,3612.18,50280.79
Total Knee Replacement,44,2,2,twin,3,21784.55,137424.52,16020.46,104736.69,21508.84,301489.31
Caesarean Section,77,1,3,twin,5,31706.13,53062.06,26088.48,16634.19,11871.77,145103.04
Hysterectomy,58,2,2,general,3,16004.44,55069.78,12303.72,20593.58,10051.18,105539.74
Total Knee Replacement,79,1,2,twin,7,73176.95,178669.49,67716.72,123216.94,33180.28,528285.18
Normal Delivery,41,3,2,single,3,15081.21,20869.58,10334.73,9681.95,5212.32,67946.25
Tonsillectomy,79,1,3,twin,4,19694.47,32671.21,15415.53,7556.93,4729.73,85645.89
Kidney Stone Lithotripsy,19,1,3,general,3,15514.31,41679.89,9790.74,9106.42,5473.68,91354.88
Hernia Repair,50,1,1,twin,2,17290.36,62810.59,10160.77,18464.83,9334.6,116858.82
Coronary Angioplasty,73,1,2,general,6,70272.87,132049.57,64396.91,97767.69,28724.23,285184.08
Coronary Artery Bypass Graft (CABG),27,2,2,twin,10,112903.05,234399.79,89295.67,91829.01,48502.43,588149.82
Dengue Inpatient Care,21,1,2,general,4,24766.34,0.0,22710.69,14331.38,13218.55,69263.59
Coronary Angioplasty,54,1,1,single,3,47908.3,171521.6,33027.82,92097.27,30470.39,351020.84
Cataract Surgery,44,1,3,single,1,5745.85,33717.18,3287.13,11283.08,4076.06,53070.3
Coronary Angioplasty,61,1,2,single,4,60511.43,148952.83,41017.35,81908.57,27678.08,367009.37
Normal Delivery,41,2,1,general,2,10671.11,24064.22,9345.62,11718.5,6696.55,69077.23
Coronary Angioplasty,23,2,1,general,5,45404.27,106569.57,39925.57,99845.12,22264.82,255970.94
Typhoid Inpatient Care,62,3,1,twin,4,16226.11,0.0,13541.43,20621.93,6683.05,54080.8
Cholecystectomy,76,3,2,single,5,25937.06,38039.08,17014.75,21700.36,6671.52,111862.65
Normal Delivery,32,3,2,general,2,7080.51,17827.85,5983.48,8260.57,4386.51,44551.2
Tonsillectomy,30,3,2,general,2,6680.89,23157.65,4980.05,7634.99,3655.95,47374.38
Coronary Artery Bypass Graft (CABG),66,3,2,general,10,78910.86,162528.95,70262.28,94427.87,37705.09,411996.58
Hernia Repair,52,2,2,twin,3,17871.98,43043.27,11432.34,16980.62,7273.47,84585.02
Tonsillectomy,68,2,3,single,3,12200.64,22972.42,7641.61,6364.44,3428.63,51291.89
Typhoid Inpatient Care,69,2,3,twin,6,20490.25,0.0,16611.78,13251.95,6015.95,61710.3
Appendectomy,33,1,1,general,2,17700.29,76271.26,12391.01,18455.9,12209.96,148917.68
Total Hip Replacement,26,1,1,twin,7,101673.52,272919.04,71255.42,159813.31,46785.08,600724.59
Coronary Artery Bypass Graft (CABG),74,2,1,twin,11,155766.85,257853.22,133173.96,129153.9,66714.0,953770.79
Coronary Angioplasty,27,2,2,general,2,15673.01,102515.53,13003.6,81442.35,15661.12,264983.89
Caesarean Section,68,3,2,twin,4,19777.6,41562.06,14674.5,19842.01,7932.51,115078.92
Coronary Artery Bypass Graft (CABG),57,3,3,twin,4,27508.29,136588.74,21876.62,78401.75,19613.01,274238.78
Total Hip Replacement,39,2,1,twin,6,60163.67,197947.39,43353.6,141092.79,36153.06,482615.55
Coronary Artery Bypass Graft (CABG),43,2,2,general,9,87366.01,209896.52,75851.76,85179.54,48765.74,532532.97
Tonsillectomy,23,1,2,general,1,5965.76,37013.52,4413.11,8575.61,5633.26,57170.74
Appendectomy,75,2,2,twin,5,28269.05,42926.4,20777.39,19956.52,7921.23,109254.16
Coronary Artery Bypass Graft (CABG),79,3,3,twin,8,57278.69,127176.6,46562.14,89505.71,25243.18,281219.06
Dengue Inpatient Care,24,3,1,general,5,20904.02,0.0,18677.81,16219.54,10398.33,70386.53
Total Hip Replacement,56,1,1,general,6,74103.57,256663.03,61424.49,131584.84,49891.47,490203.82
Dengue Inpatient Care,58,1,2,single,3,24508.61,0.0,14751.11,12532.42,11542.64,62378.36
Hysterectomy,73,1,1,twin,4,43157.19,99910.61,34789.11,31596.66,18897.33,246422.0
Cataract Surgery,18,1,2,suite,1,9596.75,50560.42,4111.19,14053.49,5050.75,89842.07
Caesarean Section,48,3,1,suite,4,38333.72,63510.41,19146.19,22064.59,11940.55,162298.18
Total Knee Replacement,71,1,2,general,9,87793.88,174214.23,80874.12,117702.08,41640.66,494160.67
Total Hip Replacement,46,1,1,single,5,83586.76,268328.68,54877.77,155884.1,40974.12,544885.99
Hernia Repair,23,2,2,suite,2,14753.64,46350.59,6772.08,14591.34,5803.52,87580.91
Coronary Artery Bypass Graft (CABG),29,2,2,twin,12,141220.05,205762.11,100895.5,91592.11,58776.12,579776.51
Kidney Stone Lithotripsy,73,2,1,twin,3,20246.17,53660.51,13918.85,17040.39,6915.83,111032.88
Kidney Stone Lithotripsy,47,1,3,twin,1,5990.56,43880.01,3646.83,8989.99,4870.94,70737.23
Kidney Stone Lithotripsy,47,1,2,twin,3,25141.48,61968.69,14233.21,12097.45,8916.92,129313.73
Appendectomy,56,1,1,twin,1,11080.71,80003.45,6273.34,20307.3,12237.67,129378.79
Total Hip Replacement,22,2,2,twin,5,37493.71,143877.1,29517.77,112098.48,21658.94,340836.57
Normal Delivery,49,2,2,general,2,9389.03,24453.88,7876.87,9865.91,5701.38,62822.1
Tonsillectomy,29,1,2,twin,2,12026.0,36039.21,7722.16,7566.53,5512.97,65505.85
Cataract Surgery,82,2,1,twin,2,10844.62,32545.88,8988.13,20333.43,4570.85,83677.38
Tonsillectomy,28,1,3,general,1,5106.31,34220.83,3502.63,6235.67,4534.18,46853.79
Hernia Repair,39,1,1,suite,3,38872.74,74953.31,16044.76,18151.24,9804.71,168222.13
Total Hip Replacement,49,3,1,twin,6,46773.43,144533.4,37088.01,147296.57,24060.9,362082.46
Total Hip Replacement,36,2,2,suite,6,69324.97,171844.49,33069.26,120792.47,23701.43,413737.29
Coronary Artery Bypass Graft (CABG),21,2,3,single,6,61330.82,179972.57,38647.76,77762.17,27818.88,388006.73
Appendectomy,19,2,2,single,3,20201.91,46946.09,10224.1,15894.31,7891.71,98386.52
Cholecystectomy,73,2,1,single,6,54720.57,66307.24,31847.13,25460.83,14040.32,221365.25
Typhoid Inpatient Care,53,1,2,suite,5,39992.67,0.0,22123.92,15308.86,11410.72,88004.43
Hysterectomy,54,1,2,general,4,31503.49,81121.45,26397.34,21492.74,16139.12,166091.03
Kidney Stone Lithotripsy,24,2,1,twin,2,13577.32,50080.53,7979.58,14736.12,5941.76,82722.23
Dengue Inpatient Care,26,1,2,single,4,35473.37,0.0,22840.56,13214.52,12712.71,86186.45
Kidney Stone Lithotripsy,72,3,3,twin,3,9820.58,25503.81,7021.48,10904.86,3383.14,59192.77
Coronary Artery Bypass Graft (CABG),62,1,3,twin,10,124575.4,225693.28,91269.41,79909.93,57686.72,602865.68
Hernia Repair,81,1,2,twin,4,31339.64,55193.9,23435.52,18350.28,10610.4,143365.69
Total Hip Replacement,54,2,3,single,8,58732.8,137731.19,39244.02,97470.78,23524.52,333291.85
Caesarean Section,45,2,1,general,4,27498.44,59361.22,22252.5,22855.54,13910.83,135140.33
Appendectomy,44,1,2,suite,2,21967.13,77875.0,9012.59,17163.18,9054.09,146160.27
Appendectomy,81,3,2,twin,5,22215.08,37874.95,15245.98,17804.3,6546.55,123202.54
Appendectomy,46,2,1,general,3,17814.24,47590.08,11122.47,18814.64,7900.13,94358.95
Coronary Angioplasty,63,1,2,single,3,41588.16,145004.32,28961.72,97450.19,25689.13,318423.52
Coronary Angioplasty,27,2,2,twin,5,46354.1,106870.25,33435.23,83098.0,21921.45,301024.58
Typhoid Inpatient Care,80,3,2,single,7,28322.85,0.0,23751.32,16692.33,7192.36,89175.63
Appendectomy,32,2,1,general,3,17934.96,50846.13,12588.18,18147.06,9434.72,104214.54
Coronary Angioplasty,48,2,2,general,2,15744.92,96381.12,12221.43,90084.45,14958.62,248892.33
Caesarean Section,77,2,1,twin,5,38848.12,67929.35,31532.03,30712.44,15527.46,157154.4
Cholecystectomy,57,3,1,twin,2,12374.68,50132.47,7948.01,21697.19,8496.35,91704.58
Coronary Artery Bypass Graft (CABG),71,1,2,general,11,151431.6,268905.02,150122.92,106414.42,74798.04,614790.37
Typhoid Inpatient Care,38,2,3,twin,4,14148.44,0.0,10785.14,11794.8,6106.52,42876.14
Cataract Surgery,24,2,1,single,1,6982.05,35877.19,3268.23,15451.17,4296.94,69227.39
Hernia Repair,75,1,3,general,4,20303.08,34633.52,17734.92,13726.37,7778.99,103610.13
Tonsillectomy,49,3,1,twin,1,4520.64,27786.63,2745.46,9206.92,3584.02,45547.56
Dengue Inpatient Care,22,3,2,single,3,13744.35,0.0,9381.68,13471.36,6021.45,45393.69
Coronary Angioplasty,42,2,2,general,3,24130.23,102932.86,21747.17,81330.8,19294.0,260925.74
Typhoid Inpatient Care,42,3,1,twin,4,19108.74,0.0,14624.63,17613.97,7484.15,53461.46
Typhoid Inpatient Care,30,2,1,twin,6,31328.1,0.0,26060.44,19907.72,10890.44,87048.52
Caesarean Section,22,1,1,general,3,28926.46,88391.79,20495.63,22877.15,16606.48,162683.9
Hernia Repair,62,1,2,twin,2,14805.77,56879.5,9220.15,16849.31,8435.29,99877.96
Normal Delivery,72,2,3,single,4,17346.02,19190.92,14244.36,7307.44,4703.65,62864.02
Kidney Stone Lithotripsy,25,2,3,suite,2,13106.5,39031.69,5346.54,8956.61,3889.01,76138.34
Tonsillectomy,28,3,3,twin,1,3147.43,20307.35,2036.3,6787.31,2354.3,34694.97
Total Hip Replacement,33,2,2,single,4,39568.91,155921.14,24097.07,117357.91,24186.92,337892.62
Tonsillectomy,73,1,3,single,3,19046.38,36307.02,12136.88,7118.77,5763.22,83977.76
Hysterectomy,23,2,1,single,3,29682.41,84638.17,18126.26,26313.47,12590.96,172456.95
Total Hip Replacement,64,1,1,twin,6,83971.27,259702.66,64247.74,137187.87,45253.44,533911.08
Total Knee Replacement,18,2,2,suite,7,75728.88,159743.33,38708.2,111649.61,27013.92,422271.86
Hysterectomy,27,3,3,single,5,23247.41,40578.44,13812.89,18521.45,7239.85,110866.13
Dengue Inpatient Care,20,1,3,single,4,23054.54,0.0,14301.79,10200.94,9287.77,51997.03
Typhoid Inpatient Care,19,1,2,twin,6,35043.43,0.0,28656.15,15701.26,10939.92,87999.85
Kidney Stone Lithotripsy,37,2,2,suite,2,17147.76,52350.46,6780.76,12773.58,5206.76,92299.31
Appendectomy,53,1,3,single,4,27252.16,51094.31,12886.14,11421.55,7154.36,102265.16
Coronary Angioplasty,67,2,3,general,4,24006.94,72300.88,22738.03,68154.82,13218.15,222170.04
Caesarean Section,56,2,2,twin,4,25421.14,50440.95,16565.1,18845.91,11119.53,128075.41
Caesarean Section,23,1,3,general,4,22980.11,50280.12,18078.8,16038.25,12222.98,110940.06
Appendectomy,42,1,2,twin,4,30824.56,63669.45,18221.51,17221.62,10592.45,139900.31
Kidney Stone Lithotripsy,51,3,2,suite,1,7043.17,42590.6,2591.4,12136.63,4321.76,62735.64
Typhoid Inpatient Care,41,3,1,suite,5,29613.28,0.0,15470.54,19064.67,7566.46,65019.08
Appendectomy,66,1,3,twin,6,37085.2,49447.18,23987.19,14236.69,9845.27,114882.86
Total Knee Replacement,35,2,2,single,5,45163.06,137590.49,28980.23,98012.55,21306.69,305721.51
Dengue Inpatient Care,34,1,1,twin,3,26774.0,0.0,19539.55,15102.07,14613.77,78029.74
Total Hip Replacement,24,1,1,twin,5,68671.26,231319.69,54302.32,136361.06,37660.28,516670.5
Total Hip Replacement,78,3,2,twin,8,51675.28,120689.29,44380.86,119697.16,25486.06,320581.28
Total Hip Replacement,50,1,2,twin,5,53795.36,186677.59,43850.82,129164.9,31435.19,480469.33
Total Knee Replacement,49,3,1,suite,4,43769.91,153051.52,20586.05,131865.39,22425.71,369575.62
Tonsillectomy,39,2,3,single,2,8500.61,26612.54,4899.45,6298.33,3487.07,56408.99
Coronary Angioplasty,58,1,1,twin,3,46167.91,180205.33,37078.47,104136.75,30936.49,393956.41
Dengue Inpatient Care,41,2,1,single,4,30126.11,0.0,20978.45,17024.93,12947.42,90336.1
Cataract Surgery,27,1,1,single,1,8659.15,48036.48,4653.45,15755.49,5494.74,87672.02
Hysterectomy,49,1,3,single,5,38597.35,64929.65,20396.09,15319.49,11297.91,161886.51
Typhoid Inpatient Care,72,1,1,single,5,41599.0,0.0,31558.03,18841.11,13458.42,125979.41
Caesarean Section,54,3,1,general,3,17378.3,49453.57,13399.1,26757.2,11095.93,125559.0
Typhoid Inpatient Care,43,1,3,twin,3,14397.49,0.0,10805.38,10831.72,7141.09,37993.34
Typhoid Inpatient Care,33,3,3,twin,4,10850.02,0.0,7664.88,11368.08,4684.37,30875.4
Kidney Stone Lithotripsy,80,2,2,twin,3,16225.55,38984.78,13083.92,13809.47,5681.45,74462.06
Coronary Angioplasty,74,2,2,suite,5,63931.59,113731.07,39391.1,91338.84,18491.5,270716.57
Caesarean Section,71,1,1,single,5,60477.42,93162.11,43251.79,27781.54,17738.07,236016.69
Cholecystectomy,66,2,3,general,5,21519.3,41301.1,16142.11,14858.38,7768.44,74976.26
Dengue Inpatient Care,36,3,1,general,5,22990.52,0.0,20141.46,17213.17,10396.98,66604.85
Caesarean Section,60,2,2,general,4,22422.71,45298.45,17494.93,18148.85,10889.07,133645.76
Cataract Surgery,59,2,2,general,2,7344.51,23088.59,5746.78,12281.78,3604.77,53752.88
Coronary Artery Bypass Graft (CABG),36,1,2,general,7,92363.43,256401.51,74611.75,89921.23,59582.34,571703.18
Appendectomy,31,2,2,general,3,14272.24,41068.79,9125.68,16699.69,7331.19,76307.1
Coronary Artery Bypass Graft (CABG),55,2,1,general,8,100505.78,258974.93,79150.45,108010.02,53292.11,675142.74
Total Hip Replacement,21,2,2,twin,7,58733.02,151252.96,45001.42,105719.25,27506.98,362273.41
Cataract Surgery,62,1,2,twin,1,6463.74,41588.72,4192.83,14436.91,5762.97,70612.97
Normal Delivery,26,2,2,general,2,9187.81,21805.78,8092.05,9637.98,4972.45,59047.31
Coronary Artery Bypass Graft (CABG),66,2,1,general,10,118324.76,234156.49,98316.45,125873.16,58321.22,659758.99
Caesarean Section,50,1,1,twin,5,53969.12,85306.51,36052.62,24446.57,19010.67,225251.15
Total Hip Replacement,67,1,3,twin,8,73118.94,166460.81,54259.85,89154.14,30123.1,390513.2
Hernia Repair,73,1,3,twin,2,11482.04,38328.43,8712.02,13780.65,6239.3,78336.95
Hernia Repair,49,2,1,twin,3,19821.54,46325.59,12669.53,18308.5,8489.42,113886.29
Typhoid Inpatient Care,78,2,2,twin,8,37460.91,0.0,33096.87,17181.48,10552.8,99754.82
Total Knee Replacement,62,1,2,suite,4,61389.69,206451.51,30523.74,94560.1,30884.81,372677.23
Cataract Surgery,32,2,3,twin,2,6916.81,19785.09,4105.92,10780.32,2816.01,53821.83
Dengue Inpatient Care,56,2,1,twin,2,11540.26,0.0,8208.7,17295.46,8682.19,48287.72
Caesarean Section,56,1,2,general,4,31252.61,70268.39,24427.17,20112.72,13647.51,171235.98
Caesarean Section,61,1,2,suite,5,61801.18,91978.1,31325.38,20865.68,15822.64,250063.95
Hernia Repair,25,2,3,general,2,7281.76,26102.72,5558.76,12429.65,5100.67,59374.54
Total Knee Replacement,64,1,3,suite,4,48905.22,181298.17,25924.21,90164.94,23841.88,374408.05
Hernia Repair,46,1,1,twin,2,17834.92,66300.5,11768.27,18008.79,9273.98,134045.82
Normal Delivery,51,2,1,single,2,15062.48,33201.07,8944.91,11858.43,6625.96,68338.53
Kidney Stone Lithotripsy,52,1,3,twin,2,12393.8,44128.08,6550.69,9105.16,5162.03,66400.44
Cholecystectomy,36,2,2,single,3,22316.91,55033.43,12315.59,17773.52,9119.82,104182.23
Cholecystectomy,57,1,1,twin,2,21072.99,94621.05,14706.49,21827.61,14133.77,156520.19
Cataract Surgery,67,2,2,twin,3,13607.73,28005.82,9543.5,12617.92,4488.86,71173.14
Normal Delivery,18,2,2,twin,3,16536.19,24321.47,11694.18,9337.18,5882.23,64712.55
Hernia Repair,63,2,3,twin,3,11889.98,28296.46,8224.12,11324.89,4698.32,77251.77
Total Knee Replacement,41,1,2,general,7,69522.37,187183.45,61786.71,100577.89,38553.8,479093.66
Hysterectomy,78,2,2,suite,6,55723.21,79654.58,31697.3,23895.75,14274.05,194366.05
Total Hip Replacement,60,1,2,suite,6,94674.09,243109.76,48494.43,108949.17,39165.03,561085.73
Kidney Stone Lithotripsy,68,2,3,twin,3,11769.54,29561.47,7592.42,10190.92,3979.24,65420.14
Hernia Repair,64,2,2,general,4,18384.16,35462.97,13976.08,13930.2,6369.3,93187.61
Hysterectomy,39,1,2,general,3,22393.43,79730.07,18965.81,23014.48,13770.5,160507.33
Dengue Inpatient Care,73,3,2,suite,5,28589.97,0.0,17497.56,13070.73,8169.18,60662.2
Hernia Repair,46,2,1,twin,2,12280.59,47044.97,7515.37,19477.72,6569.94,99938.32
Kidney Stone Lithotripsy,70,1,2,general,3,21353.23,53673.04,16662.87,13706.89,7346.58,112925.86
Typhoid Inpatient Care,62,2,2,general,5,20625.43,0.0,18519.15,15077.11,9456.49,62288.34
Hernia Repair,43,1,1,twin,4,37125.42,68679.81,22770.74,18895.75,11771.97,155746.6
Coronary Angioplasty,74,2,2,twin,5,43741.01,97169.68,39563.94,97514.1,19020.08,314554.12
Hernia Repair,78,1,2,suite,4,44925.91,66215.09,25101.97,16893.86,9741.63,135795.78
Typhoid Inpatient Care,22,3,2,general,5,14303.76,0.0,12979.6,14724.12,5977.5,53044.72
Hernia Repair,37,1,2,twin,4,31965.86,57306.78,19931.78,15944.08,11010.0,136961.55
Coronary Angioplasty,79,1,1,suite,6,127767.24,210751.18,79840.09,130528.01,37878.75,564304.47
Appendectomy,52,2,2,general,3,15737.22,43250.44,9807.87,15852.48,7592.79,90536.34
Total Knee Replacement,25,3,1,general,5,34198.29,118897.28,27993.69,127329.32,25129.1,346388.04
Cataract Surgery,19,2,2,twin,1,4656.36,25781.93,2842.49,13811.23,3721.23,51090.14
Appendectomy,36,2,2,twin,3,18219.91,44842.89,10285.36,15985.18,6840.85,116739.41
Cholecystectomy,81,2,2,twin,5,31749.34,54740.29,25156.58,20965.59,11337.25,144377.41
Coronary Artery Bypass Graft (CABG),51,3,2,twin,7,62900.76,170756.59,42289.28,93747.56,31614.76,366712.6
Coronary Artery Bypass Graft (CABG),20,1,1,twin,7,136974.46,389158.73,98725.59,120315.62,71152.38,859507.81
Kidney Stone Lithotripsy,45,3,2,general,2,8033.56,31402.53,5255.61,12784.83,4485.05,55859.47
Coronary Artery Bypass Graft (CABG),31,1,2,general,11,143889.76,253391.6,119821.45,93281.47,60964.22,710622.05
Dengue Inpatient Care,56,1,1,twin,3,28133.9,0.0,21980.18,16348.38,16510.94,80060.5
Hysterectomy,48,3,1,twin,5,32208.02,60871.43,21092.49,27898.68,12107.42,162661.51
Dengue Inpatient Care,73,2,1,single,3,19147.9,0.0,15033.16,17502.79,9386.71,65107.99
Hernia Repair,72,1,1,twin,3,27147.51,64692.43,17060.6,20820.98,10952.83,126456.98
Total Knee Replacement,69,1,2,twin,6,66162.09,194255.03,55872.75,124332.32,34396.84,589061.77
Dengue Inpatient Care,34,1,1,twin,4,33487.5,0.0,28019.2,18269.82,16329.68,89662.32
Coronary Angioplasty,27,2,1,general,5,52501.85,122464.91,46826.03,99839.39,26378.69,363282.55
Cholecystectomy,21,2,1,general,4,26204.18,60971.71,18921.23,24205.13,10392.38,143017.11
Total Knee Replacement,45,3,2,general,4,19818.58,92911.93,18302.17,113325.17,17786.05,271713.26
Cataract Surgery,38,2,3,suite,2,9094.94,22205.24,4136.85,9502.21,2780.63,56333.17
Coronary Angioplasty,50,2,3,single,4,33412.97,84184.1,21761.55,60511.6,14248.95,241012.89
Appendectomy,28,1,3,suite,4,38824.54,60407.49,14945.32,13567.49,8401.47,150759.66
Cataract Surgery,54,2,2,single,1,5537.76,29452.59,2778.45,13225.57,3848.99,52248.38
Cataract Surgery,75,1,1,single,2,17623.67,50164.38,10886.82,19182.84,7410.74,108200.43
Cataract Surgery,39,1,1,single,2,19001.42,49623.15,10324.86,16735.49,8099.12,94697.31
Cholecystectomy,35,3,2,general,2,8310.56,39546.32,6140.58,16955.96,6616.25,85046.31
Dengue Inpatient Care,65,3,2,general,4,14533.99,0.0,13307.56,12171.26,7365.48,48506.21
Kidney Stone Lithotripsy,30,1,1,twin,1,9970.69,74972.87,6195.42,16013.61,8836.27,129977.13
Coronary Angioplasty,20,3,1,general,5,35754.73,88292.73,31006.54,101031.55,17715.9,304748.44
Tonsillectomy,45,1,3,twin,2,10588.54,32640.58,6255.05,6019.8,4164.69,48846.64
Kidney Stone Lithotripsy,70,2,2,twin,5,26529.17,40012.33,18647.65,12464.9,6361.96,100020.73
Hernia Repair,53,3,3,single,1,3732.02,26853.19,2194.47,11838.39,3297.11,54036.91
Cholecystectomy,47,2,2,single,5,35457.23,53481.7,19564.88,16028.27,10308.24,162173.51
Appendectomy,51,1,1,suite,4,53998.35,94388.17,24135.04,22119.53,13323.18,183350.51
Total Hip Replacement,36,2,2,suite,5,55270.19,176089.74,30599.43,108598.84,25867.47,382338.11
Coronary Artery Bypass Graft (CABG),44,1,1,general,7,117043.2,364652.66,103971.5,107444.42,70499.29,626367.16
Total Knee Replacement,53,2,3,single,5,35328.04,105713.11,20738.64,77754.04,17632.75,260734.26
Cholecystectomy,54,2,2,single,3,19937.44,54275.93,10491.59,16857.84,8286.88,112054.79
Cholecystectomy,64,2,2,twin,3,19407.17,47353.3,12725.67,19851.08,9039.38,93690.97
Coronary Artery Bypass Graft (CABG),66,3,2,general,9,77674.42,169002.38,65503.93,100190.04,41416.51,395349.6
Normal Delivery,30,2,3,single,3,12826.15,20519.57,8890.8,6966.71,4520.48,53665.53
Normal Delivery,53,1,2,twin,2,13891.39,31523.56,11111.45,8281.42,7766.43,65076.55
Appendectomy,39,2,2,twin,3,18409.47,51906.18,10953.12,16044.26,7846.92,112011.96
Normal Delivery,32,1,2,general,2,11877.19,28985.39,11209.35,8464.81,7123.8,68771.11
Appendectomy,44,2,1,general,3,17129.0,46386.87,12152.07,20357.97,8215.02,106471.8
Hysterectomy,57,3,3,single,5,23330.36,42142.88,14208.76,16504.52,7054.07,98191.53
Coronary Artery Bypass Graft (CABG),77,3,1,twin,9,97054.33,195106.76,87682.24,133934.45,45593.68,575486.77
Tonsillectomy,79,3,2,general,3,10880.82,22464.99,9391.26,9599.12,3670.48,47944.34
Coronary Artery Bypass Graft (CABG),70,2,2,general,11,118537.97,197001.83,115156.02,106987.31,56829.12,527234.73
Normal Delivery,45,1,1,twin,3,25229.56,41188.93,19198.89,12004.84,10295.32,109116.72
Cataract Surgery,42,3,1,twin,1,4332.13,24592.5,2582.67,15158.32,3455.85,54092.77
Coronary Angioplasty,77,2,2,twin,5,46934.78,99141.18,39116.26,90730.74,21606.03,308023.22
Coronary Angioplasty,46,1,2,single,4,58399.4,155936.96,37678.91,88062.22,27551.24,364570.03
Kidney Stone Lithotripsy,47,1,1,suite,2,30475.27,83733.39,10878.26,16547.01,9167.43,136346.26
Kidney Stone Lithotripsy,69,2,1,twin,4,27237.68,49649.73,17130.37,17711.45,7331.21,120096.49
Caesarean Section,80,3,2,general,7,31312.63,37847.23,33201.36,22982.54,10458.07,118051.89
Coronary Artery Bypass Graft (CABG),67,3,2,twin,4,34789.26,166151.05,27143.98,97909.07,29390.21,326348.83
Appendectomy,44,3,2,general,4,16273.0,31328.39,10158.95,18326.2,6430.08,68440.98
Coronary Angioplasty,62,1,2,single,4,57889.1,150640.57,39773.49,79615.27,27070.4,377132.42
Caesarean Section,59,3,1,single,4,31391.33,64662.37,18403.03,25507.83,11056.05,156741.11
Cataract Surgery,46,3,3,general,1,2433.46,15658.1,1810.41,10154.78,2095.74,31500.48
Coronary Artery Bypass Graft (CABG),73,1,2,single,10,188302.16,302011.35,136834.27,98098.44,67486.61,916430.35
Cataract Surgery,43,1,1,general,1,6509.13,38727.68,4382.25,15937.98,6615.18,75795.86
Tonsillectomy,70,1,2,single,4,33139.79,48960.09,21805.2,9207.23,7412.64,129555.78
Cholecystectomy,52,1,1,single,3,33871.63,87059.92,19505.52,21480.54,14683.58,172744.66
Tonsillectomy,74,2,1,general,3,14800.53,31911.29,12501.93,9842.84,5166.71,60817.1
Total Knee Replacement,26,1,3,general,6,42001.06,121086.56,32981.73,82117.34,23558.75,297615.11
Hernia Repair,81,3,1,general,4,19241.06,38243.36,17979.19,21219.7,7623.35,122019.63
Appendectomy,68,1,2,suite,3,36264.7,83012.91,15699.93,19790.76,9502.29,137872.84
Normal Delivery,31,1,3,twin,2,10534.56,26841.11,7865.57,7301.22,5386.64,49432.43
Normal Delivery,73,1,3,general,5,25850.25,26501.81,27251.71,7991.51,8444.0,93900.72
Coronary Angioplasty,63,3,1,twin,4,33790.68,100496.59,26032.67,110784.94,16842.61,272563.84
Coronary Artery Bypass Graft (CABG),29,2,1,single,5,87590.65,280846.88,51046.45,107410.0,50376.85,547268.53
Caesarean Section,21,2,2,general,4,21750.05,48622.62,18359.49,20392.24,10890.63,98567.22
Hysterectomy,34,2,3,twin,4,19926.81,49279.04,12873.87,17994.56,8969.78,110599.25
Total Knee Replacement,74,2,1,single,9,94446.05,162563.38,72546.82,131210.89,32669.4,530831.07
Cholecystectomy,36,2,2,general,1,5235.79,46466.68,3834.56,16514.23,7256.35,84490.46
Total Knee Replacement,46,2,3,single,6,40654.45,119818.65,24920.38,83685.83,20025.88,270339.5
Cataract Surgery,68,1,3,general,3,13221.45,27149.0,9337.63,11877.04,5155.48,68892.0
Caesarean Section,39,2,1,twin,3,22062.38,60524.18,14826.5,22537.81,11706.81,133305.04
Dengue Inpatient Care,79,1,1,general,7,49475.11,0.0,58979.71,18465.72,20250.87,159502.86
Total Knee Replacement,54,2,2,single,5,45404.85,141601.9,29823.83,106665.32,26219.25,375240.96
Dengue Inpatient Care,36,3,2,suite,5,31844.7,0.0,16471.26,14061.02,9149.22,61425.11
Coronary Angioplasty,71,2,2,single,5,51554.01,113474.61,40053.0,82492.84,20259.45,330689.67
Normal Delivery,70,2,3,twin,5,18150.29,15511.66,14354.94,6884.89,4845.31,53439.5
Hernia Repair,78,2,2,twin,6,29816.36,34395.02,22451.89,17441.73,7594.99,116449.11
Kidney Stone Lithotripsy,19,1,1,general,2,15507.84,58270.92,9585.26,13199.91,8594.17,99432.19
Typhoid Inpatient Care,25,1,2,twin,4,24459.81,0.0,16907.9,14457.34,10251.33,66205.1
Cholecystectomy,35,2,1,twin,4,31854.85,63249.43,20460.87,19624.78,11828.3,145377.35
Cholecystectomy,62,2,2,general,3,15302.49,45037.26,10632.72,19239.14,8051.5,83292.4
Hysterectomy,59,3,2,general,4,17234.28,46079.68,15579.36,20387.78,9610.79,104672.04
Coronary Angioplasty,53,2,3,general,6,38021.01,70552.43,31337.49,65020.23,16562.49,206939.94
Total Hip Replacement,25,1,1,general,4,49498.75,237053.03,38580.83,156175.21,36411.98,568227.18
Cataract Surgery,49,2,2,single,1,5195.55,28055.88,2705.85,14518.35,3542.21,51206.54
Hysterectomy,78,2,1,suite,5,52793.91,83006.6,32789.18,32706.84,13406.26,236167.3
Kidney Stone Lithotripsy,58,2,2,single,2,14453.14,49838.79,6422.01,11744.81,5457.95,84892.71
Cholecystectomy,49,2,2,general,2,11203.12,43865.03,7939.77,16212.9,8824.82,93694.25
Kidney Stone Lithotripsy,61,2,1,twin,3,22029.49,51028.79,13291.98,14910.09,7303.76,96988.85
Coronary Angioplasty,44,2,3,single,3,25472.05,94016.99,14701.41,67645.71,12450.88,204653.84
Total Hip Replacement,42,2,2,single,4,35491.08,162532.61,23119.81,109516.45,23492.64,342700.68
Normal Delivery,19,2,1,general,2,10284.66,27783.56,9083.7,11758.05,6300.1,69702.16
Total Hip Replacement,48,1,3,single,8,88529.67,184317.26,52201.24,85022.79,35546.67,406676.81
Cataract Surgery,71,2,1,single,3,18383.72,37976.27,12494.65,18328.24,5838.35,99576.87
Coronary Artery Bypass Graft (CABG),40,3,1,twin,9,99488.62,201874.94,72898.3,111654.74,45552.19,547237.1
Normal Delivery,47,3,2,suite,2,12760.4,26335.9,6158.59,9042.33,4246.7,53265.98
Normal Delivery,28,2,1,general,3,16031.82,26978.64,13593.44,10354.32,6203.22,77411.92
Coronary Artery Bypass Graft (CABG),80,3,3,general,10,64297.81,131821.45,61308.1,95434.55,29642.73,457581.65
Hysterectomy,79,3,2,twin,3,14797.04,50435.33,12074.01,25870.7,8392.46,148281.92
Caesarean Section,19,1,2,general,4,30014.97,69909.86,23355.92,18091.8,15153.11,164151.38
Dengue Inpatient Care,61,1,2,general,8,51164.27,0.0,44836.04,14777.67,17454.28,142185.16
Hysterectomy,48,1,2,suite,5,59643.34,107386.16,29204.73,24585.9,16663.72,248285.18
Total Hip Replacement,79,1,2,general,9,93418.85,201837.92,92047.9,142161.59,44769.18,771885.72
Cataract Surgery,75,1,1,single,2,16039.86,47793.04,9870.11,19828.5,6128.64,83385.73
Hysterectomy,49,2,2,twin,3,17354.72,63126.65,12211.9,19846.84,9595.56,123126.23
Cholecystectomy,74,1,3,twin,5,32933.76,53415.13,22352.2,15801.5,9995.1,155448.66
Dengue Inpatient Care,43,1,2,general,5,31770.22,0.0,28516.03,12771.21,12733.75,78641.01
Appendectomy,42,1,2,twin,3,23017.69,58592.09,14340.76,15090.91,8866.02,123850.11
Total Hip Replacement,27,2,2,twin,5,44289.14,167045.93,34455.45,125705.05,28503.61,429446.56
Coronary Angioplasty,46,2,3,single,3,23589.88,87097.88,15808.74,69969.44,14217.61,203448.73
Kidney Stone Lithotripsy,59,2,2,general,2,9411.7,36284.06,6233.06,11405.55,4860.41,68909.41
Normal Delivery,24,1,2,single,2,15907.8,33912.61,10827.75,8983.4,7031.23,78753.14
Total Hip Replacement,62,1,2,twin,7,87430.11,209323.16,62978.09,110979.96,38968.07,483071.35
Total Knee Replacement,80,3,1,single,7,61229.35,138547.02,45115.99,161115.16,26270.09,555021.3
Caesarean Section,19,1,3,general,5,30482.65,57124.38,23369.07,16824.34,13994.98,132007.6
Kidney Stone Lithotripsy,45,3,3,single,2,7770.67,28817.15,3703.47,8943.06,3189.25,57311.82
Coronary Artery Bypass Graft (CABG),30,3,1,twin,5,51262.83,193432.27,40539.73,117275.91,34430.49,405777.87
Appendectomy,35,3,1,general,1,5047.69,40272.85,3165.76,20923.05,6652.91,94103.32
Typhoid Inpatient Care,47,2,1,general,6,26494.74,0.0,25059.06,17526.29,10187.55,78499.17
Caesarean Section,72,1,2,single,6,66521.59,92202.35,46360.08,23438.19,17251.97,250011.94
Dengue Inpatient Care,18,2,2,general,4,17549.36,0.0,14547.3,12933.0,10013.72,56345.56
Cholecystectomy,18,1,2,suite,3,37082.68,90865.08,18388.18,17301.56,11493.91,179746.55
Total Knee Replacement,47,2,2,single,7,60220.86,141740.69,39802.67,104440.28,24746.7,365443.13
Total Knee Replacement,45,3,2,single,5,34490.0,114692.34,21966.51,105599.76,19120.6,279685.9
Cataract Surgery,56,1,1,single,2,18236.67,47768.46,9580.97,14740.68,6883.19,96166.5
Kidney Stone Lithotripsy,22,2,3,twin,3,13306.48,33834.7,7150.28,8667.93,4039.8,54322.66
Caesarean Section,73,1,2,twin,6,51704.27,78176.44,43797.01,21437.45,16939.2,214830.78
Tonsillectomy,60,2,3,twin,1,3506.84,20866.1,2264.18,6538.48,2829.57,37900.98
Cataract Surgery,80,2,1,twin,3,16669.32,36104.94,14223.7,20611.15,5405.85,69884.98
Hysterectomy,41,2,2,twin,6,34733.21,53687.42,22666.09,19518.99,12706.96,125074.4
Caesarean Section,24,3,3,single,4,19309.6,40160.97,11892.02,14378.84,7561.2,98609.2
Total Knee Replacement,74,3,3,general,8,34111.92,75533.45,33126.18,99978.07,18230.79,253465.72
Dengue Inpatient Care,65,2,2,single,2,12211.62,0.0,7959.52,13766.93,8354.42,42141.03
Tonsillectomy,64,2,2,twin,1,4801.24,29681.8,3072.25,8185.55,3943.91,52652.4
Caesarean Section,37,2,2,suite,5,50487.87,67722.14,23812.81,20944.13,12356.83,173988.91
Hysterectomy,69,1,2,general,6,47065.68,78249.59,40046.43,25016.42,19047.84,212372.57
Coronary Angioplasty,65,2,3,twin,2,13790.34,75602.76,10898.77,65318.31,13462.75,198030.36
Kidney Stone Lithotripsy,45,2,1,general,2,11946.22,47416.67,7756.71,15954.06,6702.74,106733.42
Kidney Stone Lithotripsy,55,3,3,general,2,5966.34,25135.77,4288.35,10660.63,3475.62,47282.11
Hernia Repair,42,3,1,twin,2,10552.36,38226.2,6492.34,20053.81,6079.17,88588.27
Normal Delivery,23,1,2,general,2,11501.71,31425.16,10390.44,8155.61,7827.52,68555.67
Coronary Artery Bypass Graft (CABG),56,1,1,single,12,302348.33,459613.86,173443.69,127658.09,109728.5,1035971.17
Coronary Artery Bypass Graft (CABG),53,2,3,general,10,80323.05,159829.68,73607.88,74378.22,43596.58,425056.86
Kidney Stone Lithotripsy,23,1,3,twin,2,13126.66,49154.8,8086.13,10214.72,6365.62,82252.61
Typhoid Inpatient Care,67,2,1,suite,6,47525.18,0.0,24864.19,20489.96,11141.95,111252.55
Hernia Repair,78,3,2,single,3,15461.55,31907.88,9822.07,17436.78,5711.71,70312.61
Normal Delivery,41,1,2,general,2,11961.53,27735.44,9473.47,8686.69,6747.88,65503.02
Hernia Repair,81,2,2,suite,4,32136.39,44746.45,16970.66,19592.59,7233.35,103084.05
Kidney Stone Lithotripsy,79,3,1,single,3,19622.43,44944.73,12213.91,16193.07,5343.94,70685.98
Hernia Repair,22,2,3,general,3,10684.07,26206.65,7581.11,11570.25,5173.75,56822.33
Cataract Surgery,54,1,1,suite,1,10603.11,50854.52,4988.2,15289.39,5665.35,87381.87
Cholecystectomy,54,2,3,general,3,12092.36,37192.84,9480.21,13930.87,6594.03,84760.77
Tonsillectomy,18,1,2,general,2,11939.68,40051.72,8271.58,7324.48,6494.59,75590.25
Hysterectomy,72,1,1,single,6,73784.48,117037.46,51243.09,28429.41,22150.45,290678.58
Dengue Inpatient Care,32,1,2,single,3,25930.45,0.0,16040.22,14516.38,12900.46,72493.73
Normal Delivery,51,2,2,general,2,8513.66,20590.35,7205.86,9309.61,5717.6,48693.46
Typhoid Inpatient Care,24,3,3,twin,6,15932.73,0.0,12064.39,11470.07,5702.04,38820.13
Dengue Inpatient Care,74,1,3,general,8,40831.86,0.0,39990.52,12626.83,14281.11,107811.52
Hysterectomy,47,2,2,twin,4,25393.01,59255.73,17304.89,20953.56,12065.64,139532.2
Caesarean Section,55,1,1,general,6,61748.17,92182.57,51427.41,26140.67,24819.05,237314.45
Total Knee Replacement,37,3,1,single,4,32322.15,131930.88,18994.92,112568.25,20658.05,326674.92
Total Hip Replacement,78,2,1,twin,8,84936.0,175572.71,75366.75,174685.54,40080.8,471995.23
Total Knee Replacement,33,2,3,twin,3,17442.44,107884.35,12208.97,74560.12,15513.96,228138.14
Appendectomy,21,2,3,twin,3,13209.26,32444.45,7066.43,12741.08,5211.06,80457.76
Hysterectomy,78,3,1,suite,6,55575.88,78894.19,32002.54,31549.91,13645.14,174443.13
Typhoid Inpatient Care,64,1,2,twin,6,38109.59,0.0,28101.03,16217.7,12175.54,92751.79
Cataract Surgery,62,2,2,twin,1,4226.73,25820.15,2959.95,14190.38,3770.07,52016.22
Coronary Angioplasty,81,2,1,twin,4,44928.63,137928.0,43958.4,136882.93,23112.71,411846.47
Total Knee Replacement,60,3,2,twin,5,29007.5,95405.13,19673.83,92718.05,18704.58,250396.73
Coronary Artery Bypass Graft (CABG),64,1,2,twin,7,116896.56,315380.06,87144.66,106481.18,59261.07,748181.81
Hernia Repair,60,2,1,general,2,11423.23,39201.52,8401.56,17192.36,7633.27,83128.28
Typhoid Inpatient Care,19,1,2,general,8,42340.94,0.0,40579.24,16440.11,13627.44,106765.75
Total Hip Replacement,31,1,1,suite,5,100751.24,330313.79,48091.68,144485.18,44252.34,672543.42
Cholecystectomy,22,2,1,general,3,19196.94,53488.74,14522.26,20329.37,9476.21,115937.15
Typhoid Inpatient Care,61,2,3,twin,5,18571.91,0.0,12452.12,13624.7,6338.64,50509.53
Typhoid Inpatient Care,19,1,2,single,4,28215.03,0.0,19134.96,14665.67,11484.34,75865.94
Dengue Inpatient Care,61,1,2,twin,5,36439.86,0.0,30275.21,13699.54,13763.79,82832.69
Caesarean Section,40,1,2,twin,3,25773.71,70277.64,18340.28,21008.48,15213.93,150817.34
Hernia Repair,33,3,1,general,3,14102.04,37573.18,9438.83,18887.1,6611.32,75696.84
Total Hip Replacement,55,2,1,suite,4,56731.48,206576.39,28414.45,124668.65,28985.09,475190.95
Coronary Angioplasty,19,1,1,general,4,56317.83,180226.67,50825.32,111503.1,31226.67,395223.92
Coronary Artery Bypass Graft (CABG),34,2,1,single,9,136648.21,271131.85,80090.32,110405.22,50790.88,582459.79
Appendectomy,40,2,1,general,2,12467.04,56312.52,8592.3,19279.41,9011.11,109690.93
Kidney Stone Lithotripsy,74,2,1,twin,3,21623.47,49583.05,13958.78,17514.4,6301.28,121618.3
Cholecystectomy,76,1,3,twin,6,39719.11,54987.14,30063.68,15591.27,11228.53,151492.79
Kidney Stone Lithotripsy,34,1,3,twin,2,11944.53,48198.28,7535.73,10333.02,6233.02,88373.4
Normal Delivery,44,3,1,general,3,13418.7,20760.69,11517.71,10103.39,6048.95,59515.58
Total Hip Replacement,75,3,3,twin,7,37524.7,95594.03,33528.22,112683.2,17393.6,348649.64
Total Knee Replacement,60,3,3,single,5,25444.13,83035.81,16103.16,83368.58,14264.73,199824.48
Kidney Stone Lithotripsy,56,1,1,twin,2,18932.74,70504.67,11608.87,15512.45,8688.04,125844.61
Normal Delivery,69,1,2,general,4,24140.61,28540.81,23133.78,9346.07,8326.82,83008.02
Total Knee Replacement,56,2,2,twin,7,49938.03,131352.18,35494.78,91682.54,22911.6,304684.55
Appendectomy,73,1,2,suite,5,58408.74,82531.31,25865.39,18347.35,10885.37,180750.69
Tonsillectomy,82,1,1,single,3,29388.39,54036.46,19728.42,10850.26,7491.34,140078.8
Hernia Repair,35,2,2,single,2,13500.39,42291.59,7098.16,14805.03,5807.46,87103.66
Coronary Artery Bypass Graft (CABG),70,2,2,general,14,134425.25,178593.85,118873.06,90879.12,55199.66,511733.71
Normal Delivery,82,3,1,suite,3,20368.3,25018.01,13017.25,11712.25,5722.19,65087.79
Cataract Surgery,49,1,2,twin,1,6120.24,36879.21,4096.81,12927.94,4779.25,68371.12
Coronary Angioplasty,49,1,2,single,4,58535.67,162062.63,34690.35,76362.14,24085.69,345028.7
Total Hip Replacement,53,2,2,twin,6,46079.93,135186.67,35238.26,107782.14,22672.38,310884.91
Cataract Surgery,35,2,2,twin,1,4328.37,27667.91,2943.51,14160.23,3959.4,56244.53
Coronary Angioplasty,20,3,1,twin,5,46448.89,110236.4,35189.56,96060.55,19562.51,307169.72
Dengue Inpatient Care,38,1,2,twin,1,6744.64,0.0,4988.78,12505.55,9823.26,31844.55
Total Knee Replacement,80,1,1,twin,8,99014.51,195982.24,85920.32,157703.94,43041.3,694652.07
Hernia Repair,53,2,2,single,3,17043.6,39622.55,9138.02,14124.07,6443.73,93485.65
Hernia Repair,47,2,1,general,2,11179.09,41458.92,8061.11,19505.7,7063.52,81468.16
Hernia Repair,61,2,1,general,2,11349.84,44815.89,8152.12,17981.07,7597.92,82569.03
Total Hip Replacement,42,3,3,suite,6,42185.38,114843.86,23647.44,96302.03,15883.32,287524.68
Hysterectomy,46,3,2,single,4,24638.15,58049.37,13958.95,24011.67,9350.93,113271.96
Coronary Artery Bypass Graft (CABG),50,1,1,twin,8,152126.76,375676.52,105676.62,121832.45,78314.54,767248.75
Coronary Artery Bypass Graft (CABG),67,1,2,single,8,145273.28,324498.4,91159.42,95519.63,58187.49,759292.33
Caesarean Section,33,1,2,general,4,31812.03,70989.05,25337.37,21403.05,16418.95,153366.52
Hysterectomy,26,2,2,single,4,30286.63,74498.71,19419.57,21530.74,11362.22,183838.78
Normal Delivery,41,2,1,general,3,16401.12,28705.63,13885.46,11231.68,7181.71,70419.07
Typhoid Inpatient Care,66,1,3,suite,6,40850.94,0.0,23230.33,11774.48,8333.79,71098.7
Dengue Inpatient Care,50,1,1,twin,4,34253.06,0.0,25438.67,17580.03,17229.2,88099.67
Cataract Surgery,39,2,1,single,1,6507.88,36075.32,3250.6,15869.75,4557.71,75378.57
Typhoid Inpatient Care,53,1,2,general,6,30061.62,0.0,25246.45,14975.83,12984.25,85048.88
Coronary Angioplasty,57,1,1,single,4,70473.71,199961.07,46613.07,105753.01,29734.29,496003.15
Dengue Inpatient Care,67,3,1,single,6,37169.96,0.0,26615.22,16914.33,10699.1,93276.15
Appendectomy,34,1,1,suite,3,44566.83,100254.62,17357.65,21519.66,12583.57,174253.05
Hernia Repair,39,3,1,twin,2,10368.66,38233.92,6960.01,17812.86,5577.33,79101.07
Cholecystectomy,79,2,2,general,6,32034.9,44142.44,27093.01,20491.75,9729.25,139895.28
Normal Delivery,63,3,1,general,4,15800.04,20341.27,13577.81,11131.42,5124.37,70163.58
Cataract Surgery,81,2,1,twin,3,14995.0,30973.96,12251.24,19239.7,4678.1,86268.39
Dengue Inpatient Care,49,1,2,twin,4,28684.01,0.0,22114.25,13207.82,13925.27,76317.78
Hernia Repair,82,2,2,single,4,24031.79,43301.93,16035.02,19531.25,6746.06,123924.4
Coronary Angioplasty,46,2,2,single,2,19564.81,99951.31,12717.98,76388.0,14230.07,231397.2
Total Hip Replacement,32,3,2,general,7,40394.36,110156.47,30168.39,110880.95,21298.6,300739.1
Hernia Repair,53,2,2,single,3,18492.87,45889.84,10708.83,15715.09,7149.41,99373.08
Cholecystectomy,26,2,1,general,4,26384.55,58858.81,19008.39,22578.83,12358.95,127621.29
Kidney Stone Lithotripsy,71,1,2,single,4,39127.29,65045.88,20780.3,14520.6,8030.25,151921.27
Caesarean Section,73,2,1,general,4,28207.49,61555.83,23955.21,27064.85,12694.5,132449.15
Appendectomy,64,2,3,general,1,3756.22,34822.66,2634.73,13204.12,5234.28,50947.82
Kidney Stone Lithotripsy,20,3,2,single,2,10390.77,35205.1,5004.05,13259.0,4216.31,69515.46
Coronary Artery Bypass Graft (CABG),29,1,2,twin,8,122527.59,300167.35,89382.49,94335.83,52889.34,669825.97
Coronary Artery Bypass Graft (CABG),42,2,1,general,5,57423.09,225558.64,47753.12,107656.99,47922.04,515305.34
Hysterectomy,49,1,1,single,3,38289.37,115766.76,21220.41,28007.52,20308.54,189077.73
Kidney Stone Lithotripsy,51,1,3,single,2,13360.31,43973.03,7309.89,8165.8,5847.47,74236.62
Cholecystectomy,35,3,1,general,3,16713.52,50879.52,12440.99,21023.13,9284.63,112171.68
Caesarean Section,66,2,3,general,7,30961.01,41612.48,24983.29,17567.4,11300.93,129525.83
Coronary Artery Bypass Graft (CABG),36,3,2,single,9,99312.4,199322.04,67166.97,95196.26,35726.78,475856.41
Caesarean Section,62,3,3,suite,6,33073.37,43893.06,16598.9,14251.21,7753.67,111242.41
Cholecystectomy,32,2,2,general,3,15361.18,44017.35,10475.66,16431.75,7241.3,94070.57
Coronary Angioplasty,30,1,2,twin,2,26416.86,151345.32,19574.46,91577.53,24574.98,263307.52
Appendectomy,18,2,1,suite,2,20668.52,64293.08,7785.26,20686.71,7812.59,122081.03
Total Knee Replacement,64,3,3,twin,8,35322.05,82902.32,26497.93,85561.06,17429.22,267208.05
Hysterectomy,36,2,1,single,3,28348.58,80901.54,17377.75,30043.04,14272.72,159839.2
Cholecystectomy,33,1,2,twin,3,27148.48,69898.38,17259.01,16869.92,13459.79,154473.83
Appendectomy,65,2,1,suite,3,29966.83,68551.48,12411.03,20194.23,9568.15,147804.96
Kidney Stone Lithotripsy,54,1,3,single,2,14094.15,48770.75,6532.21,8788.98,6198.09,72718.14
Tonsillectomy,19,1,2,twin,1,6763.19,43527.37,4415.78,8412.03,5419.93,71251.89
Hysterectomy,23,2,2,twin,4,26500.0,64995.31,19167.33,20242.72,12814.86,142054.13
Total Knee Replacement,48,1,1,twin,6,80729.03,231147.45,65616.69,122714.83,41743.8,570321.41
Caesarean Section,45,2,2,single,5,32865.63,52334.09,21499.87,18550.34,9752.22,122976.53
Coronary Artery Bypass Graft (CABG),60,2,2,twin,7,73887.99,195375.86,55819.77,86414.26,36747.09,390372.12
Normal Delivery,25,3,3,single,3,10797.4,15594.41,7263.56,5988.75,3209.03,37231.22
Appendectomy,34,1,3,twin,3,18048.91,44607.29,10930.02,11137.79,7762.49,100660.41
Total Hip Replacement,48,3,2,general,8,44776.1,107872.96,39431.01,105264.05,21429.8,326642.5
Typhoid Inpatient Care,50,3,2,twin,7,25934.45,0.0,17879.83,14378.2,7750.23,68408.63
Normal Delivery,32,3,2,general,4,14334.69,17963.27,13076.25,8504.3,5357.74,54943.93
Hysterectomy,60,3,3,suite,4,22047.66,48745.07,11572.04,16692.11,6838.22,90869.07
Cataract Surgery,59,1,2,general,1,5149.53,34809.33,3967.79,12597.53,4731.98,61890.06
Cataract Surgery,55,2,3,twin,2,6310.12,17792.51,3965.63,9910.24,3118.85,40444.4
Dengue Inpatient Care,33,1,1,twin,3,27833.76,0.0,20998.08,17153.7,15859.09,72963.74
Hernia Repair,20,1,3,twin,2,10770.07,40124.36,6508.99,11367.03,5809.83,76266.47
Cholecystectomy,24,2,3,twin,3,14774.44,40763.12,8460.36,12685.16,6871.4,87871.28
Kidney Stone Lithotripsy,66,1,1,twin,3,28769.17,70730.04,17595.43,15746.71,8883.39,164581.79
Kidney Stone Lithotripsy,44,1,2,twin,1,8210.42,57193.56,4986.52,11597.56,7052.61,87098.08
Typhoid Inpatient Care,65,1,1,general,8,51875.7,0.0,44146.26,17648.28,14522.74,125896.46
Total Hip Replacement,63,2,2,twin,7,56657.34,141945.69,39974.52,111169.4,27213.64,360429.42
Cataract Surgery,48,3,1,twin,1,4528.06,27366.89,2897.09,15884.72,3452.51,58546.99
Hysterectomy,81,1,1,single,4,54023.02,112230.95,37157.36,34806.63,18732.04,271198.37
Appendectomy,35,1,2,twin,2,16422.17,62328.37,9573.94,17108.57,9318.44,102057.84
Appendectomy,75,1,2,twin,5,37701.01,67490.02,28218.63,17534.63,12083.53,207404.65
Cholecystectomy,50,2,1,suite,4,43244.57,77276.0,18647.53,22786.87,11575.01,149993.68
Typhoid Inpatient Care,42,2,3,general,6,17860.28,0.0,14540.34,11423.44,6688.25,55449.25
Appendectomy,79,1,2,single,4,38507.35,70681.58,22097.06,19756.01,10555.8,138977.2
Hysterectomy,33,1,1,general,6,51618.8,95973.76,43035.26,26886.58,23331.2,268936.36
Kidney Stone Lithotripsy,44,2,2,general,2,10514.89,36657.41,7229.63,13369.13,5783.52,77778.96
Total Hip Replacement,21,2,2,single,3,28790.31,151354.63,18120.54,112731.18,21310.97,331274.9
Hernia Repair,29,1,2,single,4,34700.64,56132.77,19022.42,15338.71,9946.74,124618.03
Total Knee Replacement,35,1,3,general,5,35475.69,134296.59,30124.35,80985.38,26628.53,278752.28
Hysterectomy,58,1,1,twin,5,60480.13,116825.94,39625.86,29425.88,20859.65,255404.27
Total Knee Replacement,21,3,2,general,8,41749.58,88990.21,35241.72,108151.48,22623.26,257052.07
Cholecystectomy,59,2,2,twin,2,12376.65,50066.51,7728.65,19522.88,9017.89,112699.81
Coronary Artery Bypass Graft (CABG),51,1,1,general,9,157943.35,343705.3,127908.22,113995.29,91194.79,801716.77
Kidney Stone Lithotripsy,49,1,2,twin,1,7643.6,50348.56,4280.91,11654.58,5885.27,84842.3
Hysterectomy,82,1,2,single,5,52743.21,100283.74,40037.76,24957.35,15909.02,165749.84
Normal Delivery,71,3,1,general,5,21520.58,22960.73,23044.79,13435.07,7052.26,102876.79
Total Knee Replacement,27,3,3,twin,7,34835.82,83750.23,25578.41,80931.96,15810.7,207323.12
Appendectomy,42,2,3,twin,4,17282.77,32796.8,9957.25,12858.06,5193.36,77196.7
Total Knee Replacement,70,1,2,single,7,90617.49,200153.13,63667.58,111349.06,33583.51,571373.63
Hysterectomy,38,2,3,twin,5,24301.55,45245.38,16247.42,17516.91,8516.11,120428.39
Tonsillectomy,59,2,2,twin,1,4590.02,31240.05,2841.77,6766.77,4012.55,45215.43
Cataract Surgery,74,1,2,twin,3,19055.96,37448.07,14140.33,14367.95,6882.65,100870.2
Tonsillectomy,39,1,3,twin,1,5232.27,33484.0,3183.39,5508.52,4111.92,56108.63
Coronary Artery Bypass Graft (CABG),66,2,3,twin,13,105253.25,145206.92,87546.26,70029.31,36247.59,405660.01
Cholecystectomy,25,2,2,single,3,21324.05,51497.37,11935.33,17510.27,8678.09,102789.56
Caesarean Section,48,3,2,twin,4,20831.55,40715.33,14315.82,20553.03,8814.79,102076.08
Appendectomy,40,2,2,general,3,14002.83,40382.54,10550.8,18139.33,6583.51,92110.31
Hysterectomy,62,2,2,twin,6,36587.33,59409.85,24462.03,23146.28,11550.91,132358.09
Typhoid Inpatient Care,74,1,2,general,7,34482.66,0.0,33477.49,15373.54,13343.25,76577.02
Tonsillectomy,44,1,2,twin,2,13143.98,41372.01,9062.68,7117.24,6445.21,79849.6
Dengue Inpatient Care,19,1,1,general,4,31362.73,0.0,26595.82,17812.8,17542.2,88137.57
Tonsillectomy,50,2,3,general,2,6689.67,21888.14,5063.14,5308.42,3276.07,43027.26
Coronary Angioplasty,25,1,2,general,4,39144.96,116413.78,32468.13,76816.03,23940.32,289175.44
Coronary Angioplasty,69,3,2,twin,5,33769.31,84837.0,28566.48,92156.29,16451.68,268626.17
Total Hip Replacement,38,2,3,twin,6,41500.14,112394.28,29167.15,84943.55,23049.15,277702.68
Cholecystectomy,32,2,3,general,4,17843.82,40141.33,12924.12,13871.34,8129.02,108035.71
Tonsillectomy,21,2,1,general,2,9820.77,32235.26,7515.94,9123.28,5055.59,58471.04
Hernia Repair,43,2,3,single,3,14175.77,30943.62,7343.31,11880.37,5203.64,69198.12
Normal Delivery,73,3,3,twin,4,12380.47,15347.75,10714.18,7788.5,3905.45,42058.93
Normal Delivery,55,3,2,twin,3,11987.23,18545.29,9225.21,9217.5,4783.9,48434.91
Kidney Stone Lithotripsy,29,1,2,twin,2,16541.98,61783.39,10574.96,11721.37,8366.92,112546.61
Total Knee Replacement,56,3,3,twin,3,14542.25,85251.84,10755.7,74516.01,12772.76,203399.69
Coronary Artery Bypass Graft (CABG),30,1,2,general,8,110048.46,271525.3,93979.11,85517.27,60718.41,567464.91
Typhoid Inpatient Care,31,3,1,general,6,21647.63,0.0,19693.08,19936.26,7697.53,71578.08
Caesarean Section,59,2,2,twin,5,31792.82,50314.45,21726.59,19350.62,11522.66,139784.58
Kidney Stone Lithotripsy,77,3,3,suite,4,20765.77,33174.87,9675.19,11339.72,3613.35,79854.94
Total Knee Replacement,21,2,2,general,4,26012.11,129293.23,23297.04,112402.15,24185.4,347219.26
Tonsillectomy,61,3,1,twin,1,4783.16,28590.31,3307.35,9011.98,3897.66,52054.19
Total Hip Replacement,31,3,1,twin,5,38582.22,152185.52,28517.77,128411.08,22899.12,358887.08
Total Knee Replacement,64,1,2,twin,5,52643.67,181796.83,38499.42,102644.91,30453.61,468139.41
Hysterectomy,62,3,2,twin,3,14624.65,45614.8,10470.52,19532.67,8741.87,94859.94
Normal Delivery,40,2,2,single,2,12185.74,27248.22,7915.67,8935.04,5683.84,61543.07
Normal Delivery,74,2,2,twin,4,19984.44,23483.15,16842.8,9185.34,5627.81,65615.2
Tonsillectomy,31,1,2,general,1,6035.23,39611.81,4441.12,8014.79,5772.59,61895.96
Cholecystectomy,36,3,3,general,4,12756.63,27177.82,9575.09,14375.25,5208.73,64342.79
Kidney Stone Lithotripsy,62,1,2,general,2,13727.1,57909.61,9329.28,11609.03,7237.99,112511.94
Total Knee Replacement,18,2,3,general,5,26970.48,91705.83,22271.91,82666.09,17307.62,249000.42
Coronary Artery Bypass Graft (CABG),68,1,1,general,6,103024.59,330554.56,85520.99,134213.93,59365.48,809824.54
Cholecystectomy,61,1,2,general,3,20647.61,61007.63,16679.51,16815.34,12464.8,131105.06
Dengue Inpatient Care,36,1,1,general,2,14679.83,0.0,13526.09,14340.46,12971.63,52737.02
Hernia Repair,77,3,1,general,5,22663.13,36665.38,19928.35,23750.84,7190.07,110130.38
Caesarean Section,23,1,2,twin,3,29122.49,75914.46,19505.61,21626.16,15374.81,144490.52
Typhoid Inpatient Care,65,2,2,twin,4,16694.19,0.0,14159.35,14927.41,7407.67,56791.52
Total Knee Replacement,32,1,2,general,5,45821.32,169106.52,37400.74,101406.31,32083.73,422958.09
Hernia Repair,56,2,1,single,2,14679.02,51298.63,7123.56,19840.04,7291.04,88295.18
Normal Delivery,49,1,1,general,3,20838.67,34336.38,18899.53,11232.54,10122.39,100655.53
Normal Delivery,49,3,1,twin,3,15593.85,23486.35,10595.97,12179.68,5812.3,74256.51
Cataract Surgery,53,1,2,single,2,15453.73,40591.45,7610.73,12039.43,6230.55,95469.22
Coronary Artery Bypass Graft (CABG),65,2,3,general,10,76871.2,158478.91,65437.51,81392.33,36214.06,400825.58
Cataract Surgery,29,2,2,general,1,3837.7,26230.89,2672.73,14213.39,3883.5,51381.63
Cholecystectomy,22,1,2,general,3,23652.57,71069.47,16789.46,16917.53,12779.53,135129.36
Dengue Inpatient Care,62,1,3,twin,5,29149.22,0.0,23131.51,10553.93,11312.87,74236.08
Hysterectomy,47,2,2,twin,4,27220.63,62218.32,19147.97,23082.47,12727.99,151927.14
Typhoid Inpatient Care,79,3,2,twin,6,22803.1,0.0,19641.56,18878.52,7444.42,54173.52
Typhoid Inpatient Care,49,2,2,single,5,26569.95,0.0,17506.65,16530.19,8082.07,75928.15
Coronary Artery Bypass Graft (CABG),57,1,1,suite,8,211849.84,441524.15,106494.59,117151.84,76695.76,793858.97
Tonsillectomy,55,2,2,general,2,7925.71,25507.39,6215.65,7296.28,3941.15,48750.59
Cataract Surgery,24,1,2,general,1,5481.06,35069.85,3625.23,13121.09,5144.58,59055.34
Coronary Angioplasty,77,3,1,suite,6,74353.71,122544.83,43825.72,111390.21,22259.95,345392.71
Cholecystectomy,27,1,3,twin,2,13098.93,54602.31,8536.93,12870.79,8488.96,85905.49
Cholecystectomy,57,1,3,single,2,14421.69,57499.9,8025.26,12448.32,8878.13,95995.14
Hysterectomy,80,1,1,twin,6,70103.81,118396.49,60340.21,31950.57,25288.32,347354.86
Cholecystectomy,34,2,3,single,4,20764.24,40841.85,12131.54,14521.44,6433.59,101760.1
Cholecystectomy,36,2,1,suite,2,21264.89,80961.2,8980.05,23034.9,9251.77,128621.65
Dengue Inpatient Care,69,1,1,twin,6,52289.12,0.0,41544.87,18246.67,17967.09,143379.26
Normal Delivery,68,2,1,general,4,21999.68,26770.3,20310.68,12394.1,8167.53,109890.9
Total Hip Replacement,33,1,2,twin,8,84839.79,198335.51,67067.19,107598.1,40121.13,515346.73
Total Knee Replacement,62,1,2,suite,3,42737.56,193934.72,20307.51,103533.31,24254.46,399613.73
Dengue Inpatient Care,21,2,2,single,5,31612.02,0.0,20432.22,14094.53,9814.61,71128.82
Typhoid Inpatient Care,19,3,1,single,5,23188.27,0.0,14704.21,17694.02,7204.09,67491.45
Coronary Artery Bypass Graft (CABG),52,2,2,single,11,153654.07,239891.82,100106.26,100559.98,56595.61,627086.3
Normal Delivery,57,1,1,general,2,15137.2,40646.4,13517.51,9994.21,9880.06,84452.26
Tonsillectomy,35,2,3,twin,2,7412.42,21433.79,4437.99,5955.24,3076.07,37065.23
Appendectomy,51,1,2,twin,3,25962.2,67019.07,15312.93,16205.69,10913.37,128956.45
Cholecystectomy,41,2,2,single,3,21606.64,54218.06,12364.8,16379.66,8292.75,131884.96
Tonsillectomy,23,2,3,twin,1,3522.13,21737.55,2179.1,5166.79,2511.44,31413.59
Dengue Inpatient Care,21,2,2,single,5,33261.26,0.0,21492.49,14305.4,11340.67,78265.42
Normal Delivery,25,1,2,single,3,25499.97,34132.54,15650.0,9713.35,8141.79,93519.26
Total Hip Replacement,46,1,2,general,5,45860.12,171548.3,38532.16,113897.58,33042.6,412890.99
Kidney Stone Lithotripsy,67,1,2,twin,3,22787.03,57800.28,14337.9,12701.85,7149.06,103872.16
Total Hip Replacement,82,2,3,general,8,42215.5,112776.92,46049.88,116582.56,22694.0,265447.87
Caesarean Section,43,2,2,suite,3,25549.57,68563.87,12312.07,18595.64,9298.44,128730.93
Kidney Stone Lithotripsy,19,3,2,suite,1,6649.16,36755.96,2769.38,11702.68,3621.67,57618.88
Cholecystectomy,64,2,3,single,3,16441.54,39237.81,9497.4,13809.75,6367.6,90547.53
Appendectomy,29,3,2,twin,4,16886.41,31823.54,9807.72,16675.38,5329.7,81355.9
Normal Delivery,68,1,3,general,4,18114.9,24508.45,17572.35,7822.16,6158.85,98310.63
Tonsillectomy,64,3,1,suite,1,6821.48,37348.17,2972.59,8978.48,4040.75,57382.72
Dengue Inpatient Care,65,2,1,general,4,21754.31,0.0,19118.96,15999.41,11573.1,58068.7
Normal Delivery,33,1,2,general,2,12182.41,30458.0,11328.26,8886.53,7486.65,67499.5
Kidney Stone Lithotripsy,81,2,1,suite,4,42614.64,67589.55,22199.43,19787.58,7311.49,158178.51
Hysterectomy,56,2,2,general,5,26687.35,54022.8,19612.92,19953.94,12001.1,132830.94
Tonsillectomy,38,2,2,suite,2,13066.16,37936.78,5703.46,7949.37,4109.78,68921.19
Hernia Repair,34,2,2,single,2,11699.15,37586.46,6490.12,17060.24,5486.24,92952.13
Coronary Angioplasty,64,2,3,general,3,17880.36,76889.98,14938.36,73025.11,12762.36,189578.46
Total Knee Replacement,34,1,1,single,6,93553.17,244205.54,56843.05,124287.85,43916.91,585186.73
Cholecystectomy,38,1,3,general,2,10677.09,44820.03,7613.16,14601.52,7515.72,84794.21
Dengue Inpatient Care,80,1,2,general,8,47933.12,0.0,52206.42,15495.84,17045.22,146883.79
Appendectomy,32,1,2,single,2,20013.8,74069.52,9641.72,16345.73,9822.82,132022.61
Hernia Repair,48,2,1,twin,2,12688.35,42657.4,7471.47,16571.48,7010.71,90673.55
Tonsillectomy,78,3,1,twin,2,9252.49,27219.98,7125.98,10642.77,4527.05,66688.94
Tonsillectomy,69,2,2,general,4,17429.0,27820.31,14831.27,7644.51,4924.99,70745.51
Hernia Repair,42,1,1,twin,3,26008.36,57476.92,16201.01,17559.06,9583.38,135954.57
Cataract Surgery,31,2,2,single,1,5310.04,30258.99,2753.13,13805.56,3396.87,53484.19
Total Knee Replacement,27,1,2,twin,5,49159.74,167218.16,38038.77,105061.05,29533.12,373085.32
Normal Delivery,46,1,1,twin,3,25577.23,36288.34,18708.38,9470.13,9825.55,94096.14
Coronary Angioplasty,18,1,1,general,3,39960.81,154681.67,31983.16,101698.62,31680.32,324762.93
Hysterectomy,39,1,2,single,5,54459.24,99054.85,34546.76,23831.91,17016.13,231238.58
Normal Delivery,82,2,2,single,5,29741.31,26816.68,24452.59,11148.8,6616.96,85487.32
Hysterectomy,29,3,1,general,4,20289.72,55669.51,15902.07,28289.22,10867.46,123317.69
Typhoid Inpatient Care,24,2,2,single,4,19912.13,0.0,12037.56,15818.06,6771.71,58499.72
Hernia Repair,68,2,3,twin,4,15788.4,25430.78,10218.13,12728.28,4741.47,73734.74
Kidney Stone Lithotripsy,73,2,3,general,3,11738.82,28147.85,8483.2,10399.34,4484.58,44029.05
Typhoid Inpatient Care,27,1,3,general,5,20859.09,0.0,18042.86,11971.59,9092.46,53615.62
Dengue Inpatient Care,74,1,1,single,7,71925.93,0.0,50372.92,18752.48,19008.94,147231.62
Normal Delivery,52,1,2,single,2,18116.78,38991.52,11418.9,8207.95,8003.59,94665.47
Cataract Surgery,48,3,2,general,2,6269.87,19611.44,4342.88,15034.7,3404.85,49947.76
Kidney Stone Lithotripsy,22,2,3,general,2,7573.49,30402.56,5336.2,9056.29,4017.88,50433.43
Kidney Stone Lithotripsy,49,3,2,suite,2,14033.5,42104.82,5780.27,13369.04,4543.16,86527.84
Hysterectomy,67,1,2,single,7,69763.63,88522.99,45665.33,23126.74,17817.59,223798.47
Typhoid Inpatient Care,28,2,2,general,5,19023.33,0.0,15813.13,16374.55,8241.75,64472.13
Dengue Inpatient Care,77,1,2,twin,6,41320.17,0.0,40757.86,15792.2,13301.54,127327.7
Coronary Artery Bypass Graft (CABG),56,1,2,single,9,156241.98,338432.78,105152.45,92174.13,62985.47,894595.83
Kidney Stone Lithotripsy,58,2,3,general,2,7632.81,30243.97,4825.63,9412.12,3860.56,55440.82
Cataract Surgery,39,2,1,twin,1,5640.3,32584.59,3733.78,15393.33,4300.85,69218.75
Normal Delivery,24,3,2,single,3,13850.46,20788.25,8732.86,8849.72,4236.39,55833.28
Tonsillectomy,73,2,2,twin,4,20670.4,30891.63,14219.1,8821.12,5028.43,94423.65
Coronary Angioplasty,30,2,1,twin,1,11462.11,125131.8,7801.17,104391.96,19427.72,302249.91
Normal Delivery,33,2,3,single,2,8275.57,20055.23,5427.63,6868.13,3781.74,43553.49
Appendectomy,46,2,3,twin,2,8888.06,35904.31,5025.34,12814.72,5505.08,64224.54
Cholecystectomy,24,1,2,single,4,40424.05,74905.56,20821.3,17177.73,14522.62,175561.87
Caesarean Section,57,1,2,twin,5,46815.52,71815.39,29853.22,19775.37,17041.36,176273.88
Hernia Repair,49,2,1,suite,3,26566.79,60124.42,11622.05,17003.85,7777.78,132786.51
Kidney Stone Lithotripsy,32,1,3,general,3,16076.03,40051.49,9620.23,9392.41,6254.5,93537.41
Typhoid Inpatient Care,55,3,1,general,3,11036.23,0.0,8886.76,17805.85,7276.61,51934.21
Hernia Repair,30,1,3,twin,2,11084.53,41530.13,6745.68,11663.34,5628.32,84429.45
Coronary Artery Bypass Graft (CABG),23,1,2,twin,8,131491.9,306243.87,96617.73,89676.33,54753.35,714379.83
Coronary Artery Bypass Graft (CABG),27,1,1,twin,8,143272.93,354462.8,106035.91,109179.4,64301.34,809690.99
Appendectomy,55,2,1,general,3,19258.34,50931.72,12329.31,17927.3,9358.6,105465.11
Coronary Angioplasty,22,1,2,general,3,31173.05,127386.7,29677.36,89990.28,24154.73,301585.81
Hysterectomy,26,2,1,twin,3,23790.54,81834.73,17502.14,28691.11,14366.99,166895.78
Kidney Stone Lithotripsy,52,3,2,twin,3,13665.61,31813.48,8361.88,12261.88,4583.58,72668.16
Hysterectomy,69,3,2,twin,6,30626.1,45350.82,24932.45,26108.76,9695.51,110050.79
Hysterectomy,67,2,2,twin,7,40111.67,58542.35,31140.02,24137.3,12547.41,154023.24
Cholecystectomy,44,2,2,general,3,16487.71,47297.52,11449.38,18778.41,8316.87,123221.28
Kidney Stone Lithotripsy,77,2,1,single,3,23744.4,49218.45,13116.02,17748.1,5926.85,107474.47
Hysterectomy,66,1,1,single,6,80930.81,122617.62,50099.96,27757.95,22139.12,353059.98
Cholecystectomy,37,3,1,single,2,14494.48,56539.91,7507.23,20983.24,7829.9,105595.58
Hysterectomy,40,2,2,single,4,28321.31,68779.37,18129.62,22993.31,11021.22,172165.9
Coronary Artery Bypass Graft (CABG),60,3,1,twin,13,154960.48,231288.48,120299.3,106686.28,60181.02,644708.86
Appendectomy,70,2,3,single,5,24804.21,35977.37,14520.52,12966.7,6012.51,109851.65
Tonsillectomy,62,3,2,twin,2,7302.05,22195.24,5081.17,7514.43,3285.04,38299.04
Appendectomy,18,2,3,twin,3,13189.69,31351.3,7840.52,11422.26,5015.85,66005.12
Caesarean Section,23,1,3,single,5,43057.28,69832.71,23883.51,16663.94,12332.88,151714.79
Hysterectomy,77,2,1,general,6,39794.12,65965.36,36369.71,33622.27,16747.08,187117.89
Hysterectomy,58,2,1,twin,3,23763.22,75667.99,16028.63,23714.64,13108.09,152976.66
Kidney Stone Lithotripsy,74,1,3,single,3,22352.67,51078.3,11659.78,11594.58,6390.43,103720.85
Appendectomy,41,2,1,suite,3,28132.41,63368.53,12248.41,18636.79,8983.64,130846.28
Tonsillectomy,78,2,1,single,3,19969.07,42005.78,12811.99,9823.56,5792.56,78316.07
Dengue Inpatient Care,74,2,1,twin,6,37725.28,0.0,32831.59,17090.55,11536.24,109050.3
Coronary Artery Bypass Graft (CABG),43,1,1,suite,8,216034.66,449918.7,114009.27,116155.37,67670.23,921701.32
Tonsillectomy,55,2,1,general,2,10396.6,33165.82,8156.94,10154.77,5280.21,78410.47
Cholecystectomy,36,3,2,general,3,12527.72,40216.24,10082.77,19033.52,7081.27,91088.09
Total Knee Replacement,55,1,2,general,6,57315.02,172321.34,47531.81,107135.07,33388.66,464221.75
Tonsillectomy,39,1,3,twin,2,10546.89,31239.05,6550.55,6124.76,4717.46,59276.01
Total Knee Replacement,31,1,1,general,6,72304.28,228284.93,62161.78,120599.43,42331.65,570650.42
Hernia Repair,51,2,3,twin,2,7949.08,28637.33,4965.07,10635.86,4066.33,46124.93
Total Hip Replacement,18,1,3,single,6,58895.75,154167.77,35868.79,88645.9,25246.57,376008.36
Cholecystectomy,53,1,2,twin,2,16792.42,73819.57,10784.03,15958.84,11744.3,113985.54
Dengue Inpatient Care,82,1,1,single,5,54347.79,0.0,44683.58,22034.0,16479.41,128222.36
Cholecystectomy,54,2,2,suite,3,26671.71,63792.13,11353.72,16092.22,7906.62,130068.65
Normal Delivery,29,2,2,single,3,17311.03,25927.96,10988.39,8260.09,4986.36,63519.86
Total Knee Replacement,64,2,1,twin,4,37961.69,165357.58,30775.18,138822.7,25841.87,394139.01
Total Hip Replacement,34,1,1,general,8,101257.82,239963.04,87875.49,125415.99,47783.94,573881.44
Kidney Stone Lithotripsy,37,3,2,single,2,10628.28,32373.22,5496.03,12773.04,4317.54,67175.4
Typhoid Inpatient Care,39,1,1,suite,4,45118.94,0.0,24022.55,18698.6,14553.26,101191.85
Kidney Stone Lithotripsy,80,2,1,general,4,25686.74,52464.23,22203.45,17258.34,8017.1,113420.83
Kidney Stone Lithotripsy,82,1,1,twin,3,26494.84,63961.8,21235.98,15914.08,9152.08,136485.07
Tonsillectomy,68,2,2,twin,4,20074.55,34498.9,14093.9,9009.67,5687.24,86025.94
Normal Delivery,45,1,1,general,2,15575.95,40036.05,13639.3,10858.2,8856.4,95748.39
Normal Delivery,44,2,3,suite,3,16522.47,22093.14,8590.67,6721.31,4440.85,54188.08
Total Knee Replacement,71,1,2,suite,7,100912.72,206771.34,54349.2,113560.02,37950.06,586256.3
Hernia Repair,67,3,2,general,4,15039.95,28033.8,10900.04,14473.28,5766.89,75691.97
Normal Delivery,27,2,2,suite,3,21133.93,31174.3,11506.98,9572.66,6063.87,81618.81
Total Knee Replacement,44,2,3,suite,6,45977.28,120105.36,23421.8,86028.46,18970.15,297482.77
Cataract Surgery,62,3,1,general,1,3614.49,24577.81,2620.96,15062.24,3679.89,42726.8
Coronary Artery Bypass Graft (CABG),40,1,1,single,7,160124.65,365674.13,96086.49,100810.54,67099.23,910790.63
Caesarean Section,59,2,1,general,4,27260.03,59842.87,22151.47,24474.55,12138.51,150868.48
Total Knee Replacement,57,1,1,single,5,71135.74,211653.91,43502.73,119445.62,38207.26,493094.61
Hysterectomy,65,1,2,single,4,40622.2,94189.69,25846.08,21624.06,14422.7,223441.85
Appendectomy,65,3,2,single,2,10302.55,38214.35,4848.18,17643.42,5199.13,77772.39
Appendectomy,82,2,3,single,5,25799.77,38868.34,16107.01,13979.71,7071.22,108838.67
Tonsillectomy,33,1,2,twin,1,7183.59,41380.92,4485.49,7123.39,5896.25,66195.33
Total Hip Replacement,56,2,3,general,6,30644.35,95704.56,28547.76,83611.89,19220.56,254311.17
Dengue Inpatient Care,78,2,3,single,4,18568.89,0.0,15660.7,11494.43,6886.92,37762.89
Tonsillectomy,44,2,3,twin,2,7229.01,20203.93,4544.41,5751.28,3218.89,38954.45
Dengue Inpatient Care,18,1,2,general,6,37812.77,0.0,35907.12,13571.94,14487.3,115094.68
Cholecystectomy,33,2,1,suite,2,20936.1,68085.5,9260.05,21870.04,8500.34,113514.31
Appendectomy,53,2,2,general,1,4961.67,44408.97,3293.82,16931.87,5778.26,67178.51
Hernia Repair,34,1,1,twin,3,26893.41,60975.53,16101.77,18679.54,11658.98,149262.91
Coronary Artery Bypass Graft (CABG),58,1,1,general,9,154788.02,361125.56,134291.08,103656.01,82657.97,875470.01
Kidney Stone Lithotripsy,73,3,2,general,3,11664.52,28876.6,8444.2,14538.85,3983.09,60630.41
Normal Delivery,53,3,2,twin,3,12123.88,17343.36,8977.62,9019.78,4540.63,49445.42
Cataract Surgery,30,3,1,general,1,3630.8,23675.46,2524.06,15810.4,3581.39,52440.28
Appendectomy,39,1,2,general,3,20099.79,54769.08,13392.55,17920.71,11059.08,139514.33
Cataract Surgery,25,1,3,twin,1,4252.9,26094.98,2563.83,9516.59,3864.05,48215.34
Kidney Stone Lithotripsy,20,3,2,general,2,7972.8,30032.58,5484.53,13365.51,4903.46,57049.37
Total Hip Replacement,40,3,1,twin,5,42427.83,145031.69,32511.71,137771.08,23507.56,355233.44
Kidney Stone Lithotripsy,57,1,2,single,2,17849.22,59050.66,9132.96,12505.17,6451.32,105384.19
Dengue Inpatient Care,20,1,2,general,3,18401.65,0.0,16959.21,13117.59,12977.4,60798.1
Kidney Stone Lithotripsy,77,1,1,twin,3,29691.56,70408.71,21009.38,16535.46,10251.19,147592.59
Cholecystectomy,70,2,2,suite,4,39260.38,69679.7,17200.15,18214.56,10567.53,133263.03
Normal Delivery,35,3,1,general,3,13434.28,21814.83,11280.84,9881.86,5390.74,57931.05
Dengue Inpatient Care,31,2,1,twin,3,20002.79,0.0,15411.97,16606.42,12016.03,71002.45
Appendectomy,53,1,2,general,3,20594.59,61149.07,14271.12,16311.91,10354.64,103344.53
Tonsillectomy,49,1,1,single,1,9906.24,58388.98,5073.69,9681.07,6767.47,102621.49
Normal Delivery,60,1,2,twin,2,15031.7,35634.0,11838.42,8164.87,8205.41,71113.03
Tonsillectomy,50,1,3,twin,3,16514.01,32320.68,10664.26,5823.4,5447.87,80773.92
Hernia Repair,80,2,2,suite,4,31705.22,44821.82,15405.37,19051.89,6267.63,132395.45
Total Knee Replacement,35,2,1,single,6,66292.07,177839.3,38393.27,115149.87,29533.73,421905.96
Cataract Surgery,65,1,2,single,1,7216.21,38443.9,3985.67,13960.79,4994.46,66310.87
Kidney Stone Lithotripsy,31,2,1,suite,1,10107.99,59872.42,4140.29,14596.01,5454.39,84839.02
Tonsillectomy,38,1,3,twin,2,10505.4,31616.7,6212.55,6170.81,4665.88,63758.42
Normal Delivery,18,1,2,twin,3,21690.59,33785.51,15886.39,9858.68,8863.1,89724.24
Coronary Angioplasty,34,2,2,suite,5,61517.35,113968.44,31663.75,88716.27,21394.27,290858.96
Typhoid Inpatient Care,80,1,2,single,6,42360.47,0.0,30570.54,17266.97,12125.44,120293.91
Hysterectomy,50,2,1,single,4,36484.87,77102.93,21804.89,28103.75,14836.3,149573.57
Typhoid Inpatient Care,58,1,1,general,5,33633.17,0.0,30368.73,19574.76,15056.49,91795.48
Caesarean Section,35,2,1,single,4,35184.06,71733.32,20261.93,23887.74,13954.83,170854.75
Hernia Repair,41,1,1,general,4,29989.38,55243.16,22289.09,19356.06,12782.43,161896.07
Dengue Inpatient Care,78,2,1,twin,5,30860.79,0.0,25430.2,17628.56,11424.22,86866.92
Total Knee Replacement,24,3,1,single,4,32242.41,122325.57,21649.4,125158.04,21578.66,343056.75
Tonsillectomy,35,2,3,general,2,6659.98,20407.86,4529.82,6774.81,3356.03,40454.92
Normal Delivery,66,2,3,single,4,17746.96,20688.62,11742.93,7016.32,4772.31,62230.6
Normal Delivery,45,3,3,general,3,8006.95,13064.81,7175.88,6535.96,3529.23,39144.22
Total Hip Replacement,55,2,2,single,4,37803.12,151733.81,22721.49,103228.87,23206.44,310368.21
Caesarean Section,70,1,2,twin,5,42761.33,78384.52,31280.82,23290.83,14637.71,175332.01
Coronary Artery Bypass Graft (CABG),76,1,2,twin,11,180102.72,331054.36,170819.06,113242.07,75567.63,935480.69
Dengue Inpatient Care,70,1,1,single,5,47765.71,0.0,34410.29,15740.56,16214.34,109002.45
Tonsillectomy,74,1,2,single,4,29435.7,39072.54,18723.9,9009.25,6078.76,93720.07
Coronary Artery Bypass Graft (CABG),47,1,1,twin,5,102778.29,388323.98,73156.3,119087.85,61135.56,763453.8
Hernia Repair,49,2,2,twin,3,14760.27,34320.56,8830.73,14458.41,6587.77,72228.39
Normal Delivery,18,2,1,single,2,13585.33,31416.99,9542.79,10758.33,5598.27,82837.1
Normal Delivery,26,1,2,twin,2,14273.06,33856.91,10152.02,9568.8,8036.47,78282.9
Tonsillectomy,28,3,3,single,3,10959.01,20780.12,6190.42,5968.06,2827.01,45117.35
Coronary Angioplasty,25,1,1,single,3,52047.87,177320.15,29497.09,93869.95,27762.67,418681.07
Coronary Angioplasty,34,2,3,single,4,31144.67,85572.49,20966.62,66886.82,13503.65,223280.16
Coronary Artery Bypass Graft (CABG),22,2,2,general,10,98460.02,186727.78,76571.01,97978.97,43522.19,487123.25
Typhoid Inpatient Care,29,2,3,twin,5,17605.5,0.0,13288.31,12350.98,6679.37,50384.9
Hysterectomy,62,3,3,single,5,23550.32,39227.89,13756.54,17517.38,7988.07,107449.33
Tonsillectomy,34,2,2,single,1,5328.16,31924.12,3056.94,7230.88,3380.13,51846.22
Coronary Artery Bypass Graft (CABG),51,2,1,twin,7,96824.51,256377.2,72153.37,114092.54,47191.08,506016.53
Appendectomy,32,1,2,twin,3,23913.33,64403.05,14172.68,16343.1,9160.93,119261.38
Total Knee Replacement,23,1,1,general,6,62963.27,196218.7,53166.59,136403.69,37425.42,512853.44
Kidney Stone Lithotripsy,49,2,2,single,2,12840.89,43202.87,6091.89,12152.59,5082.23,76252.33
Coronary Angioplasty,34,2,3,single,5,40720.24,84316.82,26559.86,67170.69,13791.65,234991.94
Coronary Artery Bypass Graft (CABG),32,2,2,single,10,129020.91,235452.36,83570.48,86823.93,42157.0,600985.12
Cataract Surgery,65,1,2,general,1,5488.65,36881.42,4011.17,14053.55,5378.84,60309.97
Appendectomy,80,3,3,general,5,16002.0,27476.26,12432.0,14166.91,4962.6,80893.49
Cataract Surgery,44,2,3,general,1,2839.54,18565.33,1974.77,9580.96,2733.62,36525.23
Typhoid Inpatient Care,49,3,2,general,5,15878.24,0.0,13471.73,13942.94,6148.24,48110.23
Normal Delivery,22,2,2,twin,2,10243.49,22382.42,7983.17,8840.93,5530.64,54805.32
Coronary Angioplasty,76,1,2,twin,5,61208.09,145217.97,53824.82,98062.07,29592.14,453610.42
Kidney Stone Lithotripsy,78,1,2,twin,3,23859.98,55880.71,17617.56,12966.94,7548.54,153919.48
Total Hip Replacement,21,1,2,twin,6,75235.25,229490.97,58468.27,107973.83,36828.01,565759.57
Caesarean Section,44,1,1,twin,5,57115.59,87029.36,38994.08,25846.98,19297.88,240336.26
Typhoid Inpatient Care,49,2,1,general,3,15164.41,0.0,11662.11,20229.14,8280.03,54817.96
Tonsillectomy,74,1,1,twin,3,26214.36,52599.01,20047.61,10472.11,8526.54,134489.21
Cataract Surgery,31,1,1,single,1,8303.41,51106.61,4281.13,15560.08,6064.47,83570.66
Hernia Repair,28,1,3,suite,2,17034.76,54393.32,7754.43,12163.36,6587.0,100158.0
Kidney Stone Lithotripsy,70,1,2,general,4,25467.8,51621.79,19001.35,12786.92,7666.11,113019.74
Dengue Inpatient Care,78,2,3,general,6,20474.68,0.0,20808.81,13167.06,7411.18,45089.53
Hernia Repair,82,2,3,general,3,11123.52,25148.23,9992.03,13258.54,5372.3,45047.15
Cholecystectomy,59,2,2,single,3,20358.77,48897.01,10294.38,17442.41,8557.24,106636.31
Total Knee Replacement,78,3,2,twin,5,31635.1,108725.51,29502.04,119290.82,20110.09,302727.47
Normal Delivery,18,2,2,general,1,4417.46,22077.14,4101.62,9639.35,5075.89,50259.68
Caesarean Section,18,2,1,suite,5,53912.31,79551.77,27048.93,23602.78,12944.33,207276.14
Hernia Repair,53,3,1,twin,2,10842.68,43453.1,6795.63,17968.84,6974.91,95362.02
Dengue Inpatient Care,78,3,1,twin,5,24667.85,0.0,24904.22,19085.97,9456.91,80833.99
Kidney Stone Lithotripsy,51,1,3,general,2,10547.2,43825.05,6684.4,10110.21,6239.3,87204.17
Total Hip Replacement,76,3,2,twin,10,69533.06,129803.55,58832.5,147831.83,26780.37,572188.4
Hernia Repair,56,3,2,general,2,7810.52,27292.31,5434.63,15403.93,4487.1,64665.79
Typhoid Inpatient Care,76,3,2,single,6,21737.88,0.0,17551.25,17633.55,6480.16,73202.54
Normal Delivery,30,3,2,general,2,7341.14,18327.89,6571.77,8851.65,4044.6,42456.79
Kidney Stone Lithotripsy,63,1,1,twin,2,19674.22,77526.78,11174.1,16607.67,8911.14,134342.8
Hysterectomy,28,2,2,general,4,21967.7,54275.4,16899.13,22515.59,10490.22,126489.25
Typhoid Inpatient Care,60,2,2,general,5,19689.4,0.0,16923.32,13952.0,7614.47,54397.04
Normal Delivery,59,1,3,single,3,19752.23,26329.61,11915.29,6671.07,5945.85,60237.15
Caesarean Section,56,1,2,single,3,28698.29,75930.74,18421.05,19753.37,12304.82,145751.82
Total Hip Replacement,27,1,2,twin,8,95884.6,219322.82,67507.53,122757.53,40874.67,581042.99
Normal Delivery,61,1,1,twin,2,16733.91,39744.79,12897.54,9793.2,8625.62,94144.12
Kidney Stone Lithotripsy,72,1,1,general,4,34188.26,58783.49,26159.04,16391.04,10380.22,143297.5
Normal Delivery,54,1,1,twin,3,23639.05,39597.93,19131.8,10308.5,9272.39,101599.79
Appendectomy,47,1,1,single,2,23354.57,87048.39,11252.79,19159.75,12044.83,144761.04
Hysterectomy,38,1,2,general,5,42031.32,90448.7,30931.47,21232.24,17285.66,209651.68
Appendectomy,40,2,3,twin,3,14140.89,39515.41,8189.96,11837.24,6283.5,78981.67
Typhoid Inpatient Care,20,1,2,single,7,53869.39,0.0,30487.75,14558.04,14335.77,121866.58
Appendectomy,18,2,3,general,3,11350.91,31677.33,7208.57,12085.13,5775.45,71620.26
Appendectomy,28,1,3,suite,2,16715.34,54814.97,6622.26,12323.75,7040.7,98075.99
Typhoid Inpatient Care,37,1,3,single,5,27556.43,0.0,16404.73,11768.86,8800.15,62624.29
Cholecystectomy,47,3,1,general,2,10378.52,46261.64,7586.25,23225.01,7518.75,102921.07
Hernia Repair,64,3,3,single,2,7894.81,25214.72,4146.46,12781.13,3470.39,55909.03
Coronary Artery Bypass Graft (CABG),24,2,3,single,9,86657.17,167727.86,58636.6,66290.99,35401.42,398863.11
Hernia Repair,49,3,1,single,2,13056.75,42615.21,7274.4,20607.67,5964.36,97166.57
Typhoid Inpatient Care,71,1,2,suite,8,69316.68,0.0,43627.5,18572.78,13111.71,152690.49
Coronary Angioplasty,65,2,2,single,3,31242.02,107345.03,22232.61,84436.42,18394.45,269236.58
Cholecystectomy,46,3,1,general,2,9796.11,41280.65,7301.86,20166.51,7612.52,92528.21
Typhoid Inpatient Care,74,3,3,twin,9,24170.92,0.0,20367.62,12482.89,6509.23,62927.07
Dengue Inpatient Care,28,1,2,single,5,42551.48,0.0,26310.64,12778.71,13479.81,82529.12
Typhoid Inpatient Care,22,2,1,general,5,21254.24,0.0,18102.62,17620.21,8541.33,61737.16
Dengue Inpatient Care,30,2,1,suite,8,66297.4,0.0,38374.96,15984.16,14403.3,136753.68
Coronary Artery Bypass Graft (CABG),19,1,1,single,9,212002.32,417397.92,127743.91,109717.26,87597.97,892821.26
Caesarean Section,42,2,3,general,4,16710.85,37040.01,13207.4,14509.61,7784.98,79774.9
Coronary Angioplasty,31,1,2,single,3,43735.08,159291.23,26510.11,78611.05,21826.75,322391.07
Coronary Angioplasty,61,2,1,general,2,20616.16,124252.35,16735.29,104126.69,21563.84,285543.45
Normal Delivery,45,2,1,single,2,15073.39,31655.87,9860.57,11496.69,6140.54,74923.95
Cataract Surgery,34,1,2,twin,1,6421.18,35263.06,4006.65,12887.98,4603.9,62776.24
Total Knee Replacement,49,1,2,general,3,26097.69,172916.96,21345.53,102933.82,26443.18,353184.63
Hysterectomy,27,3,2,single,4,23619.17,49507.82,13594.63,20819.29,8430.7,109123.92
Total Hip Replacement,54,3,3,general,7,30116.37,84280.7,27982.59,91406.56,18567.65,259338.37
Dengue Inpatient Care,39,1,1,twin,4,32999.55,0.0,26113.66,14903.81,15068.22,86316.77
Hernia Repair,49,2,2,twin,2,10872.72,39396.76,6308.3,14620.81,5839.46,76510.71
Appendectomy,23,1,1,single,3,33717.42,77327.27,18085.45,18827.35,11776.15,151888.19
Dengue Inpatient Care,36,2,2,twin,4,19565.37,0.0,14323.31,11817.68,10145.08,51505.53
Coronary Artery Bypass Graft (CABG),31,1,3,suite,8,124695.65,244888.39,67844.23,63132.83,44585.46,566681.34
Caesarean Section,64,2,3,single,5,27836.0,48658.02,17431.41,16956.71,9000.54,124826.9
Cholecystectomy,37,2,1,single,3,28753.37,65622.11,14700.98,20647.25,10277.84,150390.17
Dengue Inpatient Care,36,1,1,general,3,21149.26,0.0,19426.76,14306.38,12986.04,63841.0
Kidney Stone Lithotripsy,28,2,1,twin,3,19425.67,49017.35,11873.71,15815.93,6047.21,100148.85
Appendectomy,42,2,1,twin,3,19569.5,51869.67,12519.57,18362.14,7603.42,91016.15
Cataract Surgery,22,3,2,general,1,3032.24,18294.47,2092.94,13107.6,2719.49,35069.18
Coronary Angioplasty,44,2,2,single,4,42213.38,112907.06,25406.08,77787.57,19204.15,271066.09
Total Knee Replacement,18,2,1,general,7,59259.82,161427.65,47854.93,133193.49,29937.27,418398.73
Appendectomy,64,2,1,twin,3,22492.57,53427.93,13570.31,20904.54,8513.91,122564.0
Appendectomy,59,1,2,suite,3,34471.4,78417.55,12731.87,16462.88,8951.84,149275.54
Dengue Inpatient Care,39,2,1,twin,4,26860.2,0.0,19692.15,15643.94,11403.57,74315.51
Caesarean Section,59,3,3,twin,4,16429.44,35001.26,10934.29,15984.33,6586.88,75468.45
Total Knee Replacement,55,3,3,twin,7,35088.33,80975.22,24317.21,81589.43,15592.59,233069.83
Total Knee Replacement,62,1,2,twin,7,72977.95,185174.09,52419.54,93786.73,38465.35,409724.24
Typhoid Inpatient Care,40,1,2,single,5,34843.02,0.0,23003.99,13889.37,10706.16,95095.67
Normal Delivery,30,2,1,general,3,17115.51,26735.65,15790.03,11893.32,7239.33,80125.54
Total Knee Replacement,35,1,3,twin,6,49012.01,154764.46,34440.84,81410.88,28948.91,344703.7
Hernia Repair,41,2,2,twin,2,10137.87,34371.73,6449.86,14707.35,6125.93,68038.8
Total Knee Replacement,44,3,2,single,6,43163.76,115847.32,28533.98,107723.37,22229.13,347294.43
Total Knee Replacement,73,2,1,general,8,61751.94,142737.26,59448.68,139177.78,34480.69,431198.07
Cataract Surgery,37,2,1,twin,1,6073.72,33188.53,3746.45,17992.91,4842.1,65349.59
Cholecystectomy,19,1,2,twin,4,35178.87,70089.99,21047.41,18563.73,13824.67,142852.59
Appendectomy,55,1,2,suite,5,53217.81,78214.85,23541.46,16031.88,10701.23,188179.56
Hysterectomy,55,3,1,single,3,23251.77,69572.83,14322.96,26637.92,11337.86,130892.47
Cataract Surgery,82,1,2,general,2,9996.09,30549.79,9684.41,15660.28,5627.86,69376.6
Cholecystectomy,79,1,1,general,5,47398.02,75463.79,41621.85,26248.04,17010.73,193861.05
Tonsillectomy,76,1,3,general,3,13259.9,29326.57,11053.21,7028.79,4580.09,74235.8
Tonsillectomy,61,2,2,single,2,11603.23,30961.08,6302.64,7558.98,4056.05,68754.08
Typhoid Inpatient Care,20,2,2,twin,4,16189.76,0.0,12401.32,15491.37,7938.75,50870.34
Tonsillectomy,33,1,1,single,2,17877.63,49570.26,10889.91,8750.65,7398.46,104392.81
Appendectomy,78,2,2,single,3,19030.71,46280.78,12320.02,18425.83,6595.15,94228.59
Appendectomy,31,2,2,single,2,12371.66,45355.78,6493.56,15701.91,5862.56,83415.14
Tonsillectomy,41,2,1,general,3,16260.82,38012.09,11668.15,9663.14,6563.37,91081.63
Hernia Repair,71,3,1,general,4,17021.48,32067.5,14115.72,19588.11,5740.34,85502.37
Dengue Inpatient Care,24,2,2,twin,4,20152.63,0.0,14663.07,14222.6,9309.86,55476.42
Total Hip Replacement,75,1,3,general,8,59088.54,137875.3,63363.44,91096.66,33511.92,425494.33
Normal Delivery,80,2,1,single,3,22135.56,29705.15,16942.53,12215.14,6618.79,87086.05
Caesarean Section,47,1,3,single,3,23647.63,60239.81,12926.63,14639.42,11494.58,128109.38
Dengue Inpatient Care,77,2,2,single,4,23801.36,0.0,19417.26,16575.33,10138.75,70616.12
Cholecystectomy,77,1,1,twin,5,54968.32,94523.47,44886.31,26407.56,19368.31,213870.81
Caesarean Section,44,2,2,twin,5,30674.0,48725.24,21879.84,20828.08,10026.65,140954.66
Tonsillectomy,28,3,1,twin,1,4575.1,30606.71,2893.47,8747.01,3892.7,54076.81
Kidney Stone Lithotripsy,35,2,1,general,2,13198.77,50876.36,8064.64,14723.86,7138.77,87801.72
Coronary Artery Bypass Graft (CABG),75,1,2,twin,11,164439.46,262558.3,145302.07,111250.95,61483.14,803122.5
Dengue Inpatient Care,27,3,2,general,5,18333.64,0.0,15621.44,12264.32,7841.27,53204.59
Coronary Angioplasty,70,2,1,general,5,46513.52,124394.9,43780.47,118140.36,24025.79,325318.47
Tonsillectomy,18,2,1,twin,1,5883.24,37114.5,3906.91,8552.68,4907.99,55174.84
Hernia Repair,47,2,3,twin,2,8528.72,31693.55,5163.01,12225.85,4494.6,64845.38
Typhoid Inpatient Care,19,3,1,general,5,19302.42,0.0,15422.05,17464.68,8296.98,56571.66
Coronary Angioplasty,36,1,3,suite,2,27951.32,148950.91,14686.57,68121.71,18566.91,258522.03
Cholecystectomy,72,3,1,single,4,30734.07,56647.24,17520.68,26845.35,8635.43,146159.1
Hysterectomy,73,2,1,twin,5,42973.59,83317.66,30521.73,32746.9,17200.97,190913.28
Normal Delivery,24,1,2,twin,2,13301.68,33082.13,11236.74,8564.57,6623.65,80981.55
Normal Delivery,46,2,2,general,2,8520.76,21515.7,7693.88,8003.32,5233.12,54228.59
Typhoid Inpatient Care,54,1,3,twin,3,14144.98,0.0,10676.08,11597.08,7216.33,42424.2
Coronary Angioplasty,35,1,3,general,3,25566.28,104961.49,20649.8,64679.98,18278.93,231481.01
Normal Delivery,36,2,3,single,2,9494.96,19683.47,6046.76,7058.07,4704.92,48961.38
Total Knee Replacement,59,3,2,single,5,32421.92,111193.56,19262.87,92403.59,18733.07,299653.96
Coronary Artery Bypass Graft (CABG),73,2,3,single,11,110691.41,184880.29,78990.05,85950.83,35687.45,399703.93
Typhoid Inpatient Care,64,2,2,single,6,33657.43,0.0,20475.91,17540.56,9384.17,80764.55
Total Knee Replacement,58,2,2,single,5,49197.78,143212.5,30539.14,105632.23,22273.72,357149.13
Hernia Repair,18,3,3,general,3,8738.45,20815.77,6245.71,12750.97,3634.52,47944.63
Kidney Stone Lithotripsy,20,2,3,general,2,7776.28,29671.24,4806.5,9052.22,3883.27,58978.14
Appendectomy,46,2,1,twin,3,20612.97,58129.52,12886.28,20262.71,8754.34,121518.05
Hernia Repair,30,1,2,twin,3,23156.45,59125.75,14712.67,16289.93,9323.39,133985.6
Dengue Inpatient Care,18,3,2,single,3,14832.51,0.0,9556.04,13413.1,7158.33,42619.58
Coronary Angioplasty,35,2,3,twin,3,19524.53,76469.17,14492.77,63082.94,12869.08,183694.91
Dengue Inpatient Care,36,3,2,single,6,27700.14,0.0,18471.06,13786.4,7653.21,70606.79
Typhoid Inpatient Care,77,2,3,twin,7,23136.83,0.0,21236.36,14181.43,7142.19,49312.71
Cholecystectomy,59,3,1,twin,5,29601.68,49354.88,19144.87,23433.08,10430.59,145942.75
Cholecystectomy,18,1,2,twin,3,25471.23,69689.33,16113.55,17242.95,12006.72,143126.86
Tonsillectomy,26,2,3,general,1,2965.13,21844.02,2235.33,6005.08,3075.59,37366.68
Cataract Surgery,29,1,3,twin,1,5263.16,28986.92,3249.98,11537.6,4208.95,57191.14
Hysterectomy,76,2,1,single,6,53262.69,76013.83,37158.35,34154.58,15873.06,197674.86
Cholecystectomy,30,3,1,general,4,21004.53,47472.64,13655.61,21215.28,9609.78,115431.47
Hysterectomy,25,2,2,general,6,34292.08,66214.06,26664.96,23683.43,12963.46,144241.04
Dengue Inpatient Care,19,1,2,twin,3,20725.63,0.0,16984.21,12989.53,11099.8,61650.21
Typhoid Inpatient Care,44,2,2,general,4,15754.76,0.0,13137.39,16046.69,8187.8,52733.39
Hernia Repair,34,1,1,twin,3,30837.43,64594.73,17045.13,20607.32,10776.41,148189.92
Cholecystectomy,58,2,2,twin,4,22824.09,46303.54,15057.49,17282.85,8038.03,102363.39
Dengue Inpatient Care,69,2,3,suite,8,40516.65,0.0,25803.94,10629.4,9492.6,69869.24
Tonsillectomy,31,2,2,single,1,5878.97,32545.1,3379.43,7319.82,3613.06,52293.56
Appendectomy,73,3,1,suite,5,38020.81,55619.46,19317.13,21007.71,8038.92,149767.64
Hernia Repair,58,3,1,twin,3,17009.63,40419.45,10840.49,20915.09,7331.88,91343.29
Kidney Stone Lithotripsy,71,1,2,general,3,21152.7,51190.69,14690.52,12481.17,8192.19,104254.14
Cholecystectomy,70,2,1,single,5,42599.83,59614.81,26849.21,21893.61,12188.96,151671.65
Cataract Surgery,21,1,1,general,2,14023.52,43042.5,10601.52,17795.76,6741.03,78566.03
Normal Delivery,69,2,1,suite,3,26268.95,37506.09,16640.19,12095.48,6778.16,90736.11
Total Knee Replacement,73,1,1,suite,7,122126.44,284951.94,70365.78,147811.24,47806.91,827456.33
Normal Delivery,52,2,3,single,2,9507.39,20206.61,5695.8,6773.85,3990.77,43246.71
Hysterectomy,59,1,2,twin,5,48200.21,95874.95,33398.3,22449.22,20489.29,234234.01
Dengue Inpatient Care,48,3,1,suite,3,21270.91,0.0,11265.01,16073.37,7575.01,51679.91
Hysterectomy,80,2,1,twin,5,39521.64,74247.7,32793.89,28442.33,13864.15,203565.38
Total Hip Replacement,69,3,1,general,6,38773.55,136632.59,40782.48,168272.22,25154.35,347216.42
Total Knee Replacement,63,1,2,general,6,52008.66,167106.4,46063.86,111295.9,31597.64,399894.05
Tonsillectomy,51,1,3,twin,2,9849.02,32466.56,6705.68,6092.49,4103.52,58572.16
Cataract Surgery,53,1,3,twin,1,4745.29,25714.6,2668.47,10419.07,4053.15,40639.95
Cataract Surgery,20,3,2,twin,2,7155.31,20600.0,4036.4,13948.41,2955.08,50369.08
Total Hip Replacement,54,1,3,general,5,40281.24,143130.61,31518.95,93860.12,27788.33,308878.94
Total Knee Replacement,68,2,1,general,8,65332.27,137765.14,56716.65,141016.43,35654.43,433803.59
Hernia Repair,49,1,2,single,2,17748.24,53790.71,8745.0,16211.11,8243.81,100574.14
Coronary Artery Bypass Graft (CABG),34,1,3,single,8,105267.43,233519.17,64931.65,64976.03,43409.28,520000.27
Hernia Repair,69,2,1,suite,4,38724.36,59508.43,18803.31,21972.44,7954.46,135600.58
Hysterectomy,48,1,1,general,5,44910.39,91428.06,35645.87,26875.89,18880.83,201105.8
Total Knee Replacement,29,3,3,general,4,15741.6,67790.75,12383.85,84642.02,13057.38,214038.52
Caesarean Section,37,1,2,general,3,24124.78,73198.73,18115.09,18055.18,13052.34,149437.9
Caesarean Section,54,1,1,suite,4,59059.47,111474.61,28746.97,23879.53,19280.62,246081.07
Appendectomy,73,1,1,twin,4,40178.64,82379.39,28101.49,24328.96,14355.53,181434.06
Total Knee Replacement,32,3,2,twin,5,28789.4,101360.98,19436.13,91080.06,18825.59,264430.65
Cholecystectomy,62,3,3,general,2,6301.33,30126.26,5214.32,13298.87,5063.92,65378.61
Normal Delivery,60,1,2,twin,3,21106.27,30645.29,15408.03,8363.0,8331.83,89968.9
Coronary Angioplasty,80,1,1,general,5,62735.24,157034.53,66520.5,117851.02,31903.18,360917.75
Cholecystectomy,65,2,2,single,5,36889.45,53007.17,21317.68,19508.78,9896.84,143959.54
Caesarean Section,35,3,2,single,3,19456.44,46551.72,10848.34,19658.31,7790.01,105411.03
Typhoid Inpatient Care,82,2,2,single,7,33130.44,0.0,27835.85,16314.01,9318.97,86662.84
Typhoid Inpatient Care,65,2,1,twin,5,27554.96,0.0,19851.76,17860.13,9927.75,81711.31
Kidney Stone Lithotripsy,18,1,2,general,2,13775.38,53372.01,8696.61,12163.09,7647.95,90029.23
Normal Delivery,52,3,2,twin,3,13434.33,20237.68,9968.75,9098.58,4543.08,65795.7
Kidney Stone Lithotripsy,79,3,1,general,4,18666.24,35569.3,15364.82,16867.07,6068.08,81276.5
Appendectomy,58,3,1,general,4,21702.63,41793.74,14825.8,21926.19,9030.82,105118.83
Cholecystectomy,57,2,3,single,3,16059.07,39411.12,8977.56,12294.82,6160.95,80954.46
Total Hip Replacement,47,1,3,twin,6,53434.08,165727.0,40172.77,81295.79,29789.95,376039.12
Cataract Surgery,32,2,2,general,1,3924.87,25790.79,2937.57,14192.66,3942.21,53098.06
Appendectomy,56,3,3,single,4,15988.6,32006.0,7619.13,13193.1,4935.15,75773.34
Cataract Surgery,27,1,3,twin,2,9414.04,26893.52,5866.17,9699.36,4650.75,54845.53
Total Hip Replacement,37,3,3,twin,4,22674.03,97560.32,16333.58,86383.41,16538.76,260979.91
Total Hip Replacement,72,1,2,twin,7,76588.1,216617.21,70362.09,117943.66,39258.53,551089.18
Coronary Artery Bypass Graft (CABG),80,2,1,general,10,112275.02,224662.48,124976.59,120397.64,59309.55,325288.52
Coronary Angioplasty,42,2,1,twin,4,45727.69,138687.89,35848.4,102700.94,25695.14,374548.56
Total Knee Replacement,48,2,2,general,7,49575.41,131005.45,36837.48,114352.42,24774.84,370578.96
Total Knee Replacement,36,2,3,twin,6,33619.84,99246.53,25382.77,74912.99,18801.48,274776.31
Typhoid Inpatient Care,64,1,2,general,8,44949.04,0.0,42081.17,17824.79,13723.05,114636.32
Hysterectomy,66,3,1,twin,6,38317.87,61955.98,27399.21,31553.87,13485.4,168164.38
Hernia Repair,24,2,2,twin,2,10754.47,38148.51,6792.26,14654.64,6209.77,64310.75
Normal Delivery,44,1,1,suite,2,25759.04,54608.26,13700.01,10626.18,9936.92,111403.02
Typhoid Inpatient Care,75,1,2,twin,6,36121.02,0.0,32106.25,15730.69,12356.72,79497.99
Hysterectomy,80,3,2,twin,7,38864.95,50339.65,33155.88,27488.15,12934.87,129125.9
Caesarean Section,77,2,1,single,5,46157.44,77019.58,33160.43,28402.29,14961.89,209193.83
Typhoid Inpatient Care,27,3,1,twin,3,13584.37,0.0,9778.78,17601.66,6436.66,47696.29
Caesarean Section,28,1,1,twin,6,61469.71,84787.91,44754.82,24296.23,20590.86,256554.89
Tonsillectomy,39,1,3,twin,2,11717.47,33578.33,7150.28,6280.26,4799.13,63072.35
Appendectomy,58,2,3,single,5,27598.78,40025.89,13038.99,13156.31,6446.49,102108.52
Total Knee Replacement,79,2,1,single,7,77293.23,169025.12,61509.88,155687.71,32975.11,426225.73
Hernia Repair,50,1,2,twin,4,30030.0,50348.05,18707.9,14538.18,9866.81,142613.52
Caesarean Section,73,2,1,suite,5,55517.76,83009.13,32688.14,26607.87,12808.67,197021.47
Cholecystectomy,29,2,2,general,3,16189.45,43788.18,10959.46,15459.78,7858.67,99275.23
Typhoid Inpatient Care,68,1,1,twin,7,51770.53,0.0,43464.04,22057.42,15542.9,129874.77
Coronary Angioplasty,39,3,2,single,4,31726.69,89940.48,21634.64,87210.47,14591.55,242395.0
Hysterectomy,23,1,3,twin,5,32778.91,64895.2,21641.07,15093.61,12213.06,149263.52
Appendectomy,76,1,3,general,6,31283.52,42887.3,24817.86,14916.98,9405.05,116453.55
Caesarean Section,25,2,3,twin,3,14993.36,39881.3,9217.53,15088.71,6838.84,85928.91
Normal Delivery,56,2,2,general,3,12847.28,21209.85,10625.5,9208.77,5854.28,61695.86
Typhoid Inpatient Care,27,1,1,twin,5,38943.54,0.0,27512.98,18121.55,14518.01,107555.79
Cholecystectomy,77,1,1,general,4,36871.81,79820.56,31217.54,24538.99,17650.9,214675.12
Normal Delivery,37,1,1,twin,2,17766.3,39252.98,13074.81,11049.37,8973.93,83374.05
Total Hip Replacement,59,1,3,twin,8,77135.52,174438.89,55875.87,87169.62,33824.8,393416.55
Typhoid Inpatient Care,43,1,2,suite,7,59505.71,0.0,30865.88,16302.02,11489.07,106956.53
Hernia Repair,25,3,3,twin,1,3463.54,22776.87,2037.07,11486.43,3646.84,51737.77
Normal Delivery,77,1,2,suite,5,49403.53,35199.65,30856.66,10630.42,8777.45,156661.01
Total Knee Replacement,53,1,3,twin,5,40187.47,133145.62,31754.39,92025.77,24867.96,346404.46
Hysterectomy,37,1,3,single,3,23989.93,75068.5,15531.65,17943.94,11292.37,133792.05
Appendectomy,18,1,3,single,3,22319.55,50707.71,9985.48,12310.15,7583.13,105479.91
Dengue Inpatient Care,57,2,2,twin,7,35512.18,0.0,28227.4,11608.04,11227.93,80311.06
Appendectomy,82,1,3,twin,5,32992.97,52858.51,23273.61,15759.81,9810.93,120443.9
Normal Delivery,75,2,1,twin,5,31042.7,28715.49,28701.89,12647.25,7714.34,98567.65
Total Hip Replacement,81,1,2,twin,7,79310.18,188218.73,76891.17,129709.05,37706.59,453382.09
Total Hip Replacement,27,2,1,general,8,67957.83,173282.14,53300.35,136167.03,34823.83,576134.94
Cataract Surgery,21,2,1,twin,1,5395.92,33191.21,3392.9,16122.16,4272.87,68082.76
Total Hip Replacement,74,2,3,general,8,42787.59,110816.14,47445.76,102542.21,23273.56,432645.6
Tonsillectomy,49,3,2,general,1,3523.32,25199.48,2761.35,7307.95,3529.17,41382.01
Tonsillectomy,26,2,2,general,1,4284.63,29573.94,3226.84,7245.81,3911.71,47519.23
Tonsillectomy,77,1,1,twin,3,26017.35,48046.96,19200.92,11200.29,8823.42,103980.2
Typhoid Inpatient Care,22,3,3,general,5,10816.48,0.0,9642.71,12698.39,4771.19,37864.34
Dengue Inpatient Care,62,2,1,general,6,31747.97,0.0,31370.3,17283.56,14047.92,93544.84
Normal Delivery,65,2,1,twin,4,26186.77,31837.2,20197.88,11762.28,7826.91,91418.44
Hernia Repair,82,3,3,suite,4,18975.52,26688.55,9704.72,14969.9,3966.75,108900.63
Total Knee Replacement,73,1,2,general,7,64302.51,158269.09,62643.07,124093.79,38530.59,413581.14
Coronary Artery Bypass Graft (CABG),82,3,2,suite,7,92146.53,211310.22,63212.18,119992.33,32273.9,589403.2
Coronary Angioplasty,30,3,1,suite,4,50417.04,134051.11,28519.71,99761.59,18281.46,285617.37
Kidney Stone Lithotripsy,50,3,2,single,1,5640.22,39532.13,2921.39,11823.49,3946.69,67581.78
Total Knee Replacement,46,3,2,suite,8,71996.45,119276.73,33951.03,99215.44,23236.88,331975.49
Dengue Inpatient Care,71,1,3,general,6,25717.26,0.0,26450.25,11653.54,11274.81,81197.66
Cataract Surgery,39,1,1,twin,1,8336.64,46191.23,4843.73,17512.73,6849.68,82895.29
Cholecystectomy,20,1,3,single,3,21445.33,51443.69,11411.2,14568.2,8035.54,88065.15
Tonsillectomy,51,3,1,single,3,17253.84,29029.76,8660.2,9476.25,4113.54,81034.9
Typhoid Inpatient Care,22,1,2,single,4,31532.94,0.0,18698.53,15675.35,12636.32,86056.62
Coronary Angioplasty,61,3,1,single,4,39836.17,113170.63,25355.33,98280.76,16836.55,272189.7
Tonsillectomy,50,3,1,twin,2,9043.58,26348.78,5928.41,9696.43,3782.8,60752.09
Hernia Repair,29,2,2,twin,3,16727.12,41052.31,10306.07,15783.83,6486.36,95662.57
Dengue Inpatient Care,54,2,2,general,4,17462.09,0.0,16312.25,15041.95,9920.21,56901.38
Hernia Repair,63,1,2,single,2,16099.54,56367.77,9520.83,14950.15,7434.91,93159.54
Coronary Angioplasty,28,1,1,single,2,33586.0,183883.75,21491.28,90649.41,24030.55,369618.33
Cataract Surgery,42,1,2,twin,2,13750.19,39257.81,7614.14,14264.15,6419.25,78225.41
Total Knee Replacement,41,2,2,suite,6,60133.1,147724.48,29709.46,109312.24,24239.31,315567.25
Kidney Stone Lithotripsy,42,2,2,suite,3,24941.81,52964.5,11033.65,11881.24,5744.35,112952.04
Kidney Stone Lithotripsy,67,3,2,twin,4,18273.75,35430.2,11232.83,13752.1,5082.99,87971.78
Kidney Stone Lithotripsy,74,2,2,twin,4,23144.6,41599.16,15313.04,14823.78,6587.98,113703.02
Coronary Angioplasty,68,1,2,twin,5,63978.96,144135.65,53077.64,95345.42,26355.08,423001.06
Cataract Surgery,59,2,1,single,1,6449.44,35155.68,3206.52,15932.12,4247.95,70431.83
Coronary Artery Bypass Graft (CABG),63,1,2,suite,8,195118.11,368789.03,101516.64,98843.65,61381.57,665227.82
Normal Delivery,62,1,1,suite,3,36968.07,48597.1,18395.13,10130.57,10377.2,119432.94
Hysterectomy,32,3,1,general,3,15858.1,58630.08,11605.26,27567.91,9560.55,125610.36
Normal Delivery,60,1,2,general,3,19413.08,31470.53,18504.8,9761.62,9516.74,94712.47
Dengue Inpatient Care,27,3,2,general,5,16537.09,0.0,14804.19,13940.42,7942.13,56308.51
Total Knee Replacement,55,1,2,twin,6,67317.16,177686.92,46598.76,111012.41,36741.79,393510.07
Typhoid Inpatient Care,80,1,1,general,7,42563.84,0.0,46381.86,22567.7,14015.18,109168.66
Cataract Surgery,29,1,2,general,1,5156.77,34727.37,4132.07,13502.82,4627.9,59353.57
Hernia Repair,58,3,1,single,2,11709.63,41613.74,6556.12,16630.43,5982.02,93129.57
Normal Delivery,31,1,2,twin,2,14787.41,37140.65,10708.52,9054.59,7802.21,70450.67
Kidney Stone Lithotripsy,82,2,2,general,4,18506.32,36982.96,16768.76,15579.21,5766.79,97486.1
Cataract Surgery,79,3,3,twin,2,4861.98,15515.23,3963.92,12655.26,2190.09,52965.93
Cataract Surgery,68,3,3,general,3,6860.83,14266.7,5410.65,11557.0,2216.35,32634.24
Coronary Angioplasty,20,1,1,single,3,50690.88,191200.12,30818.34,102184.37,30550.92,439188.56
Normal Delivery,32,1,3,general,3,15268.53,24896.71,13901.3,6954.65,6583.35,69387.38
Hysterectomy,33,3,2,suite,4,26272.08,61350.74,13623.05,22198.73,7977.0,119323.8
Normal Delivery,22,3,3,general,2,5378.27,13116.96,4362.47,7509.98,3289.75,31642.92
Appendectomy,49,2,1,single,3,25075.29,61285.67,13206.99,20371.7,9497.16,124968.56
Total Hip Replacement,71,1,3,single,7,72487.99,188017.93,55525.4,105963.07,32875.99,536972.18
Coronary Angioplasty,50,2,1,twin,3,34088.83,117260.18,23814.97,106067.89,19724.1,281349.91
Caesarean Section,81,2,2,general,6,30356.37,44058.41,31920.81,23151.38,11082.94,102322.97
Caesarean Section,68,1,1,twin,6,66438.09,84553.21,50976.04,25753.0,19609.61,211572.83
Cholecystectomy,22,2,3,general,3,11688.25,37784.79,8810.07,14499.62,5965.88,79077.57
Cholecystectomy,79,3,1,suite,4,33038.28,56484.88,17662.75,25335.42,8699.92,133776.98
Caesarean Section,26,1,1,twin,4,42180.39,93191.65,33022.74,23026.41,16967.37,221961.94
Total Knee Replacement,75,1,3,general,7,49297.53,128406.39,51217.08,100778.07,24765.48,390012.54
Coronary Artery Bypass Graft (CABG),29,1,1,general,8,145859.52,341341.54,115755.22,115985.57,79493.61,716463.54
Normal Delivery,71,3,2,twin,4,17148.9,21196.09,14757.97,9446.43,4628.26,55993.29
Normal Delivery,41,2,3,single,2,9650.76,20000.79,5937.07,6139.06,3900.43,43583.95
Total Knee Replacement,32,2,1,single,5,50755.73,162674.61,30602.44,130025.98,28898.1,472445.43
Total Knee Replacement,76,2,3,general,7,37517.32,98417.84,38112.36,98772.23,22156.0,303791.22
Cataract Surgery,46,2,2,twin,1,4533.61,24978.12,2882.35,13384.75,3986.34,51856.16
Typhoid Inpatient Care,29,2,2,general,6,24968.45,0.0,21941.52,15202.54,9717.54,79800.92
Hernia Repair,59,1,1,twin,2,16819.44,60499.49,10349.54,19400.04,9090.31,137675.51
Total Knee Replacement,71,2,2,single,6,50963.26,146666.24,35658.73,111264.71,22547.26,401039.15
Coronary Artery Bypass Graft (CABG),35,1,3,single,12,173150.52,246302.77,105486.06,67047.45,55396.66,672838.33
Total Hip Replacement,34,1,2,twin,7,82076.38,213525.28,62378.52,118079.56,37470.38,526820.28
Coronary Angioplasty,73,1,1,single,6,111824.95,188562.85,88452.37,129230.53,35998.19,578159.1
Hernia Repair,43,1,2,single,4,31174.81,57041.53,16323.59,15227.93,9215.05,129705.06
Normal Delivery,61,3,1,single,3,19006.53,26434.09,11403.4,10099.87,5436.04,82411.95
Caesarean Section,51,1,2,twin,2,18152.39,74146.58,12758.5,21803.3,14441.7,140602.11
Caesarean Section,69,3,2,general,6,26497.35,39380.74,23854.28,21085.22,10388.2,127121.71
Total Hip Replacement,24,3,2,twin,7,41943.86,106842.4,32950.74,121255.84,18709.17,313382.41
Hysterectomy,61,3,2,single,3,19074.03,52596.06,11894.17,22119.29,9669.15,114249.89
Dengue Inpatient Care,41,2,1,single,4,25515.86,0.0,18650.93,16537.2,10084.95,70165.82
Hernia Repair,49,2,1,general,2,11413.79,40608.03,8067.15,18038.8,6672.43,83042.18
Cholecystectomy,68,2,2,single,5,34085.7,52611.4,18546.07,17251.41,9312.45,124199.19
Coronary Artery Bypass Graft (CABG),28,1,2,twin,8,127204.21,280209.08,89065.5,93542.91,62346.16,599599.58
Typhoid Inpatient Care,43,2,3,twin,3,10166.17,0.0,7824.42,11571.57,5703.21,33323.11
Cataract Surgery,22,1,1,single,1,8820.49,51766.47,4813.09,15680.86,6200.68,90493.85
Dengue Inpatient Care,80,1,1,general,5,38475.97,0.0,40412.98,19830.38,16046.81,98910.24
Coronary Artery Bypass Graft (CABG),60,1,2,general,11,170833.02,301202.27,128092.55,92412.01,74083.4,822479.37
Kidney Stone Lithotripsy,75,1,2,general,4,26720.05,52631.02,20576.86,13816.54,8536.82,137251.28
Dengue Inpatient Care,45,2,3,suite,4,24952.23,0.0,12104.1,11370.93,7723.32,57446.22
Hernia Repair,53,1,2,twin,2,14651.47,50158.76,9612.93,14522.03,8351.37,104597.34
Cholecystectomy,68,1,1,suite,4,54645.24,91941.77,24954.94,23080.46,14803.51,247347.93
Cataract Surgery,35,1,3,general,1,4197.18,28578.09,3005.24,11321.62,4408.73,51179.52
Caesarean Section,62,2,2,twin,5,34400.81,54428.51,23459.65,19994.89,11306.06,130497.78
Coronary Angioplasty,67,2,1,twin,6,62363.63,120083.8,53915.58,108989.99,26104.78,430697.96
Total Hip Replacement,38,1,2,twin,6,62579.96,194822.4,46664.0,103875.11,32488.59,432549.65
Appendectomy,27,1,2,general,2,15367.28,59598.15,10265.5,15765.27,10571.42,112577.93
Normal Delivery,27,2,2,single,2,11739.87,25675.91,6996.0,9091.79,4580.45,64242.54
Hernia Repair,77,3,1,twin,5,23737.33,35949.29,19026.24,20767.7,7204.95,108070.09
Appendectomy,28,2,2,single,2,12832.66,49864.34,6629.73,17386.14,6819.54,96195.05
Caesarean Section,63,2,1,general,5,35084.44,66360.05,30654.92,23631.91,14280.3,185883.78
Total Hip Replacement,43,1,2,twin,6,74773.5,231959.41,55064.74,119406.91,41307.96,587912.24
Normal Delivery,38,3,1,general,2,8568.56,22867.56,7861.92,11957.06,5693.26,44199.64
Hernia Repair,38,3,1,suite,2,14944.41,48170.49,6375.18,18918.36,5992.69,101684.15
Kidney Stone Lithotripsy,18,3,1,twin,2,11054.49,39364.55,6126.29,15222.13,5359.77,86387.03
Tonsillectomy,27,1,2,general,1,5811.55,39298.9,4419.7,7132.83,5044.98,66915.04
Caesarean Section,62,3,2,general,5,22182.69,41425.9,18026.97,21158.93,8952.48,104056.62
Kidney Stone Lithotripsy,58,2,2,twin,2,10844.83,39473.64,6348.17,12339.06,4880.36,79117.27
Cataract Surgery,63,1,3,single,1,5859.88,32745.64,3317.34,11125.52,4142.48,64287.49
Hernia Repair,31,1,1,single,2,21447.1,72009.82,11650.61,20236.21,9956.29,140229.63
Typhoid Inpatient Care,25,1,3,twin,4,17306.04,0.0,14303.98,12269.21,8509.05,51310.03
Caesarean Section,36,2,2,twin,3,19616.53,54864.71,13973.99,20051.27,10220.94,113387.87
Hernia Repair,61,1,2,suite,3,31779.4,67207.01,12944.69,14825.88,9425.02,132426.03
Normal Delivery,65,2,2,general,3,13883.42,22920.86,13295.09,9542.03,5466.47,57230.27
Cataract Surgery,28,2,1,suite,1,8022.89,41948.63,3499.55,16877.99,4360.41,69318.8
Cholecystectomy,78,3,2,suite,7,48339.66,51840.27,25365.73,19154.42,9486.33,206563.23
Cataract Surgery,79,2,2,single,2,10785.21,30308.58,7021.72,16916.34,4000.49,85467.13
Cholecystectomy,59,1,3,single,3,22353.43,56079.04,12941.28,14679.79,9796.32,116514.43
Total Knee Replacement,64,1,2,twin,5,54556.25,187066.73,37048.42,103859.08,31918.2,474730.33
Tonsillectomy,33,1,2,single,3,23885.85,48158.68,12333.84,8180.71,6334.32,101142.44
Appendectomy,81,2,2,single,6,39537.98,50480.24,25930.59,17826.78,9188.9,160111.39
Coronary Artery Bypass Graft (CABG),28,1,2,single,11,210208.77,302057.15,115630.62,90935.56,75732.13,774838.28
Normal Delivery,40,1,2,single,2,16782.5,34880.54,10931.73,8915.08,7314.25,78166.83
Cataract Surgery,45,1,2,general,1,5530.46,34132.39,3600.02,12349.18,4683.18,58238.9
Hernia Repair,58,1,2,single,2,17353.42,57511.69,9287.96,16965.25,8958.91,117145.85
Dengue Inpatient Care,32,2,2,single,6,34003.36,0.0,23145.24,12072.41,9546.55,79407.65
Typhoid Inpatient Care,39,3,2,single,4,16324.18,0.0,11210.43,15404.16,5631.96,44461.02
Coronary Angioplasty,26,1,1,suite,5,100746.17,215275.64,55912.37,96720.04,33930.48,508750.12
Dengue Inpatient Care,64,1,2,general,5,32535.82,0.0,31228.48,14202.88,15695.38,96963.46
Coronary Artery Bypass Graft (CABG),75,2,2,general,11,115674.5,219416.19,116355.85,107632.78,50868.11,699960.94
Kidney Stone Lithotripsy,75,1,3,general,3,16767.54,41588.94,12914.94,10271.55,5900.22,109093.07
Cataract Surgery,30,2,2,single,2,10681.9,28951.89,5406.87,12693.48,3892.45,50865.05
Kidney Stone Lithotripsy,52,2,2,twin,2,10932.84,38875.54,5989.1,12703.25,4676.28,67494.92
Normal Delivery,32,1,1,general,3,21466.81,40033.12,20492.45,11304.94,10447.63,89539.92
Coronary Angioplasty,21,2,1,single,3,40769.21,143373.43,25782.91,98804.42,20555.6,295876.14
Coronary Artery Bypass Graft (CABG),69,1,2,twin,11,166343.29,287641.93,134416.93,94549.78,68931.56,774412.01
Dengue Inpatient Care,67,3,2,general,4,13470.54,0.0,12912.73,13954.95,7694.13,52261.27
Tonsillectomy,80,1,2,single,3,23913.38,45823.44,15892.89,9277.1,6197.5,125779.12
Hernia Repair,67,1,2,twin,2,13875.66,52975.16,10176.69,14359.29,8510.85,106053.16
Cataract Surgery,38,1,1,general,1,6815.21,45105.16,4814.24,15554.84,6503.27,82576.01
Total Hip Replacement,19,2,2,twin,7,54190.07,148748.11,36831.7,104305.14,26428.3,407461.56
Cholecystectomy,74,2,1,general,5,32811.37,55280.27,26337.41,24357.96,13402.05,148019.42
Caesarean Section,55,1,3,general,4,24426.52,59532.79,18877.57,16404.58,13348.27,139658.77
Tonsillectomy,20,1,2,twin,1,6795.01,40296.78,4151.33,7943.7,5412.25,66768.02
Total Hip Replacement,36,3,1,general,7,48192.87,130610.16,41678.6,125291.71,26122.14,351026.57
Kidney Stone Lithotripsy,74,2,1,general,3,17377.13,47251.08,13638.93,15471.29,6320.5,128768.55
Total Knee Replacement,21,3,2,twin,6,36117.04,102236.38,27455.41,104997.38,20639.88,286396.94
Total Hip Replacement,79,3,1,single,7,63675.3,161771.89,46090.53,143800.47,23625.51,391019.59
Normal Delivery,40,1,1,single,4,41950.62,43638.33,27850.25,10321.58,11055.29,152765.6
Kidney Stone Lithotripsy,38,1,2,general,2,13394.62,55227.88,9449.83,11639.03,6642.27,97402.53
Total Hip Replacement,45,1,1,general,8,99332.88,214074.62,85029.17,143356.59,54344.28,474376.39
Caesarean Section,40,2,3,general,3,13233.87,38838.6,10648.63,13865.87,7751.75,71902.12
Cataract Surgery,71,2,1,twin,2,11763.93,35059.67,8333.35,19181.74,4678.91,76216.42
Tonsillectomy,30,1,1,twin,2,16590.3,48431.59,10245.5,9614.35,7747.61,98531.09
Tonsillectomy,59,2,3,twin,2,7347.31,21458.38,4776.0,5850.03,3208.14,39891.81
Typhoid Inpatient Care,26,2,2,general,5,18887.95,0.0,15067.41,15536.19,7437.23,51259.89
Total Hip Replacement,48,2,2,suite,6,68356.98,191850.42,35825.95,126411.02,24244.05,474145.14
Hysterectomy,31,1,2,single,3,28338.78,87203.87,18324.81,22983.45,13210.31,150630.65
Total Knee Replacement,69,2,1,twin,6,54381.3,158452.3,44448.28,146169.0,32950.75,498868.18
Dengue Inpatient Care,50,1,1,single,7,68688.94,0.0,46539.74,16365.57,19263.6,152072.51
Dengue Inpatient Care,51,1,1,twin,3,25550.78,0.0,19211.71,14602.22,15465.65,78486.21
Normal Delivery,34,1,1,general,3,21995.44,37647.17,20344.88,10685.44,9044.14,97486.27
Normal Delivery,74,2,2,general,4,17177.18,22284.15,17300.23,9985.0,5608.32,61726.7
Appendectomy,21,2,1,general,4,24320.52,46088.01,14541.6,19059.28,8426.81,111746.8
Dengue Inpatient Care,82,1,2,single,4,32429.54,0.0,27916.45,15703.56,11919.81,77518.0
Coronary Angioplasty,48,1,1,twin,5,78809.45,176618.37,54130.32,109157.43,34312.62,459638.92
Appendectomy,43,2,1,single,3,25649.33,61137.64,12959.43,20055.99,8409.61,129553.3
Hysterectomy,82,1,1,single,6,74084.86,109261.55,61090.93,34655.73,22942.45,310063.32
Appendectomy,68,1,2,single,4,38200.17,64006.95,21455.17,16265.66,11503.08,142535.34
Appendectomy,74,2,3,twin,4,17903.78,35508.89,13459.4,14708.99,6470.26,79213.17
Tonsillectomy,26,3,2,general,1,3609.25,23572.56,2692.02,7277.42,3278.57,37249.43
Dengue Inpatient Care,73,2,2,general,6,25842.15,0.0,28367.81,13753.55,10024.7,81004.76
Cholecystectomy,75,3,2,twin,5,23911.52,39901.94,18383.98,22658.71,7639.22,116719.53
Typhoid Inpatient Care,30,2,3,suite,7,34045.58,0.0,16261.96,11387.1,7080.27,80735.63
Appendectomy,21,3,3,twin,4,14209.77,27807.71,7705.41,12330.93,4996.73,67179.86
Total Knee Replacement,82,1,2,twin,7,81409.92,205324.56,79198.75,129295.2,38554.32,501053.01
Coronary Angioplasty,53,2,2,general,3,24875.66,93133.66,20275.96,83398.13,18720.84,261983.02
Total Hip Replacement,41,2,3,single,7,52085.73,133474.77,33348.73,80435.76,20557.98,330870.45
Appendectomy,55,1,2,twin,4,30803.13,60535.82,17155.57,17349.7,9801.02,151692.63
Typhoid Inpatient Care,54,2,2,twin,6,26672.8,0.0,20964.02,17060.47,9049.98,81958.26
Caesarean Section,18,2,2,single,5,38132.03,60840.97,24482.25,19859.2,12555.29,160106.72
Kidney Stone Lithotripsy,65,2,1,twin,2,13831.84,52681.3,8948.52,15306.63,7287.98,85282.86
Normal Delivery,73,1,1,twin,5,44256.83,40705.95,37508.45,11518.7,12198.7,165308.16
Coronary Artery Bypass Graft (CABG),81,3,1,general,8,76774.85,182124.39,77561.41,141780.08,45361.73,453136.78
Hysterectomy,21,1,1,general,4,39535.76,102970.07,31899.87,25826.34,19412.75,243471.01
Typhoid Inpatient Care,24,1,2,single,4,29856.69,0.0,17175.22,13713.86,10050.33,62541.67
Total Knee Replacement,76,1,2,twin,6,64993.93,173789.68,51099.32,124949.71,35393.96,376720.09
Hernia Repair,70,1,2,single,4,34277.64,57282.86,20728.91,15557.18,9898.29,150561.43
Hernia Repair,66,1,2,suite,4,42900.74,62360.96,18364.34,14109.41,9844.25,150761.72
Cataract Surgery,38,1,1,single,1,8621.1,46683.11,4440.24,16756.77,5661.2,77372.99
Hysterectomy,50,3,1,single,5,35954.65,58687.12,19136.79,24938.93,11658.0,141251.34
Caesarean Section,78,2,2,general,7,37250.48,46333.68,32802.53,20576.66,12185.72,158622.43
Appendectomy,38,1,1,single,3,32447.7,81173.69,15676.99,18625.15,12250.4,159082.46
Kidney Stone Lithotripsy,45,1,2,twin,2,16527.38,62898.63,9192.84,11187.84,7445.04,115670.39
Tonsillectomy,69,1,3,single,3,17643.96,33290.63,9619.34,6202.34,4438.37,50321.08
Kidney Stone Lithotripsy,18,1,2,single,2,18863.43,65624.88,8870.58,13035.83,8023.24,108196.21
Kidney Stone Lithotripsy,25,1,2,twin,2,16618.54,56017.62,9850.49,12456.45,7448.87,103821.87
Normal Delivery,38,3,1,twin,2,10042.67,22302.87,8062.53,10837.62,4710.31,56584.02
Typhoid Inpatient Care,50,1,2,suite,6,56959.71,0.0,29439.86,15426.12,11710.21,116306.48
Cholecystectomy,35,3,2,general,3,12247.14,37491.34,8541.56,16267.9,6539.97,80678.93
Kidney Stone Lithotripsy,77,2,3,single,3,15051.67,34272.7,9246.53,11493.86,4058.26,81536.4
Tonsillectomy,57,2,1,general,2,9739.51,33387.97,6949.27,9196.01,4526.08,64758.63
Coronary Angioplasty,45,3,3,twin,3,17196.11,64337.05,13469.22,63718.65,11981.09,172848.51
Total Hip Replacement,52,2,3,twin,6,38129.21,112960.52,27597.86,98314.2,18845.24,336919.46
Coronary Angioplasty,56,2,2,twin,4,39057.87,109693.38,27017.83,85516.53,19489.92,270711.13
Dengue Inpatient Care,48,3,2,general,5,17843.54,0.0,14732.25,12470.29,8241.04,54729.71
Caesarean Section,33,2,3,general,4,17426.0,39884.31,15505.26,15060.82,9736.6,98276.84
Typhoid Inpatient Care,75,2,2,general,8,30084.85,0.0,34120.82,16927.97,10776.75,66691.85
Dengue Inpatient Care,59,2,1,single,4,30924.95,0.0,18975.03,15141.56,10847.46,84620.96
Normal Delivery,47,1,2,suite,3,28327.84,40280.72,15217.68,8111.2,8290.25,87937.58
Coronary Angioplasty,41,2,1,general,4,40597.18,128721.91,35728.81,111006.54,26070.34,361004.44
Tonsillectomy,31,3,1,suite,2,13702.14,40104.04,6451.79,8829.7,4707.31,84909.92
Hernia Repair,27,1,2,twin,2,15325.28,57175.03,9535.0,15928.82,9433.37,119550.39
Typhoid Inpatient Care,37,2,1,general,5,24704.47,0.0,19464.92,17765.88,10974.58,71727.3
Caesarean Section,30,2,1,suite,3,35820.56,77611.87,16143.85,25747.14,12216.67,187356.02
Dengue Inpatient Care,64,1,3,general,4,21176.06,0.0,19709.78,10760.1,9916.66,58756.76
Total Knee Replacement,52,2,1,suite,5,64017.39,199540.04,32429.9,126752.46,29801.91,378807.43
Typhoid Inpatient Care,65,2,3,twin,5,17030.28,0.0,14617.49,14045.17,6442.73,52187.43
Typhoid Inpatient Care,35,1,1,single,3,26096.4,0.0,16259.65,18443.17,11867.82,65161.31
Hysterectomy,42,2,3,general,4,17063.91,40876.8,13775.56,16948.0,9085.57,99493.57
Dengue Inpatient Care,74,1,2,twin,5,36042.25,0.0,32955.13,13680.1,14113.67,91095.43
Dengue Inpatient Care,45,2,1,general,5,25889.23,0.0,24272.44,14426.25,12018.37,83959.42
Coronary Artery Bypass Graft (CABG),70,1,1,single,10,226154.9,376462.89,172046.48,122916.52,88528.38,925983.37
Tonsillectomy,27,1,2,single,1,8323.59,46775.95,4418.71,7187.42,5521.62,69187.06
Caesarean Section,26,2,1,general,3,20279.77,61268.31,15551.38,25769.64,12883.28,147912.41
Caesarean Section,58,2,3,general,4,16956.84,39796.3,14174.55,15566.73,8684.16,106747.49
Hernia Repair,82,2,2,twin,3,16712.86,40109.99,12636.57,17663.99,6654.49,95697.83
Hysterectomy,62,3,1,twin,4,24940.9,55837.26,18637.92,26554.07,10444.49,145621.85
Appendectomy,61,2,1,single,2,15249.96,61184.65,7956.04,18963.61,7164.64,118988.81
Typhoid Inpatient Care,72,1,2,twin,6,39730.92,0.0,36290.49,19411.54,12342.03,103486.82
Normal Delivery,56,2,1,general,2,9528.91,26854.1,8727.32,10937.5,6159.44,48239.69
Total Hip Replacement,18,3,3,general,7,29551.71,81261.67,24580.58,77156.41,17211.59,257254.03
Coronary Artery Bypass Graft (CABG),46,1,2,single,7,126242.22,320973.28,79105.84,86100.37,55130.12,720779.09
Appendectomy,18,2,1,single,2,15423.15,53335.43,7908.82,19320.3,7341.49,106864.56
Hernia Repair,59,1,3,twin,2,11695.45,40543.16,7682.66,11834.6,7160.24,69014.82
Tonsillectomy,26,2,2,general,2,8301.02,26887.4,6176.01,7922.35,3942.45,52154.69
Total Knee Replacement,51,1,1,general,5,57378.3,216030.26,49992.23,139611.51,40556.55,514790.25
Dengue Inpatient Care,69,2,2,single,6,33254.44,0.0,24097.86,13257.23,10721.7,70999.47
Hysterectomy,35,2,2,suite,2,17995.12,75662.74,9005.64,22625.23,9202.52,120602.02
Kidney Stone Lithotripsy,77,2,2,twin,3,16372.05,38238.01,11601.23,14221.75,5905.54,82505.86
Coronary Angioplasty,41,1,2,twin,6,69523.18,132491.01,55004.62,79748.99,28074.85,396783.55
Total Knee Replacement,62,3,2,twin,7,39350.24,97212.71,30728.63,107126.1,18726.78,271397.95
Typhoid Inpatient Care,75,1,3,twin,5,24620.25,0.0,21353.81,13356.18,8227.32,67779.88
Cholecystectomy,72,3,3,twin,4,14948.19,27529.56,9760.66,13520.74,5198.97,56990.4
Hysterectomy,18,1,1,general,4,39168.46,105520.2,32629.61,25537.75,18630.34,232921.15
Caesarean Section,35,1,2,single,4,44690.66,91443.0,25258.91,18697.36,15032.42,187751.61
Cataract Surgery,38,1,2,single,1,6707.13,37084.49,3829.45,13260.05,4688.97,72220.56
Total Hip Replacement,63,2,1,general,3,28019.71,180989.65,25092.37,154710.27,27948.5,373856.72
Cataract Surgery,71,1,2,twin,2,11906.21,34085.55,8888.1,15755.46,5169.09,77103.93
Dengue Inpatient Care,52,2,2,single,7,40482.74,0.0,25107.99,12171.04,10660.44,92537.11
Total Knee Replacement,33,1,2,general,4,35900.77,183022.92,32467.83,111383.31,30145.2,385394.76
Caesarean Section,56,1,2,single,3,29148.11,76033.69,17119.42,18708.86,12090.11,174341.7
Coronary Artery Bypass Graft (CABG),52,2,1,general,11,146424.65,274579.32,109950.8,121451.81,67609.27,735660.01
Coronary Artery Bypass Graft (CABG),44,1,1,single,8,180135.8,419911.16,121495.83,118805.32,73211.07,803849.1
Dengue Inpatient Care,61,2,1,twin,5,31094.44,0.0,26914.8,16865.02,12775.89,83753.28
Total Hip Replacement,58,2,2,single,7,65043.45,155248.6,45733.06,119263.31,26595.56,403452.11
Hysterectomy,21,1,1,twin,6,61231.45,98860.44,40324.99,23615.8,21873.4,211699.33
Normal Delivery,82,2,2,suite,4,29095.49,26931.44,20863.46,10270.67,6685.32,93286.89
Total Knee Replacement,21,2,2,single,5,42399.15,124334.47,26433.47,99769.61,21951.27,268533.13
Normal Delivery,35,1,2,twin,2,13932.42,30855.22,11202.16,8105.58,7611.22,71930.63
Typhoid Inpatient Care,58,2,3,suite,5,24636.33,0.0,13653.87,11748.45,6863.03,53182.46
Total Knee Replacement,25,1,1,general,5,54899.74,212032.7,48421.84,117835.83,40907.92,459189.88
Total Knee Replacement,49,1,2,twin,6,61962.43,181354.06,46106.24,106891.22,30462.44,373450.11
Total Hip Replacement,21,2,2,general,4,29325.16,143169.65,23946.55,116648.58,22291.82,385579.39
Cholecystectomy,31,2,2,twin,2,12138.64,53101.77,7473.4,17215.14,8185.45,95970.75
Cholecystectomy,81,2,3,general,4,16825.59,36512.04,15958.76,14666.92,7966.56,68358.95
Total Hip Replacement,53,1,2,twin,7,79711.34,190598.28,60637.21,123948.53,35143.45,436615.92
Normal Delivery,37,1,2,general,2,11905.5,28730.78,10224.82,7946.69,6699.63,65136.6
Total Hip Replacement,63,1,2,single,10,132545.84,214529.17,88955.25,106217.4,43512.26,466355.57
Kidney Stone Lithotripsy,36,1,2,twin,2,15035.39,56557.85,8917.97,10891.54,6797.9,101045.02
Hernia Repair,57,2,1,general,2,10799.68,41420.96,7682.69,17145.87,6344.02,75666.44
Dengue Inpatient Care,78,3,2,general,8,28777.41,0.0,27478.57,16087.86,8835.28,87122.7
Hysterectomy,40,2,1,general,3,19986.22,76511.78,17558.95,28310.85,14084.15,136739.39
Hernia Repair,79,1,2,suite,3,32784.58,71803.29,18593.04,19285.88,8676.8,162348.78
Typhoid Inpatient Care,68,2,2,twin,7,31967.77,0.0,26736.28,16951.82,9985.92,80241.93
Caesarean Section,40,2,2,single,4,29482.29,56601.62,17235.87,19416.11,9942.5,142866.67
Coronary Angioplasty,67,3,1,twin,5,43648.6,95802.45,37055.47,112968.22,19827.78,326953.5
Normal Delivery,78,1,1,single,3,28731.14,42080.29,21931.74,12587.52,9393.12,91531.54
Total Hip Replacement,51,1,2,single,7,94584.11,231796.19,58657.25,127033.31,37672.98,540058.26
Hernia Repair,66,1,3,general,4,18803.5,34264.24,13710.53,12461.61,7093.39,77399.66
Total Hip Replacement,77,2,2,single,7,75196.24,165065.65,55529.85,130069.18,30410.13,547295.66
Appendectomy,20,1,2,single,3,28959.31,72978.79,12895.38,17983.33,10056.38,130671.65
Normal Delivery,47,1,1,single,2,20930.27,47878.06,14376.67,10758.73,8775.16,104121.61
Hernia Repair,61,2,2,general,3,14981.72,36450.96,10266.28,16190.35,7463.79,93382.08
Normal Delivery,39,3,2,single,3,13088.28,19021.16,8143.01,8743.08,4087.84,47446.49
Coronary Artery Bypass Graft (CABG),71,3,1,suite,6,94886.44,259268.1,52091.41,114234.15,37347.47,530730.69
Dengue Inpatient Care,74,2,2,single,7,42984.34,0.0,30677.57,13621.0,11175.81,121917.05
Caesarean Section,65,2,3,twin,5,22620.74,35212.83,17513.97,15735.34,8631.26,109324.12
Coronary Artery Bypass Graft (CABG),28,2,1,twin,5,72935.86,257809.86,55192.17,117376.66,46096.97,500321.01
Coronary Angioplasty,82,1,3,twin,4,38366.34,111895.6,38367.69,80734.74,21521.72,317103.03
Hysterectomy,49,1,2,general,5,40987.11,89166.31,30797.47,24295.91,16831.86,209889.74
Cataract Surgery,40,1,3,single,1,5562.61,30131.59,2856.7,10718.36,4022.54,58855.92
Cataract Surgery,34,1,2,general,1,6059.57,37712.02,4108.19,12643.36,5551.36,71715.9
Tonsillectomy,35,3,1,general,2,8182.59,27250.14,6182.83,8561.16,4410.42,49192.37
Cholecystectomy,76,1,1,single,5,65535.03,96304.74,39271.88,26597.82,16936.01,273769.65
Appendectomy,65,1,2,single,3,27729.91,66772.23,15006.89,19318.15,9463.02,137213.6
Normal Delivery,30,1,3,single,2,14091.55,31847.85,9600.49,7641.47,5971.58,70685.18
Cholecystectomy,82,1,2,twin,5,44448.23,72415.14,36808.47,23714.2,15124.81,176053.29
Tonsillectomy,67,1,2,twin,3,21491.42,39197.13,15475.77,8061.6,6153.66,90245.3
Caesarean Section,50,3,1,suite,3,27019.67,66773.79,12596.24,23176.44,9412.38,120711.84
Tonsillectomy,51,2,3,general,2,6201.21,19859.6,4258.24,5417.25,3195.46,37501.46
Typhoid Inpatient Care,64,1,2,twin,5,28812.36,0.0,22389.92,15754.54,11876.1,76875.86
Cholecystectomy,19,3,1,twin,3,17949.29,51860.03,12020.58,22325.7,8315.77,119132.86
Dengue Inpatient Care,32,1,3,general,5,22353.48,0.0,19930.66,9828.99,10753.76,65841.81
Kidney Stone Lithotripsy,27,3,2,general,2,7958.75,31507.53,5079.57,12106.15,4078.36,61463.33
Total Hip Replacement,64,1,2,general,6,59396.21,187923.98,56607.32,135191.7,34381.7,546279.25
Hernia Repair,32,1,2,general,2,13827.6,51034.08,9562.83,16196.81,8660.16,105638.8
Kidney Stone Lithotripsy,51,3,2,general,2,8102.27,31057.62,4963.67,13465.35,3946.09,58025.51
Total Knee Replacement,55,2,3,single,5,37820.53,117168.48,21735.82,91490.54,18562.77,275811.54
Caesarean Section,26,1,3,twin,1,6533.97,56827.12,4189.85,13930.78,9326.54,94927.13
Cholecystectomy,52,3,2,single,1,5444.58,41085.41,2860.68,18676.67,5362.68,73471.39
Normal Delivery,74,3,1,twin,4,18150.18,20835.05,17507.41,12998.67,5709.8,89777.61
Caesarean Section,82,3,1,twin,6,35893.11,55811.91,30839.03,31346.76,12859.56,103417.98
Total Hip Replacement,43,1,1,twin,5,68280.69,244059.8,48406.99,147404.57,43932.55,655296.7
Typhoid Inpatient Care,81,3,1,twin,7,31324.58,0.0,31606.78,21042.59,10427.21,84848.41
Coronary Artery Bypass Graft (CABG),70,2,1,single,9,159253.95,315512.35,112143.46,124437.66,62340.34,618413.9
Normal Delivery,64,2,3,single,3,13230.14,17221.16,8148.61,6192.8,4418.04,50612.77
Appendectomy,54,2,2,suite,3,23958.01,54531.72,10564.21,18995.53,6738.66,119189.59
Appendectomy,39,3,3,twin,4,13117.37,27155.82,7954.19,11329.24,4404.91,66360.69
Normal Delivery,47,1,3,general,3,15058.49,25632.97,12345.57,7370.53,6303.5,65973.6
Dengue Inpatient Care,23,3,1,single,3,17856.66,0.0,10436.31,14275.07,8490.13,52444.17
Cataract Surgery,35,3,2,single,1,4208.11,22942.15,2105.4,13645.67,2780.77,50780.05
Tonsillectomy,65,2,2,twin,2,9892.43,31919.06,6570.3,8660.65,4816.88,58076.22
Total Hip Replacement,48,1,2,general,6,63599.85,211763.16,51391.77,115094.23,36098.47,470091.4
Normal Delivery,30,3,1,single,3,17340.73,23966.86,11719.72,11908.4,5221.79,74024.77
Hysterectomy,53,1,1,twin,4,41526.23,99560.68,32136.75,27146.23,19159.05,200165.83
Kidney Stone Lithotripsy,23,1,1,single,2,23151.29,84107.84,11915.44,14358.65,9791.14,166202.56
Cataract Surgery,24,1,2,twin,1,5796.08,33322.28,3671.73,13058.07,5174.11,64108.58
Dengue Inpatient Care,48,2,3,twin,4,14300.95,0.0,11352.76,10197.49,6312.2,43967.31
Cataract Surgery,78,2,2,suite,3,18381.28,34157.05,9802.5,15862.73,3942.87,79090.6
Total Hip Replacement,40,1,2,twin,7,79499.93,196727.69,57708.41,121739.1,37801.8,478253.37
Typhoid Inpatient Care,45,1,2,twin,6,38305.54,0.0,25577.07,16181.84,13296.42,84647.79
Hysterectomy,51,3,3,single,3,12609.49,42925.82,8382.37,15712.69,6211.78,77133.7
Cataract Surgery,50,1,1,general,1,6240.16,43092.56,4806.69,16673.02,6286.99,79696.05
Total Knee Replacement,29,1,3,twin,5,44443.54,143105.5,33707.77,80475.12,25623.86,333303.1
Hysterectomy,26,2,2,general,3,16343.77,63145.99,12935.78,21840.07,11722.33,126167.53
Typhoid Inpatient Care,62,3,1,single,5,26622.03,0.0,18359.5,20900.24,8628.32,80293.43
Dengue Inpatient Care,48,2,2,general,5,22592.82,0.0,18191.66,13492.99,10133.89,58421.25
Cataract Surgery,67,3,2,twin,3,10578.96,22075.79,7264.75,12628.68,3374.35,54609.86
Total Knee Replacement,28,1,2,single,6,71274.73,194951.0,43927.05,100270.13,29795.83,442747.22
Dengue Inpatient Care,43,1,2,twin,4,26927.45,0.0,20753.88,13007.13,11748.21,64228.44
Hysterectomy,28,3,2,suite,3,21790.27,63855.19,10565.47,21649.77,9251.14,125073.58
Caesarean Section,66,2,1,general,6,36899.99,53951.17,34228.14,24891.58,15257.34,156470.7
Coronary Angioplasty,62,1,2,twin,4,47831.39,146079.53,38860.79,91931.35,24798.59,284955.88
Coronary Angioplasty,81,3,2,twin,7,52552.74,77297.86,48154.97,94670.07,19719.39,368148.7
Hysterectomy,38,1,2,twin,3,26406.59,78595.32,17686.77,22115.59,15936.81,147557.7
Tonsillectomy,35,3,1,single,2,10718.38,31604.09,5435.84,9224.82,4265.07,63162.84
Hernia Repair,35,2,1,twin,3,18700.17,49753.17,12879.58,18193.69,7094.06,101786.27
Dengue Inpatient Care,70,2,2,suite,7,48023.97,0.0,29705.88,14008.81,10505.42,82973.28
Cataract Surgery,67,3,1,twin,3,13079.94,25771.4,8236.45,15157.52,4193.92,64410.46
Normal Delivery,71,1,2,general,3,17772.9,28141.32,18826.9,10043.86,7069.22,72203.45
Appendectomy,80,2,2,general,4,18727.95,38957.28,14918.23,18882.86,7146.49,105221.47
Kidney Stone Lithotripsy,50,1,1,twin,2,20603.05,67888.18,11792.08,14200.23,9040.69,124233.63
Coronary Angioplasty,66,2,1,general,5,47641.19,117576.82,47323.34,113612.86,23119.74,390815.69
Total Hip Replacement,61,1,2,general,7,69689.77,200705.6,57288.68,120527.62,40909.27,477925.15
Cholecystectomy,81,2,3,single,6,36515.17,46123.82,25372.48,16019.32,8363.52,100171.38
Normal Delivery,43,3,2,twin,2,8141.25,19844.24,6054.76,8330.09,4741.35,43181.24
Caesarean Section,57,1,1,single,4,50216.61,90093.3,27065.19,25005.65,19287.13,224074.73
Caesarean Section,50,1,1,general,3,25955.38,87316.65,21937.7,25793.17,14924.99,163121.11
Appendectomy,35,2,1,general,4,26938.29,50876.24,17185.41,19464.21,9472.19,110063.86
Dengue Inpatient Care,78,1,1,twin,6,49182.82,0.0,44879.62,19181.47,18231.98,112969.3
Coronary Angioplasty,58,2,1,general,5,44719.01,111516.33,41005.6,99975.53,22379.55,357581.99
Appendectomy,70,1,2,single,5,48482.19,73358.94,26541.89,18419.73,10739.68,197207.9
Tonsillectomy,31,2,1,twin,1,5799.18,32549.02,3929.23,10112.59,4625.39,61781.97
Typhoid Inpatient Care,70,2,2,general,7,30165.02,0.0,28081.27,17428.85,10182.62,78113.21
Typhoid Inpatient Care,61,3,1,single,5,25883.02,0.0,17042.15,20129.17,8078.76,64595.59
Coronary Artery Bypass Graft (CABG),70,2,1,single,8,147044.25,305471.67,98026.7,131180.65,57795.44,770232.59
Total Knee Replacement,52,1,2,twin,4,39822.83,163283.24,30546.72,93436.74,30658.18,359197.92
Dengue Inpatient Care,30,1,1,suite,4,49418.23,0.0,27410.66,17470.72,15077.84,105160.32
Cholecystectomy,32,2,1,suite,4,40748.81,71583.13,17443.97,21352.12,11710.62,154854.51
Dengue Inpatient Care,45,2,2,general,5,21402.82,0.0,19302.36,14228.92,10285.23,67733.02
Appendectomy,23,2,1,suite,4,37752.61,70642.2,16281.29,18820.45,10173.2,148551.84
Cholecystectomy,44,2,2,single,4,25645.79,49572.3,15502.99,17670.15,7959.87,113861.79
Coronary Artery Bypass Graft (CABG),38,1,3,twin,10,129906.56,221175.48,92430.69,77045.48,52656.47,556555.12
Coronary Angioplasty,53,3,1,twin,4,36550.51,93391.5,25232.78,107293.53,16963.23,254711.63
Dengue Inpatient Care,78,1,3,single,5,31969.07,0.0,23846.62,11830.62,11217.03,65232.5
Tonsillectomy,39,1,1,twin,1,8596.49,48120.61,5025.86,9206.72,7258.82,69945.11
Total Hip Replacement,64,2,2,twin,9,78251.38,153272.61,61911.64,122456.58,34062.12,433059.84
Appendectomy,79,3,2,general,4,15328.41,35083.3,13797.56,19910.62,6072.35,66667.66
Dengue Inpatient Care,46,3,1,single,6,35814.06,0.0,21828.87,15390.1,10303.57,75085.15
Dengue Inpatient Care,29,3,2,twin,4,17132.99,0.0,12477.12,13753.38,7863.98,50264.38
Typhoid Inpatient Care,82,2,1,suite,6,51820.11,0.0,34409.73,25302.92,11527.81,131412.77
Hernia Repair,82,2,3,single,4,20310.4,34977.59,14371.75,14787.25,5850.82,83297.88
Normal Delivery,57,1,1,single,3,30753.07,43454.55,19282.91,10017.47,9449.28,120429.38
Hernia Repair,34,2,2,single,2,12062.4,37808.73,6465.15,14567.55,5464.07,79667.48
Total Hip Replacement,56,2,1,twin,6,60884.75,174163.43,43511.5,134259.69,31130.59,376860.44
Hysterectomy,72,3,3,single,5,21968.36,38233.16,14465.76,18001.35,7094.37,95574.56
Cholecystectomy,30,1,2,general,3,23259.48,65246.04,16993.2,19561.47,12349.66,118600.82
Cholecystectomy,37,1,1,single,2,25365.49,96482.43,13819.47,20501.86,14277.34,127293.72
Dengue Inpatient Care,70,2,2,twin,8,42112.37,0.0,37197.11,15708.14,13441.62,88571.49
Cholecystectomy,40,3,2,twin,3,15461.62,38122.42,9810.67,19816.61,7345.69,94725.34
Total Hip Replacement,33,2,2,general,6,48595.67,139114.1,38442.95,123633.33,29895.42,390633.41
Cholecystectomy,56,1,1,twin,3,30750.35,81747.87,18153.22,20043.91,13947.35,152714.62
Hysterectomy,66,3,1,single,7,53419.28,70374.83,32523.57,30555.0,15111.85,185864.95
Caesarean Section,81,1,1,twin,5,49963.08,84883.42,45825.12,30223.83,20534.64,214296.75
Cataract Surgery,66,1,3,single,2,11167.59,30133.44,6081.19,10506.84,4572.91,68539.61
Typhoid Inpatient Care,22,3,2,single,5,19844.67,0.0,11818.6,14545.93,5911.17,55733.24
Hysterectomy,50,3,2,single,3,17404.73,50962.16,10126.29,22950.83,8547.75,125576.81
Caesarean Section,28,3,1,suite,4,33314.27,60559.66,17030.69,24421.63,10058.42,144048.07
Cataract Surgery,39,2,2,single,1,5479.94,30463.64,2939.47,13668.32,3412.85,58233.93
Kidney Stone Lithotripsy,31,2,2,twin,2,11890.79,46144.47,6757.82,12708.58,6201.93,77578.42
Cholecystectomy,50,2,2,twin,4,23798.0,50517.92,15839.9,16147.52,8541.2,116138.31
Appendectomy,58,1,1,single,3,34857.48,89055.85,15948.38,23105.95,13475.82,175950.55
Cataract Surgery,37,1,2,twin,1,6391.55,34952.0,4024.14,14448.13,4960.79,65867.22
Kidney Stone Lithotripsy,54,1,2,twin,3,24760.22,60882.67,15444.15,12035.6,7768.57,120660.11
Typhoid Inpatient Care,31,2,1,single,5,29283.31,0.0,19916.07,17580.04,10128.13,76696.85
Cholecystectomy,18,2,1,general,2,11897.16,53644.38,8600.28,19170.59,8941.49,92681.33
Cataract Surgery,76,1,3,suite,3,20225.92,33425.26,9320.17,10902.98,4415.07,89433.04
Total Knee Replacement,50,3,3,general,4,15484.43,66219.37,12051.63,77775.26,13540.98,206205.15
Cataract Surgery,61,1,3,twin,1,4875.61,30053.99,3150.13,9377.32,4101.0,53166.64
Coronary Angioplasty,57,2,1,twin,4,45272.2,119748.15,34881.56,96161.28,22499.72,269515.89
Total Hip Replacement,70,1,2,single,7,104050.38,232397.64,67754.77,136370.23,38101.88,547394.87
Hysterectomy,23,1,2,general,5,38639.07,82048.6,32761.61,24028.81,16189.0,170512.86
Tonsillectomy,60,3,2,general,1,3363.34,21711.54,2573.39,7616.5,3314.69,38321.03
Total Knee Replacement,61,1,1,twin,3,41227.66,218874.5,28472.09,144762.04,34421.31,386929.19
Total Hip Replacement,62,2,1,twin,7,72631.01,188839.37,51090.73,148646.72,33733.13,554896.62
Kidney Stone Lithotripsy,25,1,3,twin,2,11420.84,39942.36,7246.62,9576.48,6015.99,75053.43
Kidney Stone Lithotripsy,31,1,1,twin,1,9558.58,67887.52,5560.65,15795.15,8237.71,111337.75
Total Knee Replacement,69,2,2,general,7,46625.66,126776.19,42541.03,103512.91,26107.87,293920.07
Kidney Stone Lithotripsy,20,1,3,single,2,14968.55,50501.43,7083.15,10279.87,5598.55,91009.1
Cholecystectomy,18,1,3,single,4,28849.26,53501.42,15792.51,12633.71,9262.2,105323.43
Cholecystectomy,50,1,2,single,3,29796.58,69505.02,14312.31,16919.01,10685.33,145535.76
Cholecystectomy,60,1,1,twin,4,41296.78,86910.93,26517.31,22668.33,17375.16,206286.2
Total Knee Replacement,45,1,2,twin,5,53806.7,170411.08,41690.14,107554.09,35104.97,438774.09
Dengue Inpatient Care,44,3,1,twin,3,15134.81,0.0,11729.08,14596.12,7794.61,49756.6
Total Hip Replacement,79,2,2,general,6,46582.89,140015.4,43716.66,139699.09,26939.72,428670.01
Total Hip Replacement,61,2,3,twin,7,46047.03,115179.57,33973.56,88260.68,24630.68,286411.12
Tonsillectomy,72,3,2,single,3,14301.69,27430.13,8791.44,8172.06,4080.25,60835.35
Hernia Repair,40,1,1,general,3,25479.54,63787.23,16887.26,20412.03,11911.54,139621.7
Hernia Repair,29,1,2,suite,3,31579.12,62450.6,13377.99,16509.33,8116.98,137841.52
Typhoid Inpatient Care,45,2,2,general,4,15014.15,0.0,14025.07,15763.54,8450.33,61198.91
Appendectomy,65,3,2,general,3,11953.35,32972.03,9314.05,17001.25,6136.28,71231.02
Total Hip Replacement,20,2,1,twin,5,50306.37,177531.66,35704.93,134121.44,30345.54,440637.73
Coronary Artery Bypass Graft (CABG),50,2,2,suite,11,167146.76,251918.82,88930.94,98005.6,49937.77,729854.41
Tonsillectomy,23,2,1,suite,2,15844.62,45064.18,7236.94,8570.71,4818.13,79288.46
Hernia Repair,68,2,2,single,4,25824.05,38114.32,15236.16,15536.32,7137.26,114336.6
Coronary Angioplasty,59,2,3,single,1,7932.94,77833.31,5146.58,63704.52,11506.15,170528.45
Normal Delivery,21,2,2,twin,2,9741.25,23569.27,7478.43,9041.65,5518.07,56259.36
Hernia Repair,68,2,2,general,4,17910.39,37824.54,15011.4,18293.31,7204.1,110649.68
Caesarean Section,79,3,1,suite,5,47666.16,62830.02,26750.52,27092.55,11128.97,160391.8
Kidney Stone Lithotripsy,37,3,1,single,1,5893.59,41295.72,3207.56,14155.03,4345.21,70987.23
Tonsillectomy,34,2,1,general,1,5036.93,34526.33,3702.52,9301.02,4809.33,69043.3
Coronary Angioplasty,69,3,3,suite,4,32795.77,82912.76,18981.29,73402.05,12238.05,204066.36
Tonsillectomy,25,2,2,twin,2,9875.88,27628.05,5939.34,7792.69,4139.91,56653.79
Coronary Artery Bypass Graft (CABG),75,1,2,general,10,131186.53,290292.54,134645.69,107593.2,60395.46,609152.01
Dengue Inpatient Care,60,3,1,twin,6,33295.64,0.0,25741.09,17298.42,10276.6,91634.13
Total Knee Replacement,45,3,3,general,5,20582.05,80085.18,18355.47,79079.38,15812.79,188290.68
Hernia Repair,76,3,1,general,6,26221.55,33508.04,22423.09,21850.7,7224.93,133444.67
Coronary Artery Bypass Graft (CABG),25,1,3,single,10,151213.55,243980.78,90538.95,71798.53,53975.92,517127.42
Normal Delivery,74,3,1,twin,3,13697.34,22625.79,12541.76,12307.43,5657.47,70001.75
Coronary Artery Bypass Graft (CABG),29,1,2,twin,7,106608.96,285102.22,75538.66,104341.61,54324.96,676018.95
Cholecystectomy,23,1,1,twin,4,43789.43,90769.82,30247.1,21244.11,17137.23,221930.92
Cataract Surgery,43,2,1,general,2,9935.78,31493.35,6909.2,16483.5,4716.39,71238.66
Tonsillectomy,60,2,2,general,2,7704.33,26105.34,5741.88,7878.75,3582.71,48364.76
Total Hip Replacement,47,3,3,single,7,41771.53,97017.93,26480.09,101742.23,16159.98,291057.58
Total Hip Replacement,58,3,2,general,5,27993.91,115512.08,23365.43,116212.12,17950.06,275969.47
Coronary Angioplasty,37,1,3,general,4,31531.27,92358.26,28060.63,62901.49,20762.8,210235.55
Kidney Stone Lithotripsy,73,2,2,general,3,14723.21,36877.44,11253.55,12846.42,5937.54,65714.52
Coronary Artery Bypass Graft (CABG),57,3,2,single,9,100364.01,195344.82,61938.06,104119.69,39005.08,454344.28
Appendectomy,41,3,2,twin,4,18388.83,38397.57,11001.23,16975.16,6450.24,98928.19
Total Hip Replacement,60,2,1,general,6,50975.26,170654.1,44001.48,143072.25,29357.56,431240.41
Appendectomy,65,2,2,single,3,19131.1,46856.02,11207.37,17560.72,7090.62,88045.57
Hysterectomy,65,1,1,twin,4,44242.71,108295.81,34262.66,29363.47,22171.71,201510.41
Dengue Inpatient Care,53,1,2,twin,7,52652.78,0.0,39877.5,13220.22,17241.1,138215.48
Tonsillectomy,29,2,1,single,2,13118.03,39016.61,7894.31,9316.27,4745.96,72629.8
Typhoid Inpatient Care,29,1,2,single,4,27314.04,0.0,18121.7,15026.08,10003.7,71691.7
Caesarean Section,75,2,1,general,6,36587.99,52369.92,33335.71,24396.92,14775.63,142433.66
Appendectomy,20,3,1,general,4,18382.16,36963.88,12908.12,19649.31,7553.86,95035.76
Coronary Artery Bypass Graft (CABG),70,1,3,single,7,107215.76,240610.66,66557.61,84121.25,43507.79,403868.14
Hernia Repair,52,1,2,single,3,26788.33,65600.33,15323.45,17419.9,8972.05,141375.65
Total Knee Replacement,18,2,1,single,5,59505.28,194080.27,34535.9,118172.2,30827.71,432111.51
Cholecystectomy,75,2,3,twin,5,22818.3,37615.08,17562.87,14744.57,8496.49,112010.77
Dengue Inpatient Care,76,3,1,twin,3,15170.63,0.0,14312.75,17052.28,8395.34,52847.0
Kidney Stone Lithotripsy,72,2,1,single,4,35197.17,54900.11,19528.24,16975.61,8264.56,139106.74
Cholecystectomy,21,2,2,single,1,7236.91,48931.3,3661.53,17985.16,6548.4,81583.64
Total Knee Replacement,82,2,1,suite,7,92947.17,178145.47,54459.77,151665.49,28133.42,388579.4
Kidney Stone Lithotripsy,82,1,1,single,3,32379.83,75429.92,19650.79,19107.99,9739.99,133848.12
Caesarean Section,50,3,1,suite,3,26770.9,62321.6,12485.07,23524.63,10421.34,129086.28
Cataract Surgery,71,2,2,single,3,15183.61,26662.24,8880.93,14673.21,4345.06,67290.08
Kidney Stone Lithotripsy,48,1,1,twin,2,19918.77,68544.4,12321.13,15325.61,8982.82,121392.45
Normal Delivery,70,1,1,twin,4,37002.22,43238.49,31864.39,12551.54,11101.19,138039.54
Dengue Inpatient Care,61,2,1,general,5,26523.31,0.0,23958.39,15923.75,12681.94,83309.99
Kidney Stone Lithotripsy,68,2,2,single,4,24764.11,41659.92,14164.49,12689.87,6182.7,90774.76
Cataract Surgery,19,2,3,twin,1,3503.5,20045.21,1950.49,10689.33,2992.06,36904.01
Cataract Surgery,39,1,2,general,1,5136.43,32499.84,3533.34,13410.58,4634.99,63352.92
Total Hip Replacement,78,3,2,single,5,41648.69,138363.32,33225.45,128287.53,20472.82,429017.27
Typhoid Inpatient Care,74,2,2,twin,9,41454.37,0.0,34970.42,19668.09,10931.71,105295.13
Typhoid Inpatient Care,29,1,3,single,5,27402.75,0.0,17206.47,12748.48,9371.44,56907.56
Cholecystectomy,51,3,2,single,3,16877.71,42210.57,10160.59,17111.75,7430.13,102693.88
Cholecystectomy,21,2,2,single,3,23266.06,60624.71,12444.85,19800.09,9790.75,116121.22
Kidney Stone Lithotripsy,27,1,2,single,3,27028.71,55040.19,12127.82,11224.55,7788.67,101520.85
Cholecystectomy,69,1,1,twin,5,52872.34,88876.44,35924.72,24034.1,19340.73,210722.07
Typhoid Inpatient Care,66,3,1,single,7,38524.11,0.0,26891.56,21937.42,10433.17,119849.05
Typhoid Inpatient Care,28,2,1,single,5,29617.52,0.0,17577.98,17887.39,9217.76,77606.22
Total Knee Replacement,25,3,2,single,6,45671.24,120551.92,28308.87,109043.8,22191.14,300560.38
Kidney Stone Lithotripsy,30,2,2,general,2,10359.42,39920.13,6519.76,11181.8,5654.91,69368.18
Coronary Angioplasty,37,1,1,single,2,34902.97,185260.96,23741.2,102644.38,24479.24,361385.96
Caesarean Section,39,1,1,general,6,58863.58,88123.23,43613.63,25744.29,21488.77,283219.93
Cholecystectomy,67,1,2,suite,6,77241.51,84790.0,35926.44,20195.39,14112.44,237802.7
Hernia Repair,82,2,1,general,5,28857.24,41066.13,25401.41,20266.15,8277.96,160557.84
Coronary Angioplasty,78,3,2,general,4,26268.01,71366.79,26094.81,95807.29,14493.92,232740.7
Tonsillectomy,56,1,2,general,2,13256.45,42228.69,9300.75,8680.19,6238.88,86988.84
Coronary Artery Bypass Graft (CABG),56,2,1,twin,11,147503.32,246469.66,115574.48,108212.93,60533.44,603658.55
Cataract Surgery,50,2,2,twin,2,9082.93,24138.08,5301.42,12165.05,4237.21,57825.63
Tonsillectomy,63,1,1,twin,3,24673.4,49746.65,16920.97,9112.9,8194.85,99924.28
Kidney Stone Lithotripsy,39,2,3,twin,2,8477.79,28207.89,5020.03,9017.63,3475.2,51754.16
Hysterectomy,77,2,1,general,6,39965.19,71586.66,43404.13,28591.15,18258.22,185961.79
Dengue Inpatient Care,27,1,1,single,5,47915.01,0.0,32621.21,14860.36,15185.32,108478.2
Hernia Repair,36,2,1,twin,3,17648.5,44184.36,11369.43,16634.77,6682.42,106928.55
Cataract Surgery,27,1,2,twin,1,5734.77,31659.57,3772.62,12037.75,4499.77,54974.18
Coronary Artery Bypass Graft (CABG),75,2,3,single,9,87711.12,168681.59,65761.35,86501.85,32011.9,418791.97
Coronary Artery Bypass Graft (CABG),21,1,2,general,13,170960.07,251640.58,147226.96,85981.2,76937.32,751242.77
Kidney Stone Lithotripsy,79,1,1,twin,3,29197.72,64350.37,19922.61,16218.53,9120.28,118174.43
Caesarean Section,48,1,2,twin,5,40980.43,66226.07,27642.56,17954.48,15067.24,192172.77
Hysterectomy,76,1,2,twin,4,36344.49,94260.13,30669.54,26626.23,16939.24,179455.81
Total Knee Replacement,54,1,2,general,5,45966.29,154912.75,37508.17,96220.85,28741.64,388508.37
Total Hip Replacement,20,3,2,general,2,10467.12,109979.35,8820.81,109203.74,14463.8,227915.66
Tonsillectomy,45,1,1,twin,1,9143.64,51011.82,5935.38,9470.9,7657.65,77818.33
Total Knee Replacement,21,1,3,single,6,55614.11,158266.94,34637.56,84346.8,24575.25,326344.83
Typhoid Inpatient Care,32,2,3,general,6,17116.27,0.0,15054.01,11991.98,7392.98,50184.02
Dengue Inpatient Care,58,1,2,twin,3,21605.93,0.0,16109.02,12178.23,11944.62,65453.04
Total Knee Replacement,20,2,2,twin,5,40557.55,124377.76,26311.92,114532.0,25413.7,304981.58
Coronary Angioplasty,51,2,1,single,3,35691.03,122126.91,21855.03,99662.85,21024.67,297778.82
Tonsillectomy,63,2,3,general,2,7066.87,22865.26,5274.95,6726.52,3614.46,50992.29
Cataract Surgery,40,2,1,single,1,6893.71,35169.61,3213.73,15341.56,4821.35,60601.67
Hysterectomy,75,1,2,general,6,51857.19,80796.28,49072.89,23684.0,18544.88,203880.37
Total Hip Replacement,19,1,3,general,6,52102.52,164120.99,45172.46,84184.14,32185.93,419705.56
Tonsillectomy,31,2,2,twin,1,4922.19,29282.56,3266.6,8480.18,4157.63,56153.79
Total Knee Replacement,25,2,1,single,4,43504.96,171017.94,24712.85,122395.55,27774.34,396450.27
Normal Delivery,54,1,1,twin,2,15279.86,35186.32,12069.36,9550.88,8442.35,81029.3
Tonsillectomy,78,1,2,general,4,23210.17,37021.77,20194.04,9649.18,7074.32,102760.98
Cataract Surgery,42,2,1,suite,2,15420.59,39766.23,6716.24,17957.4,4674.51,94905.19
Coronary Artery Bypass Graft (CABG),70,2,1,twin,7,98922.59,253437.49,82354.3,117338.52,52924.78,618922.91
Hernia Repair,60,1,1,single,2,21758.82,71808.6,10407.27,18582.86,9178.36,131579.14
Kidney Stone Lithotripsy,76,2,2,general,4,21236.73,41242.74,16860.79,13182.16,6123.81,98374.23
Appendectomy,50,1,2,twin,4,30035.48,57792.88,17808.19,17395.81,10715.36,130087.75
Hysterectomy,63,2,3,twin,3,13487.54,46072.94,10154.29,17341.91,7579.13,93539.01
Total Hip Replacement,82,2,2,twin,7,52515.52,136747.47,55126.57,129256.42,26757.53,438456.56
Tonsillectomy,82,2,2,twin,3,15161.82,28468.6,11130.51,9428.37,4922.62,69228.0
Total Knee Replacement,47,3,2,twin,7,39087.48,103367.16,29780.62,106815.19,19138.55,246076.52
Cataract Surgery,41,1,2,single,1,7244.12,38882.0,3930.41,13392.68,4811.05,69654.63
Hernia Repair,61,1,2,suite,3,31831.31,67547.98,15318.33,16394.19,10231.56,158457.7
Total Knee Replacement,78,3,1,single,6,57085.87,147789.95,40360.87,171949.44,23781.29,444620.71
Cataract Surgery,75,2,1,twin,3,17808.65,34893.78,12546.88,18156.76,6067.76,103199.17
Coronary Artery Bypass Graft (CABG),25,2,2,twin,7,88701.11,225582.14,59271.17,91229.57,44972.3,515239.54
Typhoid Inpatient Care,74,2,1,twin,6,35117.94,0.0,30989.45,23267.27,11191.61,76178.71
Appendectomy,24,2,2,general,4,22439.13,45226.01,14588.11,15983.51,7914.04,84961.02
Normal Delivery,49,2,2,single,2,12272.77,25838.94,8104.14,8438.82,5392.16,58892.44
Hernia Repair,73,1,2,single,4,36166.84,55678.63,23138.62,16347.64,9862.42,138884.01
Typhoid Inpatient Care,30,2,1,single,6,38430.11,0.0,25562.03,17999.16,10898.36,84409.13
Caesarean Section,61,1,1,suite,6,98517.15,122824.76,49677.79,23699.65,23262.28,349717.72
Total Knee Replacement,50,2,2,general,6,40267.4,109851.67,34257.83,94498.02,25598.22,326646.61
Coronary Angioplasty,22,2,1,twin,4,43738.21,114522.44,35006.32,91674.42,24611.01,276930.77
Tonsillectomy,28,2,2,twin,2,10412.24,32315.79,6809.58,8310.37,4773.11,66060.39
Total Knee Replacement,30,3,2,twin,6,35480.05,97172.08,27179.39,102913.95,19975.77,307510.63
Appendectomy,59,2,2,single,2,13679.32,45913.67,6708.68,17497.87,6102.7,94806.69
Dengue Inpatient Care,29,1,3,twin,5,27081.97,0.0,19856.73,9104.18,11337.79,62850.63
Cholecystectomy,66,3,3,twin,4,15689.88,33600.0,9727.0,15558.12,6253.22,84611.74
Appendectomy,25,3,2,general,2,7728.46,31347.9,5127.99,15278.55,5795.39,57726.78
Appendectomy,43,3,3,twin,4,14129.99,30212.22,8009.28,11847.51,5040.27,79432.06
Tonsillectomy,23,2,2,single,1,5698.91,34505.88,3281.1,7743.36,3755.53,58311.11
Dengue Inpatient Care,74,1,3,twin,5,27823.49,0.0,23889.01,11221.61,11122.94,63474.26
Coronary Angioplasty,68,2,2,single,5,50899.09,108871.45,37617.31,86068.73,18280.11,305025.09
Total Hip Replacement,30,1,1,general,7,78418.47,225033.66,72594.48,137743.94,45562.66,523364.67
Normal Delivery,36,1,3,suite,2,15388.64,32189.93,8259.39,7114.54,5640.02,66919.33
Typhoid Inpatient Care,41,1,3,general,4,15872.7,0.0,13385.91,11424.56,7715.47,49356.18
Tonsillectomy,21,2,2,general,1,3920.77,26758.01,2699.43,7067.76,3349.35,41006.45
Tonsillectomy,51,2,1,twin,3,18280.32,37760.32,12242.38,10099.59,5683.77,73633.87
Total Knee Replacement,34,2,2,single,5,47588.89,161082.73,31373.16,113194.59,25505.64,337402.33
Dengue Inpatient Care,61,3,1,single,4,21920.91,0.0,15579.08,16320.73,8081.57,64978.72
Hernia Repair,67,1,1,twin,4,36054.77,64674.56,25259.46,22758.33,11342.43,167140.69
Caesarean Section,47,1,2,twin,4,33665.75,79381.63,24027.14,18971.53,16309.39,182389.17
Coronary Angioplasty,39,2,2,general,4,32500.23,103607.11,26904.95,87626.26,18723.08,285132.26
Total Hip Replacement,35,2,3,general,6,33846.81,101744.61,30046.82,99180.86,21738.86,272521.45
Normal Delivery,63,3,2,twin,4,15200.26,18453.19,11517.29,7858.24,4499.64,66538.66
Dengue Inpatient Care,37,3,1,twin,4,19571.98,0.0,14688.06,15315.35,8610.85,59060.35
Cataract Surgery,40,1,3,twin,2,9244.16,27024.18,5532.57,10208.12,4629.49,58736.64
Typhoid Inpatient Care,38,1,2,suite,4,34075.0,0.0,16258.01,16263.52,9503.87,79718.39
Total Hip Replacement,38,1,2,twin,6,62979.03,189848.82,49601.19,117879.28,32560.05,430431.62
Typhoid Inpatient Care,31,1,3,twin,5,25715.03,0.0,19153.84,12955.02,9235.05,74375.68
Total Hip Replacement,39,2,2,twin,5,43259.08,150364.46,29567.96,125151.58,25679.24,382081.97
Normal Delivery,25,2,2,general,2,8438.85,22053.13,7425.26,8094.07,4821.34,48504.36
Hysterectomy,23,1,1,general,5,46433.15,97661.05,37899.76,24743.68,22603.19,199572.08
Cataract Surgery,68,3,3,single,2,6447.62,16006.95,3879.79,12021.36,2277.29,44247.89
Hernia Repair,77,2,1,general,4,21808.49,39285.85,19954.89,22821.07,8850.6,110856.76
Cataract Surgery,18,2,2,single,1,5352.86,29941.28,2935.29,14499.92,3335.13,53326.35
Hernia Repair,50,3,2,general,3,11474.42,27107.36,8758.4,17350.5,5626.8,70015.41
Tonsillectomy,55,2,1,general,1,5163.18,35572.78,3823.14,9815.08,4840.18,56774.51
Normal Delivery,82,2,3,suite,4,21516.53,22005.58,14269.13,9117.91,4352.28,52534.74
Hernia Repair,28,1,2,twin,2,14840.88,52532.4,8908.61,13363.5,7689.64,106559.44
Coronary Angioplasty,25,1,2,twin,4,51926.11,148078.84,38017.05,84553.36,27097.68,344749.52
Hernia Repair,60,2,2,twin,3,16021.21,42400.46,9660.18,14282.34,7099.7,82037.96
Kidney Stone Lithotripsy,22,1,2,single,3,28122.66,63611.5,14597.92,13716.68,8637.68,111812.19
Caesarean Section,57,1,1,twin,4,45020.78,89129.83,29785.47,24375.27,20685.66,211038.02
Normal Delivery,32,1,2,general,3,17744.15,31519.56,15795.2,9295.02,8029.23,84403.66
Dengue Inpatient Care,74,1,2,single,7,60414.91,0.0,43914.2,14111.78,16746.6,147648.39
Caesarean Section,46,2,2,twin,4,23895.22,52865.18,17321.42,21268.69,10460.24,150567.62
Coronary Angioplasty,26,3,2,twin,4,28091.65,88605.59,20241.37,86284.84,16153.15,240881.44
Dengue Inpatient Care,38,2,1,suite,4,37160.94,0.0,19682.52,15121.6,12454.38,75665.23
Coronary Artery Bypass Graft (CABG),78,2,2,twin,10,109482.1,208047.53,101919.47,122771.66,49863.12,483201.87
Cholecystectomy,19,2,3,general,5,19769.06,35778.8,13766.24,13302.84,7032.44,92050.59
Hysterectomy,39,2,1,general,6,44843.2,81540.34,33645.23,28594.68,18136.28,225230.75
Cataract Surgery,49,1,1,twin,1,7970.14,44938.76,4813.19,15885.7,5698.33,90904.25
Total Hip Replacement,76,3,3,twin,8,43002.27,95019.3,36411.88,110541.45,18692.71,352068.74
Cholecystectomy,30,1,1,general,4,36887.83,84127.87,25185.55,22637.5,14287.57,159451.26
Appendectomy,81,2,2,single,6,39889.34,52410.44,24963.62,18443.88,8416.84,117374.6
Hysterectomy,34,3,1,single,4,28526.36,68835.04,17665.56,28743.11,11101.38,139706.18
Tonsillectomy,34,2,2,twin,3,13372.16,25815.29,8812.74,8025.77,4319.64,64706.23
Tonsillectomy,56,2,2,general,2,7951.52,24454.77,5709.72,6797.89,4278.98,47410.39
Hysterectomy,63,1,1,general,4,39009.38,107068.98,33456.51,28842.64,21280.17,229330.23
Coronary Artery Bypass Graft (CABG),23,1,2,twin,10,158426.6,309432.92,116337.31,105163.52,71791.76,733580.56
Coronary Angioplasty,72,3,2,twin,6,44065.44,81595.81,34632.16,96005.2,16091.2,286017.39
Typhoid Inpatient Care,56,1,1,single,5,41031.18,0.0,26409.41,17261.68,12252.78,100005.91
Typhoid Inpatient Care,39,3,1,general,5,18356.1,0.0,17346.09,17010.05,8461.9,64173.39
Coronary Angioplasty,69,1,2,general,3,33042.3,121616.97,27993.88,95559.04,22421.95,370976.9
Cholecystectomy,47,2,2,single,4,27135.51,50918.94,14840.84,17780.64,8625.99,123384.06
Coronary Artery Bypass Graft (CABG),22,1,2,general,9,125854.32,268280.73,98159.31,103638.52,63542.12,599946.09
Coronary Angioplasty,81,1,2,single,4,58348.3,159369.97,48520.23,92364.1,26552.3,357045.13
Coronary Angioplasty,40,3,1,general,4,28662.63,85566.1,24603.74,98840.12,16983.68,245919.47
Coronary Artery Bypass Graft (CABG),67,1,3,general,12,137153.82,216779.01,125114.16,88460.17,56023.19,601458.43
Hysterectomy,28,2,2,general,5,25135.78,48787.09,20627.98,19998.14,11524.91,128594.72
Typhoid Inpatient Care,34,2,1,twin,6,31930.04,0.0,23792.18,18895.86,10215.98,74842.22
Typhoid Inpatient Care,48,3,1,general,4,16705.43,0.0,14190.46,20435.39,8429.42,59422.24
Cholecystectomy,49,2,2,twin,1,6154.25,53373.48,4093.19,17710.67,7647.43,80972.25
Dengue Inpatient Care,45,3,2,general,5,16657.67,0.0,14760.36,13091.05,8651.42,52159.45
Cataract Surgery,21,1,1,general,1,6755.39,40849.76,4705.12,16969.8,6025.97,69237.99
Cataract Surgery,36,1,2,single,1,7360.9,38639.28,3796.19,12782.06,5429.2,68935.47
Caesarean Section,71,1,2,twin,6,51756.88,66805.32,38132.16,19887.99,16791.92,203408.08
Cholecystectomy,76,1,2,twin,6,49246.42,61527.54,35284.9,18113.77,14376.18,190289.15
Normal Delivery,19,3,2,general,1,3621.61,18816.32,3256.2,8234.24,4522.63,41127.56
Normal Delivery,56,1,2,general,3,18390.91,28648.45,16281.51,8838.31,8035.74,73612.47
Hernia Repair,22,3,2,general,3,11039.12,28238.86,7930.33,16629.68,4906.71,64323.0
Hysterectomy,21,1,2,twin,3,28541.25,86969.97,17471.79,24371.68,15437.86,194452.47
Appendectomy,72,1,2,twin,5,41119.71,70933.21,25901.32,17406.76,11843.78,154786.86
Appendectomy,51,2,2,twin,3,15892.27,44924.32,9089.53,15608.78,6448.8,95021.7
Coronary Artery Bypass Graft (CABG),75,2,1,suite,12,245653.27,310461.46,137323.63,140995.84,69629.61,900721.07
Coronary Artery Bypass Graft (CABG),64,1,1,twin,6,127901.61,364258.09,100976.61,121214.96,75345.59,714927.87
Dengue Inpatient Care,67,1,2,single,8,65414.48,0.0,49654.91,12146.87,16660.16,145440.59
Coronary Artery Bypass Graft (CABG),80,2,3,twin,10,81909.08,149145.92,73680.15,78368.76,36575.19,363215.56
Total Hip Replacement,18,2,2,general,6,42592.13,126758.47,37863.8,110154.23,25209.94,270110.21
Total Hip Replacement,41,2,2,general,5,36576.24,146652.79,29427.63,126959.37,23551.06,385894.23
Hysterectomy,82,2,2,suite,5,40779.62,72676.34,26729.83,28194.14,11618.54,184651.79
Normal Delivery,65,2,3,twin,1,3864.1,17879.85,3089.97,6795.12,3973.91,35996.67
Total Hip Replacement,50,1,2,single,6,76786.7,242664.38,50190.16,107569.08,37126.44,547093.77
Cataract Surgery,58,1,2,single,1,6927.89,37740.29,3635.35,13152.94,5402.63,66518.6
Kidney Stone Lithotripsy,42,1,2,general,2,13862.6,56069.42,8626.41,11798.87,7850.65,99970.02
Cataract Surgery,38,2,2,twin,2,8972.54,26037.51,5176.7,12080.65,4141.12,57699.29
Typhoid Inpatient Care,78,2,1,twin,7,40777.11,0.0,38013.79,21866.46,12997.94,106636.19
Kidney Stone Lithotripsy,19,2,2,twin,1,5445.99,40176.26,3179.71,11923.1,4879.63,79742.71
Caesarean Section,30,1,2,twin,4,34210.45,67336.59,24030.25,17821.39,14660.25,152221.37
Total Hip Replacement,48,1,1,single,5,80204.71,274384.37,50382.0,140524.57,43986.06,648131.8
Hernia Repair,50,3,2,twin,3,13696.77,29215.06,8777.4,14381.23,4885.14,71224.46
Hysterectomy,28,1,1,suite,5,73610.9,118968.83,38875.01,28782.94,18752.38,305705.6
Typhoid Inpatient Care,35,2,1,general,4,19219.5,0.0,16459.19,18005.53,10396.9,67512.27
Coronary Angioplasty,36,3,3,single,5,33291.19,76239.02,20610.81,71798.45,14402.57,224624.66
Coronary Angioplasty,38,2,2,general,4,28476.82,90810.82,26997.61,84718.16,18603.36,291289.07
Total Knee Replacement,46,2,1,twin,6,55060.53,147935.55,37793.61,121851.45,27801.81,359595.77
Caesarean Section,82,2,2,twin,5,31487.08,50447.44,25351.89,24302.44,10327.44,142232.89
Total Hip Replacement,54,2,2,twin,9,69128.9,146020.35,53190.97,111178.84,30679.46,428935.78
Hernia Repair,59,2,2,twin,3,16729.95,38291.41,10136.66,15890.18,7171.98,90162.15
Coronary Artery Bypass Graft (CABG),28,1,2,twin,7,114539.14,291607.01,91245.41,96532.88,58458.45,699160.53
Hernia Repair,20,1,1,general,3,26828.58,69649.19,17881.58,20473.16,11336.28,143181.75
Tonsillectomy,81,2,1,general,4,22896.37,34452.99,20616.69,11567.68,6011.66,115488.74
Coronary Angioplasty,38,2,2,twin,5,42685.94,92722.22,32826.71,78605.72,17604.93,246845.3
Caesarean Section,73,2,1,general,5,34424.89,57699.67,33129.4,27506.55,13936.25,167474.06
Coronary Artery Bypass Graft (CABG),44,1,2,general,9,119317.81,273668.01,98451.02,98588.5,57561.98,673134.58
Coronary Artery Bypass Graft (CABG),38,1,1,twin,9,169079.93,354103.9,136923.74,130026.32,77177.44,841096.89
Hernia Repair,65,1,2,single,1,9369.18,62727.16,5235.43,17336.98,7328.0,109077.11
Total Hip Replacement,21,2,1,general,6,53380.43,175466.55,45809.03,144990.82,32019.08,507903.86
Coronary Angioplasty,57,2,1,twin,3,36076.02,139463.99,27060.88,102265.47,21125.33,339480.81
Cataract Surgery,77,3,2,general,3,9001.23,19314.49,7918.28,14035.05,3495.21,48635.45
Total Knee Replacement,35,3,1,twin,6,40833.8,126065.5,30187.81,134274.01,23546.69,385451.9
Hysterectomy,75,2,2,general,6,35680.91,59484.97,35178.1,23532.99,15168.04,180143.06
Dengue Inpatient Care,48,2,1,single,3,21768.71,0.0,13712.9,14930.36,9597.41,61470.06
Caesarean Section,44,2,1,general,5,34238.2,55351.74,26847.12,24671.66,13562.7,141891.61
Hernia Repair,50,1,1,single,3,31002.26,71383.71,16291.96,17604.53,9707.47,157234.14
Total Knee Replacement,67,3,2,single,7,49153.84,117208.91,33183.4,114736.6,21251.94,341827.02
Dengue Inpatient Care,64,3,1,twin,6,28977.59,0.0,23466.47,17803.68,11191.22,83308.4
Total Knee Replacement,33,1,2,twin,6,66817.74,170930.22,46552.4,118815.57,31832.43,396749.1
Cataract Surgery,18,1,2,suite,1,8277.91,43985.45,3581.8,11887.43,4541.99,75660.06
Kidney Stone Lithotripsy,62,2,2,single,2,13672.55,44598.79,6467.02,12782.59,5980.15,92862.05
Caesarean Section,51,1,2,single,5,55076.38,93633.96,33583.75,18777.79,16781.16,234975.06
Caesarean Section,58,1,1,single,4,47585.49,89942.13,29778.2,25567.49,16294.51,174090.16
Cataract Surgery,52,2,3,single,1,3786.53,22811.62,2143.97,10971.53,2567.46,43964.87
Typhoid Inpatient Care,22,1,1,general,5,32209.87,0.0,27994.61,17591.09,12407.31,104274.76
Caesarean Section,51,2,2,twin,4,26736.68,51345.54,18595.69,21582.46,12137.24,115401.16
Cholecystectomy,71,1,1,twin,5,54332.31,89806.36,40702.72,24682.52,17058.37,219090.04
Hysterectomy,66,3,2,single,5,31184.96,58992.13,21097.69,23913.04,10759.26,170418.38
Total Hip Replacement,80,2,1,twin,8,79742.16,182925.45,72018.79,169653.56,35063.7,568053.47
Dengue Inpatient Care,18,1,3,single,5,29594.12,0.0,18696.66,10094.07,9330.86,65900.86
Caesarean Section,46,3,1,single,3,20980.29,55812.98,11684.24,25954.24,8744.74,137672.35
Cataract Surgery,43,2,1,twin,1,5524.88,33513.58,3681.14,17803.03,4756.83,66844.62
Cholecystectomy,64,2,3,twin,2,9108.05,35404.56,5895.31,13195.05,5827.78,58687.8
Normal Delivery,28,3,1,suite,3,18950.98,26611.34,10845.88,10171.86,4846.48,87027.36
Cataract Surgery,67,2,2,general,3,10250.07,24070.59,8983.66,13977.89,3709.19,65238.51
Hysterectomy,61,2,2,general,3,16629.56,59391.08,13446.93,25377.06,11050.94,126773.29
Total Hip Replacement,78,2,2,general,6,42592.71,143152.15,42225.36,132484.96,25440.33,445641.35
Caesarean Section,22,3,2,suite,3,23011.54,49378.02,10489.98,20438.7,8161.51,108572.04
Tonsillectomy,33,1,3,single,2,12323.64,34797.33,6732.13,6485.9,5032.52,58063.05
Normal Delivery,18,1,2,suite,2,21021.23,44073.31,11782.5,8653.87,7473.42,96013.27
Total Hip Replacement,59,3,1,twin,5,38878.69,151431.02,28390.03,132486.15,25853.91,357159.12
Total Knee Replacement,18,2,2,general,5,34234.19,113042.44,27456.39,112474.6,23989.52,316663.11
Appendectomy,38,2,2,general,3,15572.53,42054.75,9208.01,16889.69,7199.54,100643.69
Coronary Artery Bypass Graft (CABG),80,1,2,general,9,135644.92,294665.78,136127.45,123821.57,62288.91,708515.34
Coronary Artery Bypass Graft (CABG),35,1,1,general,7,118591.59,330134.58,99160.63,104619.72,64602.19,851479.51
Typhoid Inpatient Care,82,3,3,suite,7,26587.89,0.0,18353.51,13975.2,5234.68,58730.58
Normal Delivery,48,2,2,general,1,4840.73,25003.33,3846.89,9219.6,5068.48,58071.22
Dengue Inpatient Care,34,3,2,single,4,18699.99,0.0,11915.28,12809.87,8268.9,55764.07
Hysterectomy,42,2,1,single,5,45179.36,84960.12,26267.01,29152.02,16760.7,212384.34
Total Knee Replacement,36,1,1,twin,5,69682.62,234821.22,49890.36,116225.51,37068.03,513633.92
Appendectomy,75,1,2,twin,5,39254.27,62191.34,28144.92,19418.25,12166.38,173360.03
Dengue Inpatient Care,64,1,2,single,7,57412.17,0.0,35002.81,13506.5,14579.25,137308.77
Hysterectomy,40,2,2,single,3,23652.27,74504.9,14091.67,22337.16,10785.37,143905.61
Tonsillectomy,80,1,1,single,4,38536.61,56215.1,25010.51,12043.4,9241.86,144167.0
Cholecystectomy,68,2,2,twin,3,18429.65,52707.25,13612.26,19412.66,9288.34,122104.13
Coronary Angioplasty,28,2,2,general,5,40372.53,89396.78,31357.14,90792.94,21911.86,249726.99
Total Hip Replacement,35,1,1,twin,4,60557.53,266256.64,45011.61,141358.54,40571.03,548965.69
Appendectomy,36,3,3,general,2,6202.4,27619.26,4267.66,12055.59,4357.64,55795.08
Hysterectomy,75,2,1,general,5,31900.87,67737.31,29451.49,29262.3,13379.48,168018.27
Total Hip Replacement,64,1,2,twin,5,55976.03,191560.7,40483.12,115496.4,35459.7,409351.8
Kidney Stone Lithotripsy,75,2,1,twin,3,21615.45,53009.3,14977.16,16821.36,6750.23,131300.37
Caesarean Section,19,2,2,twin,4,25978.97,51255.47,17688.08,20177.26,10677.74,104142.59
Typhoid Inpatient Care,81,3,1,twin,6,25442.9,0.0,25428.51,23722.52,9508.2,81270.89
Cataract Surgery,80,3,2,twin,2,7354.11,22397.93,5823.46,15895.9,3161.37,53543.42
Cataract Surgery,52,2,1,general,1,4484.68,31090.84,3338.57,15435.03,4586.32,65941.33
Coronary Angioplasty,34,2,1,general,3,30346.89,127853.5,24842.93,105047.95,23212.28,284902.87
Kidney Stone Lithotripsy,20,3,1,single,2,13548.41,43009.98,6260.92,13162.07,5451.44,79974.98
Coronary Angioplasty,31,1,3,twin,4,40653.69,115924.77,31318.44,59381.94,21714.37,228024.02
Appendectomy,75,3,2,twin,4,18200.45,35532.32,11532.58,20908.97,6253.54,87823.97
Cholecystectomy,75,2,3,general,6,25907.83,38616.49,22806.03,15780.68,8381.41,111462.59
Total Knee Replacement,56,2,2,twin,8,57610.96,133042.0,41694.52,103984.45,29414.01,359288.58
Normal Delivery,74,1,2,twin,3,21775.79,35468.83,19821.15,9674.62,8110.61,81062.39
Coronary Artery Bypass Graft (CABG),36,1,2,single,7,147888.75,337185.34,94609.14,99914.94,60679.96,841375.66
Total Knee Replacement,32,2,1,single,5,51725.49,169922.75,32005.3,114691.54,27669.97,437157.8
Caesarean Section,50,2,3,general,3,13209.89,40336.27,10160.59,15281.91,7297.76,69638.17
Coronary Artery Bypass Graft (CABG),33,2,1,twin,8,125700.26,281571.47,92805.64,115795.91,53825.5,623901.53
Typhoid Inpatient Care,78,2,1,general,8,38552.08,0.0,39236.34,21105.28,13375.72,108875.77
Coronary Artery Bypass Graft (CABG),32,1,1,single,6,139244.92,414048.34,81021.47,123682.16,69614.55,821165.97
Dengue Inpatient Care,42,2,1,general,6,34026.45,0.0,30640.48,17007.52,14374.34,97249.46
Total Hip Replacement,36,1,3,single,5,52852.02,178458.61,34640.19,93194.14,30164.36,352493.73
Cholecystectomy,63,2,3,single,2,11149.94,39137.82,6260.78,12886.15,5985.24,77568.4
Appendectomy,26,2,3,twin,2,8765.73,31934.59,5284.51,11140.19,5038.46,57821.91
Dengue Inpatient Care,67,1,3,twin,7,35434.46,0.0,31551.69,9818.83,11034.48,82044.27
Appendectomy,81,2,2,suite,6,48637.47,57268.18,23137.7,20697.07,9096.4,192387.96
Total Knee Replacement,79,3,1,general,7,47045.01,119424.87,48552.6,143730.38,26857.35,428557.53
Coronary Artery Bypass Graft (CABG),70,3,2,single,10,109748.19,194813.33,77224.28,105533.48,44451.66,565194.83
Dengue Inpatient Care,31,2,1,general,5,26462.65,0.0,24499.43,18464.95,11506.79,90111.73
Dengue Inpatient Care,26,1,2,general,6,38848.79,0.0,32778.5,12509.4,15461.18,93039.51
Caesarean Section,68,3,3,twin,5,19908.48,37431.88,15923.77,17109.74,7720.77,101767.69
Hernia Repair,79,1,2,suite,5,50889.16,61323.59,25677.17,16853.22,9325.35,157619.99
Total Hip Replacement,30,1,3,single,4,38958.43,177931.56,26916.22,91553.03,25071.03,372780.05
Kidney Stone Lithotripsy,61,1,2,twin,3,22781.41,51160.23,12634.44,12108.1,7529.52,105102.59
Appendectomy,58,1,2,single,3,30600.47,75108.03,14238.29,16929.71,9498.53,128938.45
Normal Delivery,19,2,3,twin,2,7921.9,18745.56,6255.82,6737.03,4609.0,42067.88
Kidney Stone Lithotripsy,55,3,1,single,2,14062.46,46819.24,6346.32,14980.81,5598.12,93081.48
Normal Delivery,49,1,2,general,2,11650.82,32021.25,10214.77,8002.94,6521.34,69402.32
Normal Delivery,62,2,3,suite,2,11458.73,23155.37,6344.55,6572.41,3982.77,52763.45
Coronary Artery Bypass Graft (CABG),33,3,2,twin,10,90518.59,171418.17,61525.2,96510.11,37191.23,411149.47
Typhoid Inpatient Care,52,1,1,single,5,41626.23,0.0,27789.92,20413.06,14846.5,101296.92
Hysterectomy,34,3,1,single,4,29002.62,68285.73,17374.83,29880.8,10649.63,149371.28
Caesarean Section,39,3,2,general,4,19584.58,42757.25,15545.37,19604.84,9556.66,120183.99
Cholecystectomy,20,1,1,twin,4,41238.7,79446.48,25080.77,24022.74,14810.34,213223.82
Tonsillectomy,79,1,2,twin,3,19937.4,39509.64,15419.63,8154.92,6557.03,83632.45
Dengue Inpatient Care,31,1,2,twin,2,13898.12,0.0,9790.82,13035.15,10508.42,49828.88
Appendectomy,79,3,2,general,4,15601.19,32630.65,12300.36,20789.25,5503.64,79787.41
Cholecystectomy,62,2,2,general,3,14562.7,42459.97,11205.55,18797.03,8464.38,102863.88
Coronary Angioplasty,21,1,2,general,5,53048.48,134832.1,47983.34,72763.18,26993.75,319834.78
Typhoid Inpatient Care,35,1,1,suite,4,44542.54,0.0,22044.4,18557.78,14140.23,102862.54
Typhoid Inpatient Care,39,2,3,twin,3,10546.32,0.0,8254.16,11689.11,6096.83,37356.49
Coronary Angioplasty,66,3,2,general,5,32075.73,80466.29,30080.1,85638.75,15313.98,259394.07
Normal Delivery,55,1,2,twin,2,14531.37,34938.09,11047.46,8469.21,7733.8,79057.07
Tonsillectomy,48,2,3,twin,2,7424.34,22501.03,4790.95,5595.92,3280.39,40679.5
Hernia Repair,20,2,2,suite,2,14488.85,45178.46,6205.34,16374.26,5302.08,86751.48
Coronary Artery Bypass Graft (CABG),42,2,3,twin,7,56221.7,152988.61,40157.34,70666.91,27458.11,317553.55
Appendectomy,45,1,2,twin,4,33954.75,68102.94,18386.17,18388.95,11686.11,157899.51
Appendectomy,70,2,1,suite,5,50847.37,70554.08,23764.98,22560.9,10850.12,119069.7
Tonsillectomy,27,1,1,single,2,19876.22,52261.74,11379.01,10173.48,7798.13,117821.74
Coronary Angioplasty,65,2,1,twin,3,31575.84,129844.86,27125.88,105896.42,20800.21,327201.06
Normal Delivery,37,2,1,suite,3,28108.83,34939.71,13374.45,11281.32,7510.95,91225.74
Normal Delivery,61,2,2,general,3,13761.98,22177.56,11089.35,8480.76,5593.42,55845.61
Appendectomy,55,1,1,single,1,11668.03,78921.12,5295.79,19510.94,10768.41,125517.11
Appendectomy,29,2,1,twin,5,34358.0,50676.66,21636.65,21784.34,11031.39,132612.25
Tonsillectomy,59,1,1,twin,2,16271.26,52485.22,11623.21,9447.12,7247.0,99400.91
Tonsillectomy,42,1,1,twin,2,16404.48,46201.22,10958.34,9118.16,6911.38,86836.85
Total Knee Replacement,66,1,3,single,7,68870.89,158021.2,50102.97,89511.53,32127.27,473496.38
Cholecystectomy,30,2,2,general,3,16925.77,50620.87,12603.94,18686.86,9536.16,99160.18
Coronary Angioplasty,39,2,1,twin,3,30683.18,113738.87,23922.06,92934.28,18180.83,272807.23
Coronary Artery Bypass Graft (CABG),43,3,2,single,7,73337.52,184508.01,45307.76,101653.9,30222.34,414035.76
Normal Delivery,75,3,1,suite,4,30185.61,28591.64,17498.41,11141.43,6045.04,91604.62
Total Knee Replacement,36,1,2,suite,4,62964.47,236877.3,29887.39,106938.34,31166.32,416269.28
Total Hip Replacement,45,2,2,twin,6,48635.92,144906.36,33628.43,105345.41,25745.76,361364.15
Coronary Angioplasty,26,1,2,twin,4,48782.25,147674.35,36534.52,82783.89,26844.34,338821.76
Typhoid Inpatient Care,42,1,2,general,6,31557.72,0.0,24447.82,13743.4,12382.14,78417.29
Coronary Angioplasty,65,3,2,twin,3,22105.94,77889.19,16207.26,90646.12,14218.44,253919.12
Appendectomy,19,2,2,twin,2,10737.12,41651.85,5969.2,16982.71,6864.58,85941.95
Tonsillectomy,80,1,1,general,3,20334.41,41274.52,17950.22,9898.25,7442.36,76519.36
Hysterectomy,24,2,1,twin,4,33510.49,71764.57,23864.16,25087.87,15965.63,176797.03
Cholecystectomy,41,1,1,twin,4,44090.06,91202.2,27328.44,22639.66,17191.2,198403.22
Appendectomy,32,1,2,single,3,28319.03,65967.21,13891.45,14973.91,10360.25,140262.84
Total Knee Replacement,22,2,3,general,4,20045.18,92936.98,16808.48,71618.58,15369.18,209108.97
Tonsillectomy,19,2,1,twin,1,5788.44,37724.96,3931.24,10058.17,4713.39,52512.04
Dengue Inpatient Care,52,2,1,single,4,32207.38,0.0,19540.59,17951.73,11603.61,82537.22
Caesarean Section,47,1,1,twin,5,51625.32,92486.37,35773.54,26323.36,21163.85,218028.54
Appendectomy,27,1,1,suite,4,53491.62,90375.95,23680.76,19263.47,12224.42,200709.58
Caesarean Section,23,1,2,twin,4,35248.86,73020.68,25991.7,20426.12,16058.12,170585.06
Hernia Repair,35,2,2,twin,3,15202.9,36270.1,9262.07,16613.25,6622.18,89482.34
Dengue Inpatient Care,50,3,2,general,2,7254.42,0.0,6301.18,13967.29,6889.84,35403.38
Normal Delivery,63,1,1,twin,2,17364.51,38457.1,14272.56,10906.44,9425.65,100365.53
Coronary Angioplasty,69,1,1,twin,3,41172.56,171628.8,32656.41,98373.35,25123.6,375585.64
Normal Delivery,42,3,2,general,2,7100.81,17389.28,5721.02,9216.63,3823.61,43732.13
Hysterectomy,30,3,1,twin,5,34474.05,61849.65,24092.47,30003.8,13430.47,159158.8
Coronary Angioplasty,29,1,2,single,4,61993.86,170181.12,41515.8,81845.34,26040.2,401662.92
Dengue Inpatient Care,70,1,1,general,8,62547.88,0.0,57026.74,19115.34,21308.35,150754.84
Hernia Repair,38,2,3,general,2,6553.52,24550.56,4904.5,11594.27,4543.65,51740.77
Kidney Stone Lithotripsy,72,2,2,twin,5,27665.83,39102.45,17648.85,12787.26,5834.38,111964.49
Caesarean Section,60,1,2,twin,4,33536.46,73156.58,24335.3,19922.64,16103.34,178414.69
Dengue Inpatient Care,39,2,1,twin,3,20372.71,0.0,14577.34,16747.74,11510.17,59378.53
Hernia Repair,71,3,1,twin,4,20982.82,38434.64,13864.03,22064.36,6356.34,113347.57
Typhoid Inpatient Care,76,2,1,general,7,32869.6,0.0,33784.52,21164.57,11466.07,101762.3
Dengue Inpatient Care,60,3,1,single,5,31376.32,0.0,18422.73,17536.58,10496.79,80613.69
Coronary Angioplasty,79,3,2,suite,3,29583.39,106700.24,21043.51,109125.29,13119.03,212498.92
Typhoid Inpatient Care,59,2,2,general,4,16377.07,0.0,13961.96,14786.78,8421.07,56240.33
Kidney Stone Lithotripsy,42,2,2,general,2,10724.37,42691.89,7111.7,12837.73,5823.04,78659.76
Hysterectomy,70,2,2,single,5,36423.12,64904.62,25753.58,25884.87,13223.8,175081.13
Coronary Artery Bypass Graft (CABG),60,1,2,twin,9,152126.31,322999.46,99381.17,97090.54,67561.78,766795.64
Appendectomy,79,3,2,general,3,12356.14,34085.52,10297.99,18993.42,5428.26,71970.61
Cholecystectomy,41,2,1,single,3,25341.88,68028.98,13977.32,22286.36,10723.92,148950.42
Coronary Angioplasty,25,1,2,single,3,47282.33,173897.42,27379.08,93532.87,25142.25,313466.91
Kidney Stone Lithotripsy,34,1,2,twin,2,16076.5,52904.34,8872.82,11297.71,7035.92,86997.46
Total Knee Replacement,37,3,3,single,5,26674.1,84284.85,15574.59,84213.44,13515.11,204429.52
Coronary Angioplasty,71,2,2,general,4,30439.32,102827.85,28619.8,84749.87,18402.69,250355.58
Cataract Surgery,81,1,2,twin,2,12968.71,39553.74,10352.16,16321.87,5676.39,105958.76
Coronary Angioplasty,19,1,2,single,2,29696.71,174005.03,20803.07,87353.13,23207.65,287648.94
Hysterectomy,49,2,1,single,4,34479.12,72107.05,19605.96,26608.37,12662.1,166662.88
Tonsillectomy,78,1,1,twin,4,32769.42,51210.93,24128.17,10596.36,8332.17,102375.14
Hysterectomy,73,3,1,twin,5,32861.31,61114.91,26781.59,32402.04,13833.7,170554.93
Typhoid Inpatient Care,71,2,1,single,7,42840.51,0.0,30216.32,22344.88,11885.61,109644.69
Appendectomy,26,1,2,single,2,18986.32,64703.51,9519.23,16810.01,8730.85,133125.96
Coronary Artery Bypass Graft (CABG),24,1,1,general,8,133197.4,354377.07,109616.2,121097.49,65974.69,815981.41
Total Knee Replacement,58,2,2,single,6,55160.77,143399.04,32926.66,111225.72,25066.86,340132.45
Hysterectomy,75,2,2,single,6,45784.18,68883.8,31313.9,23097.95,14387.74,175186.33
Normal Delivery,64,3,2,general,2,7060.95,19534.01,6146.28,9892.55,4296.95,47944.01
Dengue Inpatient Care,21,3,3,suite,3,14288.81,0.0,7870.69,11687.44,5867.57,40141.36
Cholecystectomy,26,2,1,suite,4,44088.17,74746.23,20604.7,22949.16,12489.56,188898.07
Cholecystectomy,37,2,1,twin,4,28241.79,60895.85,16830.0,21661.49,10817.69,137892.39
Coronary Artery Bypass Graft (CABG),35,1,2,general,6,88934.11,275195.17,76673.24,105613.98,52003.41,560688.11
Caesarean Section,62,3,1,single,4,28200.02,57070.02,17689.04,26783.19,10091.39,138570.09
Hernia Repair,19,2,2,twin,3,15551.84,39260.44,9606.16,14320.45,6132.27,93426.62
Tonsillectomy,22,1,3,twin,1,4806.78,28086.91,3007.41,5864.55,3779.36,44083.51
Caesarean Section,26,3,1,twin,4,23840.96,50645.39,16945.99,24129.11,9486.15,115457.77
Kidney Stone Lithotripsy,59,3,3,general,1,3279.33,24472.24,2161.89,9742.88,3417.6,44313.35
Coronary Angioplasty,36,1,3,general,5,42314.84,105030.38,36282.06,68085.26,21885.73,310336.77
Coronary Artery Bypass Graft (CABG),56,2,3,twin,8,71408.97,155735.48,52983.87,74622.51,34294.31,396151.66
Cataract Surgery,44,2,1,suite,1,7856.92,37658.44,3377.65,15783.88,4513.65,70629.34
Coronary Angioplasty,47,2,1,suite,4,58323.61,157152.57,30684.91,108255.27,20707.83,344546.48
Hernia Repair,56,3,3,single,3,11951.11,24656.78,6405.69,12819.42,3793.11,41959.41
Caesarean Section,48,3,3,single,4,17408.96,35171.61,10444.16,15954.09,6981.61,82795.26
Tonsillectomy,44,1,1,general,2,13609.71,49103.55,10156.58,9847.49,7121.2,94774.64
Caesarean Section,73,1,1,twin,4,45009.38,92783.73,36209.26,29259.0,19004.93,252730.52
Caesarean Section,25,3,1,twin,3,18481.22,48721.99,12989.05,24165.41,10365.78,121606.9
Caesarean Section,36,2,1,twin,4,31724.88,70843.93,22729.07,24826.85,14658.45,161405.57
Normal Delivery,25,2,3,single,2,8818.89,19884.64,5837.3,6165.14,3725.58,45998.81
Typhoid Inpatient Care,20,1,2,general,7,36906.98,0.0,32354.84,14890.77,11850.26,97858.11
Caesarean Section,18,1,1,twin,3,32302.49,83212.89,21720.64,24382.01,15679.09,167170.92
Hernia Repair,60,2,1,single,3,22333.33,53612.43,12914.96,18253.52,8399.03,111354.11
Dengue Inpatient Care,27,1,2,single,2,16401.32,0.0,10003.79,11992.62,10380.75,47957.03
Coronary Angioplasty,30,2,2,twin,3,26854.96,98263.76,19479.44,84426.37,18385.16,260783.28
Tonsillectomy,51,1,1,single,1,10703.21,64037.02,5431.48,10126.07,6514.49,82429.45
Coronary Angioplasty,37,2,1,general,2,20068.56,115881.71,18011.53,94041.2,20163.25,268272.95
Cataract Surgery,71,2,2,single,3,14762.98,28760.32,9123.01,13068.99,4296.82,62714.17
Total Knee Replacement,48,1,1,single,5,76592.15,225812.12,48308.45,124068.12,41022.94,457398.51
Hernia Repair,28,2,1,general,3,16133.7,39184.7,11771.75,16717.03,7024.41,89292.95
Normal Delivery,50,2,1,single,2,14602.52,29820.04,9674.4,11467.63,6009.23,75154.93
Hysterectomy,41,2,1,twin,3,22445.69,73036.77,16272.61,24844.93,12508.51,156556.1
Tonsillectomy,37,3,1,general,1,4425.03,30018.35,3150.77,10312.64,4252.55,57165.71
Cholecystectomy,36,1,2,twin,3,23565.65,70754.47,16278.62,16567.48,10398.07,128056.55
Tonsillectomy,77,1,2,single,4,31625.16,46561.41,20686.91,8928.7,6969.21,128502.65
Hysterectomy,53,2,3,twin,4,20115.11,49866.59,12892.51,17750.14,8515.56,99120.38
Typhoid Inpatient Care,77,2,3,twin,7,24420.16,0.0,23334.58,14866.03,6937.85,57145.65
Hysterectomy,22,2,2,twin,5,30390.66,60557.76,19176.16,19930.07,12370.67,149834.2
Kidney Stone Lithotripsy,51,1,3,twin,2,10786.95,43192.14,6721.32,8159.53,5116.64,66577.61
Total Knee Replacement,37,3,2,twin,6,39038.53,116063.18,29034.64,100356.64,22508.29,348517.14
Cataract Surgery,24,3,2,general,1,3022.63,19639.65,2013.36,13808.31,2898.96,40626.55
Total Knee Replacement,46,2,2,twin,4,29905.78,134678.47,21294.16,96721.09,21270.89,270322.22
Total Knee Replacement,64,2,1,twin,5,44924.46,151108.26,34140.81,130282.92,24148.05,348972.23
Coronary Artery Bypass Graft (CABG),33,1,3,general,9,98915.48,228082.51,82036.88,74914.13,52750.03,534245.62
Appendectomy,50,2,2,single,4,25487.53,50106.15,11796.51,15209.23,6830.22,111696.39
Coronary Artery Bypass Graft (CABG),55,1,1,single,9,207222.8,406691.02,119513.84,112122.8,80991.55,1056827.62
Cataract Surgery,60,2,1,general,1,4456.53,26945.41,3441.71,17342.07,3982.13,60304.31
Dengue Inpatient Care,22,3,1,twin,6,27857.7,0.0,22379.52,14532.66,10092.74,64598.69
Cataract Surgery,48,2,1,general,2,8806.14,27985.76,6540.16,16747.85,4552.06,59167.41
Total Hip Replacement,34,2,1,general,6,49428.21,164615.57,43792.14,122227.38,31639.58,435552.25
Tonsillectomy,19,2,3,general,3,9786.06,20665.3,7263.47,5691.06,3439.71,47307.78
Caesarean Section,48,1,1,general,5,45190.83,78895.97,38893.83,24293.21,20443.6,233984.11
Cataract Surgery,35,2,2,general,1,3701.61,22386.94,2531.31,12733.89,3561.84,45356.43
Cataract Surgery,54,1,2,twin,1,5779.99,33966.85,3506.58,13966.65,4553.16,68131.39
Total Knee Replacement,39,3,2,general,4,20467.71,101100.33,16808.12,97841.6,16798.4,256616.29
Caesarean Section,39,2,2,general,4,22128.53,51560.73,17808.05,17488.78,10714.64,114342.88
Cholecystectomy,64,2,2,twin,2,12026.76,46944.12,8103.96,18484.0,8126.78,101792.33
Total Hip Replacement,54,3,2,general,4,22487.31,116323.36,20073.82,116878.47,17853.38,291292.26
Dengue Inpatient Care,78,1,3,twin,6,34343.04,0.0,30951.82,12161.81,11345.39,103316.51
Coronary Artery Bypass Graft (CABG),41,1,3,general,10,106853.43,225817.92,87037.61,75726.33,56102.56,513746.91
Cataract Surgery,46,3,1,general,1,3657.43,23538.79,2793.83,14897.27,3866.32,46087.06
Coronary Angioplasty,30,1,2,general,2,21552.79,134792.55,18396.15,81791.67,23216.5,244397.46
Total Knee Replacement,77,2,2,twin,6,43260.59,122093.46,38188.15,128166.97,23142.73,399209.47
Appendectomy,64,1,2,general,4,28782.7,59417.74,19738.69,18497.76,11781.85,171351.33
Coronary Artery Bypass Graft (CABG),37,3,1,twin,6,65761.88,190425.59,48181.53,107426.58,36391.53,509034.29
Hysterectomy,62,1,3,suite,4,38898.37,79876.9,19818.83,15468.44,11341.32,182505.08
Kidney Stone Lithotripsy,26,1,1,suite,1,14744.84,98912.36,5641.49,15967.24,9083.36,154223.82
Normal Delivery,24,3,2,general,2,7220.29,19224.96,6701.23,9976.44,4296.3,51428.12
Hernia Repair,41,3,2,suite,3,17884.92,38902.32,7735.08,14157.01,5158.35,85070.24
Kidney Stone Lithotripsy,38,1,1,twin,2,18181.33,65196.74,11165.91,16188.53,9405.8,108874.27
Kidney Stone Lithotripsy,20,2,2,twin,2,10942.01,43117.47,6981.08,12509.28,5553.47,75788.2
Total Hip Replacement,60,2,1,twin,5,50290.28,168801.08,37793.32,133662.26,29097.99,384909.77
Kidney Stone Lithotripsy,72,3,3,general,4,11934.12,22904.32,9317.68,10882.72,4109.87,66078.48
Typhoid Inpatient Care,69,1,1,single,7,62876.39,0.0,42815.08,18477.45,15432.96,128473.22
Coronary Artery Bypass Graft (CABG),45,2,3,single,9,87655.82,158757.3,54925.19,70022.96,36194.75,456681.41
Cholecystectomy,24,1,2,general,3,23331.76,65241.26,16857.2,16560.22,13374.53,155606.14
Typhoid Inpatient Care,34,3,2,general,5,16275.17,0.0,13483.15,16354.04,6361.39,59030.22
Total Knee Replacement,54,2,2,twin,4,32949.6,147001.07,23379.24,110332.97,24212.41,377962.08
Dengue Inpatient Care,54,2,3,twin,3,12283.75,0.0,9109.52,10312.21,6524.75,38352.84
Caesarean Section,73,2,2,general,5,26545.26,51698.66,23310.93,20270.88,10484.74,140254.77
Appendectomy,42,1,3,twin,3,17759.29,46290.07,10581.09,12467.53,7711.44,100999.83
Hernia Repair,41,1,2,suite,3,33707.7,67292.89,14267.25,17627.67,8632.23,126122.32
Hysterectomy,55,2,2,single,5,39767.48,70567.48,23063.45,21515.9,13176.01,153375.32
Hernia Repair,71,2,2,general,4,19014.22,33469.03,15818.65,17307.98,6758.41,106996.13
Coronary Angioplasty,19,3,1,single,3,28828.94,104518.28,18815.88,101598.55,15603.45,271699.21
Hernia Repair,59,3,1,general,2,8628.96,31540.75,6139.15,18874.3,5252.86,82040.63
Cataract Surgery,38,2,2,single,1,5516.87,29092.57,2786.64,12339.47,3914.48,52476.06
Total Hip Replacement,48,2,1,suite,4,60970.15,247884.18,29293.67,141859.56,27096.39,455369.97
Coronary Artery Bypass Graft (CABG),65,1,2,twin,9,139702.51,312436.6,111577.14,90867.63,58723.23,627044.1
Caesarean Section,58,3,3,twin,5,18643.9,33956.64,13262.75,14353.91,6971.27,91383.62
Tonsillectomy,25,2,1,twin,2,11478.98,35576.98,7689.94,9302.9,5418.62,68065.01
Coronary Angioplasty,69,1,1,general,4,54055.92,165634.95,52832.06,99882.92,29215.74,418641.44
Dengue Inpatient Care,44,3,3,suite,5,20693.03,0.0,10629.39,9162.62,5827.35,51732.34
Coronary Artery Bypass Graft (CABG),23,3,3,single,9,73790.4,149532.83,47662.09,72529.31,31437.81,386453.71
Typhoid Inpatient Care,36,3,2,twin,3,10115.28,0.0,6853.84,14636.98,5326.82,40024.36
Coronary Artery Bypass Graft (CABG),41,3,2,twin,7,61648.91,179005.39,49204.34,87582.88,30622.41,441953.03
Appendectomy,59,3,2,general,3,11685.26,31735.89,7971.08,18471.93,5579.54,73708.99
Typhoid Inpatient Care,27,3,1,single,7,35957.33,0.0,22063.19,18716.75,9412.02,80554.62
Total Knee Replacement,24,1,2,twin,6,64309.46,172530.08,43665.41,96953.33,31484.05,421866.12
Hysterectomy,49,3,3,twin,4,16952.89,36721.22,12152.32,17386.1,7698.64,84094.75
Hernia Repair,60,3,2,suite,3,19421.15,36949.67,8511.99,16175.1,5436.66,90723.82
Cholecystectomy,56,1,3,general,2,12070.96,49234.92,8715.47,15462.25,9216.19,88783.79
Hernia Repair,63,3,1,single,2,11669.73,42119.96,6330.74,18162.4,6172.8,76015.02
Cholecystectomy,44,2,2,single,4,28908.62,55009.26,16369.24,17694.72,9887.75,136147.66
Total Hip Replacement,66,2,2,single,7,69740.33,159706.21,47349.64,123355.08,30143.84,478192.04
Coronary Angioplasty,63,3,3,single,5,30305.56,65383.65,20663.22,59840.17,11140.56,187052.78
Appendectomy,61,1,2,twin,5,38539.48,64000.2,20626.77,15365.58,10710.76,166613.68
Normal Delivery,70,1,2,general,4,26025.78,31048.37,27432.92,10611.63,10144.84,120499.5
Dengue Inpatient Care,58,1,2,twin,1,7427.18,0.0,5719.19,14528.66,9538.76,29633.0
Dengue Inpatient Care,40,1,2,single,2,15943.61,0.0,10355.12,12790.95,11370.97,51006.15
Typhoid Inpatient Care,21,1,1,general,4,27719.58,0.0,22888.32,18232.72,14616.13,81515.74
Cataract Surgery,20,1,3,general,2,8656.25,26953.93,5599.83,10957.53,3826.58,52148.6
Cholecystectomy,29,2,2,general,3,17580.19,51568.43,11941.04,18027.68,9032.74,96141.29
Typhoid Inpatient Care,59,2,2,general,8,31864.64,0.0,27718.88,15939.35,10884.08,94345.6
Cholecystectomy,67,1,1,twin,3,33617.4,98380.2,23597.95,24927.39,15806.92,216992.95
Appendectomy,56,3,2,twin,4,18444.12,35450.6,11278.36,16032.54,6373.54,85962.42
Typhoid Inpatient Care,54,2,1,twin,5,25669.8,0.0,20440.78,18027.29,10226.73,62660.99
Kidney Stone Lithotripsy,35,1,1,general,2,18384.18,66336.5,13040.67,16099.83,9284.03,142998.19
Tonsillectomy,62,2,2,single,1,5510.85,33133.66,3193.0,7189.28,3473.95,51726.79
Dengue Inpatient Care,51,1,2,twin,5,35047.5,0.0,27004.43,13698.17,12444.6,98878.64
Total Knee Replacement,43,1,3,twin,5,39166.13,138108.14,27558.63,79308.58,21421.46,306594.71
Total Knee Replacement,22,2,2,general,5,33793.95,124092.14,27234.52,97068.42,23645.2,309653.59
Typhoid Inpatient Care,33,1,1,general,3,18384.73,0.0,16525.07,18466.95,11312.46,66911.9
Total Knee Replacement,71,1,2,single,5,59572.6,212141.6,45639.53,104581.63,34811.08,521275.43
Kidney Stone Lithotripsy,76,2,1,general,4,24059.18,44477.91,17901.18,17632.36,7414.62,97678.34
Typhoid Inpatient Care,32,3,2,twin,5,18027.74,0.0,12224.99,13862.23,6944.35,57268.26
Tonsillectomy,79,3,1,general,4,16303.69,27617.15,14434.95,11119.86,4647.37,54139.42
Coronary Angioplasty,38,2,1,single,4,45766.64,129635.82,31666.13,90362.92,22419.5,302353.87
Appendectomy,43,2,2,single,3,19728.04,50835.25,10302.27,17605.06,6694.73,86311.34
Hysterectomy,26,2,2,twin,4,26743.17,59850.41,17001.6,21111.29,12690.68,143092.7
Normal Delivery,75,2,1,general,4,23227.79,29641.18,22900.84,13216.26,8350.35,82079.74
Typhoid Inpatient Care,36,1,3,twin,5,23105.81,0.0,16426.44,10869.94,9503.82,53316.34
Kidney Stone Lithotripsy,32,2,1,twin,2,13741.38,46380.24,8391.65,14754.42,6750.92,73856.26
Kidney Stone Lithotripsy,28,2,2,twin,2,11184.38,42306.0,6848.16,11756.09,5419.89,72226.0
Hernia Repair,28,1,3,general,2,9510.96,34315.88,6373.6,11888.52,5750.49,71007.96
Cataract Surgery,19,1,1,general,2,13189.33,43145.39,10250.05,15439.56,7152.51,97350.4
Appendectomy,59,3,2,twin,2,8001.1,35198.66,5158.89,16660.31,4542.51,77979.27
Cataract Surgery,79,2,2,general,2,7184.92,23231.24,6579.83,13676.83,3432.74,44983.99
Coronary Artery Bypass Graft (CABG),34,2,1,twin,9,122837.45,250233.15,92790.41,103344.65,52392.06,563563.47
Total Knee Replacement,69,2,1,general,8,65581.95,140519.1,60800.24,128633.11,35007.83,502549.72
Coronary Angioplasty,81,2,1,suite,4,67122.93,158972.35,44355.4,113160.45,25419.62,469823.12
Coronary Angioplasty,81,3,3,twin,6,30948.24,54965.76,28610.32,80469.76,11396.51,187851.2
Hysterectomy,60,2,1,twin,3,21773.84,70687.78,16261.15,28180.0,12835.44,148874.84
Appendectomy,75,3,1,twin,4,22411.34,44862.85,13981.15,21384.76,7557.54,119375.5
Total Hip Replacement,74,3,2,suite,8,80087.85,164363.87,49214.5,147228.62,23270.68,560701.0
Coronary Artery Bypass Graft (CABG),25,3,3,general,10,59548.33,122366.63,47627.48,66086.57,31898.59,343719.93
Appendectomy,79,1,2,single,5,45785.94,68710.48,27388.91,19554.13,10560.97,160367.72
Total Hip Replacement,29,1,2,twin,3,32677.56,202514.28,24922.91,120302.56,29003.19,355301.18
Caesarean Section,64,3,2,single,4,22117.05,41839.56,14106.3,20145.48,8089.74,115532.81
Total Hip Replacement,49,1,1,general,4,50108.36,236974.56,38575.39,144853.98,37014.99,484558.63
Hernia Repair,29,2,2,single,2,11917.39,41946.21,6209.93,15566.17,5434.77,81086.4
Hernia Repair,79,1,3,twin,4,24087.33,43048.67,19007.84,13921.02,7648.47,85534.37
Tonsillectomy,36,2,2,single,1,5882.84,35403.34,3113.52,7209.99,4262.1,53537.59
Coronary Artery Bypass Graft (CABG),51,3,3,single,5,39956.11,149220.21,26671.39,75799.76,20846.16,318566.59
Kidney Stone Lithotripsy,52,3,1,single,3,18771.69,43425.36,8607.48,13335.33,5777.4,80952.28
Caesarean Section,67,2,3,single,6,32506.08,40725.96,21359.87,16362.7,9781.21,122507.12
Hysterectomy,76,2,2,single,7,53609.02,71817.52,37710.85,24629.9,14132.72,197640.16
Appendectomy,24,2,3,twin,4,16349.93,32398.89,9728.77,11261.69,5252.53,71636.47
Hernia Repair,21,1,2,single,2,16048.08,54642.22,9209.56,15115.37,8358.53,92240.6
Coronary Angioplasty,80,2,1,single,6,78414.04,132394.48,60786.37,118035.06,24899.51,529965.48
Appendectomy,74,3,1,single,3,19124.2,47645.32,10573.37,20224.51,6607.21,123833.14
Hernia Repair,23,2,2,suite,2,14508.67,43292.29,6431.71,15806.37,5441.46,82459.32
Hysterectomy,34,1,1,single,5,63705.66,104411.05,36723.07,28607.05,22331.58,264055.24
Dengue Inpatient Care,55,1,2,general,5,30486.46,0.0,24845.74,11708.37,14311.93,81602.13
Total Hip Replacement,22,3,1,single,5,48324.76,160174.57,30733.78,155410.19,24010.12,479730.69
Cataract Surgery,40,2,3,twin,1,3351.95,20786.37,2057.88,9998.03,3045.37,39723.92
Typhoid Inpatient Care,49,3,2,twin,4,13780.32,0.0,11290.0,15730.83,6437.0,45143.98
Total Knee Replacement,75,1,1,twin,7,89353.67,212268.15,84694.95,136702.7,47430.95,524097.44
Kidney Stone Lithotripsy,58,1,2,twin,1,8072.62,57988.97,4596.66,11799.21,6851.94,90249.49
Typhoid Inpatient Care,38,2,1,single,5,33262.38,0.0,20695.2,18530.13,10645.06,97683.88
Total Knee Replacement,33,1,3,twin,5,37258.64,126009.95,26919.9,72272.99,24394.48,287679.73
Caesarean Section,57,3,1,twin,4,25026.62,54523.14,16698.1,22717.65,10035.6,143766.96
Total Hip Replacement,64,2,1,twin,7,68160.17,171989.59,55324.18,130224.16,37877.1,440085.81
Cataract Surgery,76,1,1,general,3,20698.62,41766.81,18125.63,18859.4,7249.87,107386.22
Dengue Inpatient Care,73,3,2,twin,6,24468.33,0.0,20983.37,15574.37,8789.44,75169.65
Caesarean Section,47,3,2,twin,5,23448.76,41082.65,16279.81,18173.35,9341.29,105278.63
Tonsillectomy,27,2,1,single,2,14079.03,37927.73,7507.69,9509.91,5695.69,73734.79
Hernia Repair,76,1,2,suite,3,31736.02,64713.73,17350.78,17870.13,8870.63,144806.42
Hysterectomy,49,2,2,twin,3,17927.33,53386.64,12886.32,19616.76,9824.22,114737.46
Total Knee Replacement,48,3,3,general,6,27897.64,84586.57,21219.12,90611.97,16391.46,260950.56
Coronary Artery Bypass Graft (CABG),51,3,1,single,9,127545.75,256758.25,81245.26,119785.27,43399.21,619068.4
Hernia Repair,64,1,2,single,2,19245.67,63018.8,9775.7,16222.57,8465.25,109546.68
Tonsillectomy,21,3,2,single,1,4491.02,23943.61,2319.4,6766.5,2946.15,44531.9
Cholecystectomy,40,3,3,twin,3,11764.59,29142.16,7233.55,13919.83,5572.58,72219.21
Hernia Repair,44,2,2,general,3,13147.79,34005.5,8845.04,15701.89,6542.91,91366.83
Kidney Stone Lithotripsy,82,2,3,twin,4,18185.93,30724.01,12968.08,10528.34,4723.38,71069.15
Coronary Angioplasty,22,1,1,twin,4,64552.74,176075.2,47601.76,103614.09,30807.94,396371.87
Cholecystectomy,60,2,2,suite,3,27372.42,63654.64,10974.69,18215.76,9116.16,125528.05
Normal Delivery,40,3,2,general,2,6637.57,16565.05,6116.55,7711.58,3824.38,45734.92
Tonsillectomy,22,3,1,twin,1,5066.35,30993.52,3023.45,9529.64,4075.99,54219.36
Tonsillectomy,28,3,3,twin,1,3132.25,19989.25,1986.42,6643.5,2388.97,32184.98
Total Hip Replacement,27,2,2,general,4,26787.8,130347.7,22804.03,111283.74,22396.58,309940.86
Cataract Surgery,64,1,1,single,1,8387.74,48383.81,4319.85,15920.5,5544.28,80336.31
Cholecystectomy,47,2,1,general,4,25942.7,60736.81,18761.76,20966.31,10728.88,140403.54
Hernia Repair,23,3,2,single,1,5453.71,34002.92,2634.39,16079.18,4205.42,66471.05
Cataract Surgery,61,3,2,single,1,4252.08,22680.14,2138.46,13321.12,2988.36,52347.15
Kidney Stone Lithotripsy,18,1,1,single,2,20379.43,71334.67,10588.63,15701.24,8341.04,125232.25
Tonsillectomy,18,2,1,suite,2,17660.63,42926.83,7308.98,10276.2,5420.75,79137.24
Coronary Angioplasty,52,2,2,twin,2,17031.85,100720.47,13836.09,89768.52,16358.15,227023.07
Coronary Artery Bypass Graft (CABG),57,2,2,suite,9,141435.33,234254.32,73409.74,86800.32,43291.53,493460.64
Cholecystectomy,56,1,2,twin,4,34402.11,73545.73,21574.62,17148.36,14210.87,180387.14
Normal Delivery,32,3,1,twin,3,13829.89,22869.56,11189.42,10601.45,5056.29,65730.51
Coronary Artery Bypass Graft (CABG),26,2,2,twin,8,93084.47,232717.46,67994.65,94062.22,43125.45,516494.38
Cholecystectomy,71,1,2,general,4,30622.04,62276.48,22955.66,18536.67,13647.93,129707.9
Kidney Stone Lithotripsy,76,1,2,suite,3,34144.69,64464.35,15225.02,14202.6,7807.88,111254.38
Normal Delivery,38,1,1,twin,3,23897.63,37880.66,17272.27,10991.9,9638.75,104866.13
Tonsillectomy,47,1,1,single,2,19470.29,56312.02,10324.23,9979.37,7560.44,101726.88
Hernia Repair,53,1,2,general,2,13128.63,48818.28,9337.27,16427.86,8378.84,99584.62
Hysterectomy,51,1,2,twin,4,37992.24,85841.66,26957.26,19960.18,16836.82,180438.31
Tonsillectomy,37,1,1,single,2,20331.88,53406.23,10550.45,9512.4,7071.44,94429.29
Total Hip Replacement,72,3,3,twin,7,36826.89,95925.01,28964.35,103013.89,17872.31,267092.36
Hernia Repair,47,1,3,twin,1,5511.22,41931.11,3535.31,10791.78,5354.85,73569.27
Dengue Inpatient Care,74,2,2,twin,5,23510.81,0.0,20158.34,13541.75,9477.17,56356.56
Appendectomy,33,1,2,twin,4,32943.71,65827.86,17414.9,16704.94,11132.93,137037.35
Total Hip Replacement,74,1,2,general,6,62888.12,202369.42,58084.2,126992.93,34486.72,433969.43
Total Knee Replacement,33,1,2,single,4,49531.53,184192.17,30608.17,93127.34,27290.28,430924.33
Caesarean Section,63,1,3,single,3,24222.45,66141.31,14779.89,17144.59,10671.47,147662.31
Caesarean Section,58,3,1,twin,4,26297.31,53415.13,17862.27,24909.35,11654.98,134517.18
Hernia Repair,67,2,3,general,4,14057.43,25532.83,11451.43,13284.75,5690.2,77797.26
Caesarean Section,77,2,2,general,5,28535.33,46454.2,28523.14,22262.98,12026.31,121327.78
Hysterectomy,74,3,1,single,7,53455.05,70144.73,38894.37,31360.3,14321.66,221067.44
Coronary Angioplasty,43,2,1,general,2,18050.11,113208.5,15731.37,102622.97,18455.23,270889.73
Hysterectomy,29,3,2,general,4,18788.79,49647.76,15106.95,21600.5,10270.9,111503.35
Appendectomy,57,2,2,twin,3,17747.83,44613.84,10487.46,16790.82,7195.52,86499.82
Hysterectomy,41,2,2,twin,3,19514.27,58394.54,12350.12,20995.88,10070.5,113579.18
Kidney Stone Lithotripsy,65,1,1,twin,2,20524.04,74778.69,12752.62,15831.92,9577.86,135040.51
Typhoid Inpatient Care,54,1,2,twin,5,31448.22,0.0,22486.5,15091.18,11492.81,91447.96
Tonsillectomy,35,1,3,general,2,9008.51,30850.84,6347.8,6321.2,4796.86,65352.71
Normal Delivery,63,1,1,twin,2,17666.67,38532.31,14323.21,10722.25,10003.55,96371.7
Dengue Inpatient Care,49,1,2,general,6,37507.62,0.0,32075.16,12236.23,14315.18,88552.22
Appendectomy,49,1,2,twin,3,25051.0,65374.32,14991.96,16436.83,9300.11,136281.67
Coronary Angioplasty,60,1,2,general,3,30642.17,137742.75,26714.5,86241.98,22224.65,363432.15
Total Hip Replacement,58,2,2,general,8,53886.08,131849.37,44771.47,113220.87,27817.52,347485.84
Cholecystectomy,44,1,2,suite,2,26482.71,96116.31,11704.38,18177.09,11912.8,174288.94
Normal Delivery,70,1,1,suite,5,62544.99,50730.31,38860.62,11033.08,11398.93,175968.93
Total Knee Replacement,45,2,3,twin,7,40599.94,99935.17,32573.76,80885.58,22415.86,279509.79
Tonsillectomy,82,3,1,twin,3,14290.97,27289.61,12239.69,12556.75,4526.07,81099.4
Typhoid Inpatient Care,59,2,3,single,8,33685.83,0.0,19684.93,12750.46,8681.32,70250.36
Normal Delivery,39,1,3,twin,3,17556.11,28575.23,13617.58,7476.36,6672.28,67534.95
Hernia Repair,22,3,2,general,1,3897.19,30811.24,2500.97,14651.14,4747.53,59971.74
Total Hip Replacement,33,2,3,suite,4,37159.97,139474.03,18704.04,87729.2,18803.29,332520.01
Coronary Artery Bypass Graft (CABG),41,1,3,general,10,104057.72,201736.66,92625.72,65789.89,46979.21,420319.33
Coronary Artery Bypass Graft (CABG),41,3,3,twin,5,35123.06,141516.46,24097.0,76272.69,21228.57,304530.27
Hysterectomy,19,2,2,single,5,37409.47,68272.82,23405.83,23024.94,12217.14,178303.34
Dengue Inpatient Care,31,3,2,single,6,29243.17,0.0,18125.29,11732.64,8134.68,67261.34
Cholecystectomy,34,1,2,single,4,36732.77,70738.96,20617.73,15839.11,13473.08,160206.85
Caesarean Section,74,2,1,general,4,26462.76,63502.2,25762.63,30862.35,12600.61,125496.84
Normal Delivery,57,2,3,twin,3,11865.01,18423.32,9623.88,6871.16,4208.08,44194.81
Total Hip Replacement,70,2,1,single,5,60488.6,204669.1,44099.86,165066.13,32310.94,608290.8
Normal Delivery,53,2,2,twin,2,9664.98,25389.17,8331.2,8716.64,5213.89,48064.54
Cholecystectomy,46,1,2,general,3,20135.0,58534.61,14080.28,18392.27,10473.26,120084.3
Coronary Artery Bypass Graft (CABG),40,1,1,twin,7,149898.55,392298.64,111854.3,125467.16,81773.58,757178.29
Normal Delivery,26,2,3,twin,2,7475.55,16668.5,5453.63,6774.39,3838.88,41998.68
Cholecystectomy,41,1,1,twin,2,21291.81,82449.52,13368.21,20856.47,14448.69,149613.59
Total Hip Replacement,73,2,2,twin,9,76367.11,136440.19,57641.81,134497.7,31995.63,387722.63
Hernia Repair,47,3,3,general,1,3126.91,22076.8,2026.24,11261.71,3610.02,38532.18
Appendectomy,40,1,1,twin,4,38487.19,76529.64,24526.8,19483.81,13898.57,176200.52
Hernia Repair,62,1,1,general,4,33211.92,57955.35,22248.84,20855.95,11647.85,148140.74
Tonsillectomy,28,1,3,single,2,12012.15,36732.23,6296.82,6716.76,4853.08,69570.14
Total Hip Replacement,28,2,1,general,4,37170.07,178478.48,30406.32,131186.65,31719.95,418007.83
Cholecystectomy,76,2,1,single,5,45410.66,74025.31,30084.4,26608.42,12900.68,197538.74
Cataract Surgery,74,2,2,general,3,12272.35,26086.66,10008.36,14950.93,3955.17,68492.34
Coronary Artery Bypass Graft (CABG),40,3,3,twin,6,41337.52,127978.54,27563.8,70284.18,22646.69,267921.39
Cataract Surgery,51,2,2,twin,1,4485.81,25323.98,2921.8,13787.14,3884.88,51435.35
Normal Delivery,28,3,1,twin,2,9661.28,20762.56,6682.62,11238.71,4959.88,51895.36
Coronary Angioplasty,76,3,2,general,3,19806.23,76438.81,18194.26,99129.57,13498.93,224074.58
Hernia Repair,33,2,2,twin,2,9675.48,36698.97,6413.47,15699.82,4979.5,67653.11
Total Knee Replacement,46,1,3,general,5,37506.39,129114.87,27694.24,75834.3,22845.42,284027.28
Hernia Repair,30,2,1,single,3,22375.35,46914.22,11155.12,19593.64,8169.67,125449.25
Typhoid Inpatient Care,79,1,3,general,7,29853.41,0.0,29909.51,14405.87,9714.58,87923.19
Appendectomy,37,2,1,single,3,22416.94,56652.69,11444.58,18640.33,8035.33,122539.78
Normal Delivery,20,1,1,twin,1,8940.89,41647.25,6306.21,12294.36,8962.25,88785.64
Total Hip Replacement,43,1,3,single,6,64778.33,184074.38,38616.14,96063.22,29968.18,405044.4
Normal Delivery,22,3,1,twin,3,14502.1,23419.35,10388.61,11182.68,6065.65,61272.22
Coronary Artery Bypass Graft (CABG),28,3,2,twin,8,72812.62,159408.52,51352.78,89537.73,30911.64,434913.41
Hysterectomy,57,1,2,general,5,37169.16,74322.79,27961.86,22088.48,15708.46,184854.38
Caesarean Section,73,1,3,general,5,29722.53,52473.06,29300.39,19263.28,13483.17,158012.89
Total Hip Replacement,70,1,1,general,7,84613.49,228174.3,76999.84,164545.2,47108.8,515225.96
Tonsillectomy,64,2,1,single,2,14218.3,40226.52,7617.27,9371.04,5736.35,70333.89
Typhoid Inpatient Care,61,2,1,twin,4,20830.22,0.0,16949.64,17810.73,8811.82,54097.7
Kidney Stone Lithotripsy,57,1,2,suite,2,24212.9,72915.77,9879.28,12128.7,7978.52,123867.79
Tonsillectomy,60,1,2,suite,1,9413.26,51723.23,4434.64,7877.1,5563.21,86534.44
Total Knee Replacement,46,3,1,twin,5,35700.16,132051.69,25933.54,130540.33,20236.92,352761.11
Coronary Angioplasty,38,1,2,twin,1,11226.14,131504.45,9371.83,77977.47,18731.79,288884.16
Coronary Artery Bypass Graft (CABG),22,2,2,twin,6,67071.3,189498.91,45315.67,84384.56,36671.92,422693.31
Appendectomy,19,1,2,suite,4,44751.32,73391.27,19439.61,17480.44,10520.78,191789.98
Hernia Repair,20,3,3,suite,2,9587.48,31096.65,3993.87,11642.42,3408.96,61258.37
Total Hip Replacement,22,2,2,general,7,53554.68,146730.17,42533.07,127841.52,28949.58,364017.11
Kidney Stone Lithotripsy,30,1,1,twin,2,19605.72,75759.9,11992.04,14177.09,9860.38,117876.46
Coronary Artery Bypass Graft (CABG),34,2,2,single,8,105154.22,223974.37,65644.02,87150.63,40010.64,520633.63
Appendectomy,56,1,2,twin,2,15657.52,63460.92,9728.21,15650.03,9205.03,113803.34
Dengue Inpatient Care,54,3,3,single,8,28213.84,0.0,18350.55,10181.32,7325.75,59580.87
Coronary Artery Bypass Graft (CABG),82,3,2,general,11,91252.27,168417.17,100624.22,105384.88,39536.15,704036.14
Cholecystectomy,59,2,2,twin,2,12984.09,51012.8,8982.53,17747.09,8676.04,94299.38
Hysterectomy,57,2,2,twin,4,26164.39,65713.21,18382.07,20851.3,11275.11,135798.72
Kidney Stone Lithotripsy,40,2,1,general,3,17652.66,42462.76,10600.23,15507.94,6724.34,81036.98
Coronary Artery Bypass Graft (CABG),42,1,3,twin,8,91102.57,218540.46,73414.61,71665.62,41940.82,495781.08
Total Knee Replacement,48,2,3,twin,4,23912.9,106547.56,18460.36,82483.0,17435.39,296197.43
Total Knee Replacement,28,1,1,single,5,76829.63,233799.93,50249.1,119280.22,35463.88,517031.16
Coronary Artery Bypass Graft (CABG),69,2,1,twin,7,99145.67,266612.46,83544.15,122072.8,53209.18,550960.76
Total Knee Replacement,55,3,2,suite,5,43137.13,135569.06,24142.25,116899.42,20738.45,339459.96
Hernia Repair,73,3,3,twin,3,9845.85,25323.48,7732.14,12234.66,4173.94,55817.09
Cholecystectomy,35,1,2,twin,5,39737.97,64221.96,25414.63,15409.89,12405.07,167423.14
Appendectomy,70,3,2,twin,5,23178.05,33383.12,14584.27,18350.0,6760.74,102043.17
Caesarean Section,39,2,2,general,4,20461.63,45795.87,17294.08,21021.39,11196.79,116073.13
Typhoid Inpatient Care,42,2,3,single,5,21685.27,0.0,14158.21,12464.51,6501.44,51113.38
Hysterectomy,64,2,3,twin,5,22611.27,48924.71,17694.65,16898.05,9667.42,104486.48
Hernia Repair,50,3,3,twin,3,10724.96,24779.51,6552.22,12129.34,3945.12,60335.63
Appendectomy,65,2,2,twin,3,15820.54,44114.4,10886.04,16582.01,7339.45,98218.34
Total Knee Replacement,18,3,2,single,5,33638.06,97992.72,21746.06,105720.32,18668.04,270054.41
Kidney Stone Lithotripsy,59,1,2,suite,2,24276.62,79712.4,10039.85,12433.46,7584.06,141268.67
Total Hip Replacement,47,2,2,twin,5,41965.24,136186.85,30284.95,110465.07,26545.07,351214.57
Cholecystectomy,80,2,1,suite,7,73526.4,71853.54,39156.11,25504.06,14756.84,228983.4
Coronary Angioplasty,69,1,2,twin,6,77089.22,135888.25,65731.12,87534.01,32036.58,465772.17
Cataract Surgery,18,1,2,general,1,5116.61,29760.25,3541.18,12484.41,4674.02,54182.01
Typhoid Inpatient Care,37,1,2,suite,2,18856.19,0.0,9665.0,14715.98,9000.12,53892.5
Normal Delivery,45,1,1,single,2,19395.49,44860.12,11716.51,9812.74,9030.37,100223.85
Cholecystectomy,47,2,2,general,2,11183.71,48170.04,7882.08,17558.49,8305.01,81558.49
Normal Delivery,44,2,2,twin,3,14601.51,24433.04,10866.34,8011.41,6046.25,61615.03
Total Hip Replacement,69,1,3,single,9,91501.5,175395.26,70027.77,89191.58,36360.78,450438.23
Coronary Artery Bypass Graft (CABG),73,1,1,twin,9,176094.22,343159.59,142652.12,138078.09,76875.09,953872.53
Kidney Stone Lithotripsy,27,2,1,twin,2,14199.22,52731.45,8521.53,16037.63,6962.02,104819.65
Hernia Repair,39,2,2,twin,3,16680.92,39731.41,10605.56,15285.72,6816.98,94410.18
Total Hip Replacement,82,2,1,suite,10,142147.51,224945.93,98570.1,165979.94,40128.35,820071.85
Cataract Surgery,70,1,2,single,3,21090.4,37925.27,11808.87,13536.41,6247.46,77662.63
Caesarean Section,67,2,2,general,6,37339.97,50979.37,31164.72,21747.0,13652.6,142034.96
Hysterectomy,61,3,2,single,5,30973.31,56018.85,17316.86,22238.75,10830.48,138186.06
Cholecystectomy,39,2,2,twin,3,19381.12,50104.28,11831.97,18368.73,9260.62,110394.79
Coronary Artery Bypass Graft (CABG),23,3,2,single,8,82733.77,177449.51,49958.47,88250.39,32709.93,387317.18
Dengue Inpatient Care,56,2,3,twin,6,24589.37,0.0,17359.75,9507.61,7899.93,64378.85
Total Hip Replacement,45,3,2,single,5,39422.07,140521.04,26522.86,112123.57,19945.2,353097.55
Kidney Stone Lithotripsy,21,1,2,general,2,14298.61,55990.35,9077.43,12469.56,7517.94,99601.95
Caesarean Section,33,1,1,single,5,65338.91,100185.25,38109.7,23087.66,21668.12,259908.44
Tonsillectomy,24,3,2,suite,2,10825.79,29730.92,4786.83,8512.23,3177.07,60008.67
Cataract Surgery,47,1,2,general,2,11414.5,34260.61,7513.98,14572.14,5308.88,72684.12
Typhoid Inpatient Care,62,3,3,general,5,12045.49,0.0,10871.01,13321.55,5255.52,46123.45
Appendectomy,19,1,1,twin,3,32867.89,82814.65,19577.33,19375.63,14039.79,184592.4
Hernia Repair,19,1,2,twin,2,13809.86,52528.36,8720.6,15466.86,8025.26,105394.43
Cholecystectomy,43,2,1,single,2,17234.36,61279.52,9176.52,22901.46,9765.8,129287.01
Tonsillectomy,41,1,2,single,2,14994.42,43017.39,8011.56,7904.21,5880.6,80073.32
Cataract Surgery,20,3,1,general,2,7204.88,24252.26,5658.23,15760.84,4194.67,51405.24
Hysterectomy,59,2,1,suite,5,51886.69,97339.42,25367.85,25394.58,13371.27,227430.71
Coronary Artery Bypass Graft (CABG),39,3,2,general,8,67800.07,168521.53,52482.25,101970.91,33998.48,378593.06
Tonsillectomy,31,2,1,single,1,6033.72,33345.57,3296.76,8826.29,4397.97,62869.95
Tonsillectomy,53,2,3,single,2,8148.97,25215.21,4919.75,5508.31,3228.91,48879.42
Hernia Repair,25,1,3,general,3,14856.85,36171.29,9884.65,12470.63,7043.01,83746.75
Dengue Inpatient Care,70,2,2,single,6,33606.57,0.0,26541.18,13538.1,9726.41,100527.54
Caesarean Section,34,2,2,general,3,15991.33,49074.9,12630.99,20336.64,9983.11,103393.53
Coronary Artery Bypass Graft (CABG),67,1,1,single,13,313432.02,423221.96,193396.48,132782.88,100522.33,1131543.94
Dengue Inpatient Care,20,2,2,twin,7,35953.36,0.0,25871.61,12509.37,11283.0,86441.14
Coronary Artery Bypass Graft (CABG),82,2,3,single,9,86586.5,162380.01,64881.74,77492.97,31955.96,433264.54
Hysterectomy,18,2,2,single,4,30268.81,68140.81,18208.95,23662.24,11426.92,134844.93
Total Knee Replacement,34,2,2,suite,8,88835.43,153171.76,46824.67,107472.63,27161.02,437204.24
Kidney Stone Lithotripsy,35,2,1,general,3,17483.96,45806.64,11748.08,14887.42,6931.96,95707.2
Total Hip Replacement,45,3,2,twin,6,40896.53,132831.68,32527.5,115387.6,21036.44,369456.3
Hysterectomy,67,2,1,general,6,39795.0,71613.22,32886.8,30269.01,15829.75,156021.98
Caesarean Section,60,2,1,twin,3,21434.09,62968.93,14982.84,24715.85,10772.65,128745.04
Hysterectomy,41,3,1,twin,5,31095.6,63738.85,21669.47,29438.61,12139.0,160305.02
Dengue Inpatient Care,62,2,1,general,4,22894.89,0.0,18684.75,17625.76,12549.74,71980.71
Cataract Surgery,65,1,2,suite,1,9289.36,50256.73,4714.19,14077.99,6052.21,87999.88
Hernia Repair,68,2,2,twin,4,19103.45,37309.09,12652.2,14404.27,6029.92,102514.98
Caesarean Section,37,2,2,single,3,22687.85,61732.7,13689.28,20370.83,9922.19,131553.63
Caesarean Section,76,1,2,single,6,60676.67,78550.38,42873.76,25047.5,16815.71,216408.59
Total Knee Replacement,73,2,1,single,8,90190.01,185413.2,62773.93,136838.91,33071.93,518185.67
Appendectomy,53,3,1,general,3,13816.7,37391.1,10142.21,20285.56,6334.71,103511.0
Typhoid Inpatient Care,37,2,2,suite,4,23204.11,0.0,12869.07,14811.9,7852.07,57528.03
Total Knee Replacement,79,2,1,twin,6,58028.63,151728.7,47508.67,156518.22,29197.69,400807.81
Hernia Repair,23,2,1,general,3,17608.13,41057.11,12907.24,18320.18,8641.14,94976.39
Normal Delivery,80,2,3,general,4,12973.7,17602.54,13761.74,8752.64,4186.93,66177.79
Normal Delivery,39,1,3,single,2,13073.1,28204.55,8794.15,7430.89,5915.23,73446.01
Typhoid Inpatient Care,21,2,2,twin,5,23683.74,0.0,17963.63,16174.97,8485.13,67529.27
Cholecystectomy,45,3,2,general,4,15514.94,36629.56,12200.62,18038.98,6794.91,71875.48
Appendectomy,20,1,1,twin,3,28977.93,75685.73,17326.73,19389.48,12697.9,152980.24
Coronary Artery Bypass Graft (CABG),42,2,1,suite,8,151190.04,284813.31,75390.67,118445.74,52044.16,696611.98
Normal Delivery,27,2,2,suite,2,14857.77,27146.72,7510.67,8268.66,5698.69,63795.15
Normal Delivery,29,3,3,single,3,10858.71,16254.36,6792.03,6629.83,3841.73,48059.4
Hysterectomy,25,2,3,general,6,26868.49,45116.74,20436.17,16086.86,10456.87,113552.7
Appendectomy,66,2,3,single,4,19340.12,39966.78,10800.89,14345.51,5892.77,95113.93
Total Hip Replacement,76,1,3,twin,9,79274.56,144174.64,68161.43,108563.97,33781.41,557038.91
Typhoid Inpatient Care,57,3,2,general,6,16700.3,0.0,14939.2,13434.6,6400.92,53475.67
Cataract Surgery,69,3,1,general,3,11173.98,25591.07,9252.87,16653.84,4057.42,68666.72
Tonsillectomy,51,2,1,single,2,13929.49,40135.9,7882.94,8621.33,5405.81,75254.02
Tonsillectomy,21,3,2,suite,2,11872.15,31828.86,5534.89,8120.53,3350.47,56785.25
Dengue Inpatient Care,30,3,1,single,2,11218.77,0.0,6882.9,14932.39,7016.77,34477.47
Normal Delivery,20,2,2,single,4,23900.85,25851.31,15350.8,7869.71,6028.84,81099.26
Cholecystectomy,44,3,2,twin,5,25731.72,40169.06,16309.54,17089.45,8167.93,117683.48
Cholecystectomy,63,1,3,twin,2,13821.45,55347.72,8751.76,13916.56,8719.6,89618.01
Caesarean Section,22,2,2,general,4,21651.27,53225.62,18338.71,20813.85,11574.24,134663.29
Cataract Surgery,43,2,2,general,1,3531.36,20935.63,2586.83,11525.81,3152.74,48220.73
Hernia Repair,43,2,1,twin,4,25021.16,40455.53,15053.66,18134.01,8487.39,109149.94
Tonsillectomy,81,1,3,single,3,18329.85,33312.21,11977.35,6555.7,4551.48,88217.97
Caesarean Section,55,1,1,general,5,48197.67,77055.33,36760.36,24933.18,20414.99,189167.06
Cataract Surgery,35,1,3,suite,1,7039.66,37839.46,3129.62,10364.31,4339.28,64930.94
Total Knee Replacement,36,2,1,twin,4,36059.9,158975.82,25968.83,124944.85,23877.93,331492.38
Cataract Surgery,51,1,2,twin,1,6659.31,35882.31,4151.07,13568.65,5364.96,58282.8
Coronary Angioplasty,52,1,2,twin,5,64034.76,155344.48,48336.46,92725.59,29824.83,375603.24
Normal Delivery,81,2,2,twin,4,19900.31,26207.3,19285.09,10059.65,6002.79,73261.87
Coronary Artery Bypass Graft (CABG),33,2,1,suite,8,162925.63,309419.58,82607.58,99964.54,51808.09,743825.17
Typhoid Inpatient Care,58,1,2,twin,6,36948.59,0.0,27574.1,16536.97,11097.61,95405.91
Typhoid Inpatient Care,51,1,2,twin,5,28531.27,0.0,23681.05,14985.65,10281.24,78362.37
Appendectomy,47,3,2,suite,3,19585.34,42847.53,8265.77,17916.41,5784.29,101550.24
Tonsillectomy,26,1,2,general,1,5780.16,39858.2,4260.2,7291.55,5012.63,65671.28
Total Hip Replacement,18,2,2,general,7,49567.94,139646.06,41314.4,120649.02,27048.28,368262.97
Appendectomy,58,1,2,twin,4,34692.99,62820.41,19540.19,16515.53,12021.6,140547.09
Dengue Inpatient Care,36,3,1,single,5,29406.52,0.0,18366.47,15896.2,9427.91,82013.75
Caesarean Section,69,1,2,single,6,60031.45,77299.09,41823.68,19329.17,16525.53,230855.04
Cholecystectomy,33,2,2,twin,3,17345.9,50856.8,11091.15,16933.29,7799.84,88420.08
Cataract Surgery,30,2,1,suite,1,8306.91,41697.34,3912.79,17915.99,4790.62,74756.73
Typhoid Inpatient Care,46,1,3,single,5,27222.48,0.0,18919.25,11908.53,9590.81,60818.4
Caesarean Section,50,3,2,general,3,14027.74,40314.96,11572.15,19550.74,7924.34,100380.44
Total Hip Replacement,24,2,2,twin,6,45474.79,133464.58,34460.02,122358.21,24840.92,361958.6
Total Hip Replacement,50,1,1,twin,3,39931.94,247052.71,28923.32,150283.04,36998.01,440493.87
Coronary Angioplasty,27,1,3,suite,3,41728.47,139696.27,21201.57,65980.3,18295.96,328696.28
Cataract Surgery,32,2,2,single,1,5077.16,27305.47,2747.57,11918.87,3788.12,50902.35
Appendectomy,23,1,2,single,3,26286.04,66371.88,13606.45,17887.25,9451.16,138968.08
Total Knee Replacement,70,1,1,twin,8,97759.75,209616.53,82673.42,129000.25,49837.79,583106.47
Total Knee Replacement,40,2,3,single,5,34450.59,123444.79,22598.97,81807.74,18526.05,260138.93
Kidney Stone Lithotripsy,21,3,2,single,2,10264.99,33736.54,5550.34,12799.66,4076.37,66844.17
Coronary Artery Bypass Graft (CABG),50,2,1,suite,8,157173.58,310436.1,83193.43,121569.69,57748.03,680984.68
Dengue Inpatient Care,43,1,2,suite,6,61338.63,0.0,32503.68,13869.24,16207.03,123740.59
Coronary Artery Bypass Graft (CABG),39,3,2,general,9,71088.66,171947.34,58002.08,91738.23,34869.18,457878.89
Dengue Inpatient Care,49,2,1,suite,5,42263.35,0.0,23990.04,15766.78,12610.8,105106.77
Coronary Artery Bypass Graft (CABG),70,2,1,general,10,125211.16,245575.14,118252.65,116017.64,55992.95,641799.32
Coronary Angioplasty,24,2,2,single,3,30785.13,105102.33,19464.38,83659.5,15829.99,221356.38
Coronary Angioplasty,40,1,1,general,4,50079.82,156190.2,47048.96,105764.25,32268.9,377294.55
Normal Delivery,23,2,1,general,3,15710.52,28983.46,15421.96,9991.12,6766.71,85034.36
Cataract Surgery,37,1,3,general,2,7897.39,23601.44,5282.67,10797.21,4113.33,50710.39
Appendectomy,27,1,2,single,5,41164.67,67101.29,22894.22,16960.13,11039.51,146111.97
Caesarean Section,73,1,1,twin,6,65644.8,88293.92,50911.98,27278.03,22755.6,263885.59
Total Hip Replacement,41,2,1,general,5,42202.48,150031.88,37203.62,139933.52,29719.35,469463.14
Typhoid Inpatient Care,53,1,3,twin,6,29348.89,0.0,20282.46,12524.62,9855.61,79569.3
Typhoid Inpatient Care,23,2,2,twin,5,21870.48,0.0,15874.64,15853.33,8616.46,62003.3
Hysterectomy,58,2,2,general,4,21434.88,55352.95,16775.97,21039.77,10541.96,111402.39
Total Knee Replacement,73,2,1,general,8,65362.29,156924.53,57126.77,132260.79,36600.28,423120.71
Hernia Repair,39,2,2,twin,3,16340.02,37800.03,9225.98,15382.47,6214.25,97605.0
Dengue Inpatient Care,77,3,3,general,6,17539.39,0.0,19235.05,11297.41,7033.41,57408.7
Cholecystectomy,71,2,3,suite,4,27644.4,46155.9,14726.81,16632.78,7033.2,122354.49
Appendectomy,67,1,1,single,6,72240.11,94012.71,39811.12,21241.03,15935.67,257367.07
Caesarean Section,52,1,2,general,3,23112.75,61798.16,18606.13,20219.7,13326.91,121992.31
Coronary Angioplasty,37,2,2,general,4,30930.23,99400.3,26629.44,91486.97,18203.21,249273.91
Dengue Inpatient Care,23,1,1,twin,4,32170.68,0.0,24318.85,15305.67,14287.42,89406.41
Caesarean Section,31,3,3,twin,4,16697.7,33751.59,11904.28,16323.66,7253.02,84038.79
Total Knee Replacement,59,2,2,twin,6,43874.76,123123.54,31887.16,92081.83,24632.69,341687.43
Coronary Angioplasty,23,2,2,general,4,32165.81,101217.81,27032.78,86782.12,19659.09,261186.28
Normal Delivery,22,2,2,twin,2,10407.45,25847.84,8368.48,9611.61,5214.69,59084.41
Coronary Angioplasty,30,1,2,single,5,68980.5,154396.84,43942.02,75558.57,28009.17,397649.11
Coronary Artery Bypass Graft (CABG),39,1,1,single,6,138789.29,379858.28,88034.4,120844.35,60340.38,798246.2
Cataract Surgery,80,2,1,general,3,13039.9,29312.01,11139.87,20208.34,5182.9,74456.02
Total Hip Replacement,25,2,3,single,6,46391.48,124611.18,28729.08,100500.05,22019.57,335543.33
Tonsillectomy,73,2,2,twin,4,19598.94,31197.36,13739.35,8633.32,4496.01,93037.37
Coronary Artery Bypass Graft (CABG),47,1,2,general,9,125305.77,286021.16,102263.86,106295.54,59883.63,758669.89
Dengue Inpatient Care,72,3,1,general,6,26266.95,0.0,24655.67,19262.15,10199.22,91645.28
Typhoid Inpatient Care,46,2,2,single,6,30342.06,0.0,19898.61,14970.66,9074.81,75590.08
Normal Delivery,67,2,3,twin,3,11473.75,18155.06,9626.77,6849.56,4183.19,43067.72
Cholecystectomy,37,2,2,general,4,20190.62,44993.95,14207.56,15938.68,8556.72,109713.12
Coronary Artery Bypass Graft (CABG),48,2,1,twin,9,126699.77,247450.07,84613.82,126581.09,54299.59,613976.59
Total Hip Replacement,57,2,2,twin,6,48116.23,144365.47,36754.88,118171.21,24052.24,314261.34
Hernia Repair,54,1,3,twin,3,17048.09,39216.27,11403.99,13256.93,7507.37,100751.22
Hernia Repair,71,3,1,twin,3,17379.31,38695.26,11257.56,23036.19,6136.19,97146.66
Cholecystectomy,54,3,1,twin,3,18239.36,48324.12,11987.82,23210.94,8795.67,113104.87
Dengue Inpatient Care,82,3,3,single,6,21043.26,0.0,18306.71,11357.56,6091.47,43255.2
Total Hip Replacement,55,2,2,single,8,74060.96,156262.1,43863.85,101795.39,25697.67,356695.02
Typhoid Inpatient Care,29,1,3,single,6,32757.92,0.0,19065.94,10923.63,9271.83,70769.82
Cholecystectomy,55,2,2,twin,4,23799.28,45873.77,14804.25,16041.44,8424.97,100976.49
Cataract Surgery,76,3,3,general,3,7095.7,13979.08,5973.04,10722.75,2536.26,40778.75
Dengue Inpatient Care,64,1,3,twin,6,32373.83,0.0,28131.73,10210.93,11231.15,81450.93
Caesarean Section,81,1,1,single,7,86929.11,103545.91,63662.64,27866.22,20912.53,290889.38
Normal Delivery,44,3,1,twin,2,10922.23,24726.61,7659.57,11665.42,6052.2,59906.68
Caesarean Section,38,2,1,single,5,47121.79,66202.85,26848.56,23193.58,14617.82,192458.11
Hernia Repair,81,1,2,single,5,44479.86,58377.71,29742.38,20895.65,9898.51,147470.55
Coronary Artery Bypass Graft (CABG),76,2,2,twin,6,65843.09,223424.07,59233.34,110342.19,36598.57,385134.66
Coronary Artery Bypass Graft (CABG),51,3,2,twin,9,88066.9,162553.26,63753.85,84279.24,40441.25,387921.49
Normal Delivery,18,1,3,general,2,10150.89,26473.91,9022.86,7759.14,5490.85,54908.6
Kidney Stone Lithotripsy,32,2,2,twin,2,12245.89,40729.06,7019.97,13518.85,5563.74,83455.05
Dengue Inpatient Care,50,1,3,twin,5,27243.14,0.0,21497.1,9642.46,11352.44,65189.94
Appendectomy,79,2,2,single,3,20734.37,53381.02,12111.62,18853.12,7250.01,108512.04
Caesarean Section,61,1,2,general,2,14725.2,74027.26,12787.29,21689.82,12453.57,135720.22
Appendectomy,39,2,3,single,4,19688.53,36998.77,9742.47,12097.11,6056.44,87828.8
Appendectomy,82,1,1,single,3,34471.33,82492.53,20729.43,25643.51,13133.98,164413.21
Caesarean Section,50,2,2,single,4,30635.82,54759.71,18644.98,19402.55,10379.66,134646.67
Caesarean Section,72,1,2,single,6,58439.8,83053.37,40928.08,20698.19,18343.7,210298.25
Cholecystectomy,44,2,1,suite,3,30109.02,73251.02,14549.99,22300.46,9388.04,159449.18
Total Knee Replacement,39,3,2,twin,7,40456.72,97540.56,31717.85,104202.5,21263.81,280621.98
Hernia Repair,41,2,2,general,3,13677.18,34287.99,9735.32,13822.23,5742.59,79900.02
Total Hip Replacement,42,2,3,single,7,51093.6,118608.05,32562.96,83627.84,21125.95,323119.72
Total Hip Replacement,40,3,3,general,5,20248.15,77927.9,16805.64,93261.93,14209.35,236232.85
Coronary Angioplasty,49,2,2,single,4,45520.44,123814.99,29824.43,82898.28,20798.33,292513.64
Cataract Surgery,55,2,1,twin,1,5280.88,28044.72,3169.1,14811.97,4438.29,54616.83
Coronary Artery Bypass Graft (CABG),44,2,2,twin,9,105315.92,218042.02,72820.72,100406.87,44615.0,478888.9
Coronary Angioplasty,26,2,1,single,3,37137.92,131024.14,22277.15,97448.16,21566.46,302222.11
Dengue Inpatient Care,58,1,2,twin,4,29322.61,0.0,22800.93,13618.75,13909.62,78630.97
Hysterectomy,76,2,1,single,5,49737.45,83346.97,34755.88,31213.49,17605.27,201260.1
Caesarean Section,52,2,2,twin,4,25933.59,57609.07,18778.54,18991.39,11413.54,122727.0
Cholecystectomy,38,2,1,single,2,16637.69,68910.93,9730.31,21162.0,8648.77,121730.43
Coronary Angioplasty,60,3,2,suite,3,31124.92,98211.39,15848.86,77024.97,12601.12,259541.69
Cholecystectomy,27,1,2,general,5,33804.45,61075.02,25124.45,16698.23,13571.38,145914.76
Caesarean Section,81,2,2,twin,5,30185.52,52404.26,24838.41,23579.35,10382.6,123631.42
Appendectomy,81,1,2,general,4,29966.55,64048.92,24122.23,21676.02,12382.73,144084.83
Coronary Artery Bypass Graft (CABG),48,1,1,suite,7,190446.0,430440.71,100955.88,116110.12,70827.23,855460.2
Coronary Angioplasty,41,1,3,twin,3,28375.87,112070.27,22010.92,65774.1,17197.93,255911.53
Tonsillectomy,22,2,2,general,1,3747.22,27307.66,2682.54,7810.72,3482.81,41345.11
Coronary Angioplasty,45,2,1,single,4,52608.0,145106.81,32362.56,97505.1,24636.66,397172.82
Normal Delivery,70,2,2,twin,4,20377.33,24368.23,16410.91,9100.39,6564.66,74251.91
Normal Delivery,65,2,2,general,3,12683.36,22933.69,12161.62,9034.59,5390.67,59394.11
Caesarean Section,71,2,2,single,6,42741.98,54858.82,25988.22,21095.0,12341.64,165409.04
Coronary Angioplasty,23,1,2,general,3,34285.23,139454.06,29914.56,79839.05,28229.08,297576.96
Coronary Angioplasty,31,2,2,twin,4,36388.09,108186.09,27275.02,79762.26,18926.82,243399.3
Total Knee Replacement,63,2,3,single,5,33715.65,99824.89,19556.14,91198.18,18158.86,233050.29
Cholecystectomy,77,3,2,twin,4,19275.15,38904.0,15430.14,19188.18,7734.64,77078.07
Appendectomy,54,1,2,general,3,20490.52,62841.26,13935.05,15096.27,10180.54,116607.21
Dengue Inpatient Care,44,1,3,suite,3,20810.4,0.0,10779.11,10371.3,9098.38,53593.12
Cataract Surgery,49,3,3,suite,1,3758.33,19860.34,1595.71,9542.46,2351.37,32752.51
Total Hip Replacement,70,1,3,general,9,66640.24,138882.26,58194.31,91217.06,28776.98,443545.79
Caesarean Section,25,2,3,single,4,22379.41,42799.68,12911.32,14486.58,8423.22,93979.78
Dengue Inpatient Care,32,1,2,twin,2,14376.0,0.0,11127.38,12926.8,11540.33,39580.48
Normal Delivery,22,1,2,single,3,24040.68,37694.8,15409.13,7666.37,7468.02,104998.21
Cataract Surgery,63,2,1,general,2,9015.0,28745.0,7361.54,17567.35,5282.58,78957.27
Coronary Angioplasty,23,3,2,single,2,17993.35,87563.86,10473.91,90433.76,13699.22,228881.69
Cataract Surgery,58,1,3,twin,1,5163.07,31088.44,3066.22,10810.24,4339.64,49597.55
Cataract Surgery,37,2,1,twin,2,11930.88,32719.89,6706.32,17964.4,4661.99,77880.93
Cataract Surgery,25,1,3,single,1,5456.39,31729.55,3026.56,10391.59,3538.06,58249.9
Normal Delivery,78,2,2,twin,3,14985.91,25351.02,13603.04,10880.32,5690.43,69471.84
Normal Delivery,74,2,2,general,5,23959.25,25666.56,23123.48,10388.44,7715.0,80159.82
Coronary Angioplasty,49,2,1,general,5,45085.39,116204.73,40860.72,96533.46,26623.96,340725.93
Typhoid Inpatient Care,51,3,2,general,6,18006.93,0.0,15435.37,14529.92,6722.68,51216.62
Dengue Inpatient Care,70,2,2,general,3,12566.12,0.0,12189.56,14420.6,7700.63,46850.48
Coronary Artery Bypass Graft (CABG),37,2,1,twin,9,122845.47,250740.72,88731.23,123532.16,59826.25,688934.38
Tonsillectomy,42,1,2,twin,1,6958.23,45817.81,4457.53,7252.88,5337.46,56231.93
Dengue Inpatient Care,56,2,2,suite,3,21327.93,0.0,11406.48,13786.07,8973.34,52356.7
Cataract Surgery,52,1,2,twin,1,5874.39,33467.3,3445.56,12663.32,5044.55,47486.89
Total Hip Replacement,39,3,3,twin,7,36597.23,90373.19,27682.16,93294.58,17786.01,290851.82
Cataract Surgery,61,1,2,single,1,7381.25,38884.84,3804.09,14854.76,4868.4,60634.07
Hysterectomy,65,2,1,twin,5,38708.49,75787.63,26752.64,28952.67,15370.11,173318.03
Cholecystectomy,50,2,1,general,3,21092.89,63025.84,14217.6,23467.38,10691.83,142165.89
Cataract Surgery,77,1,2,suite,2,18247.45,47516.23,9673.39,14492.5,5490.46,85080.05
Dengue Inpatient Care,41,3,3,suite,5,23938.2,0.0,12679.84,10845.77,6509.22,53193.94
Tonsillectomy,31,2,2,single,2,11133.09,31957.47,6589.91,7915.2,4036.2,70158.69
Normal Delivery,34,2,1,single,3,21027.81,33565.51,13752.96,10529.51,7354.03,76920.44
Kidney Stone Lithotripsy,25,3,1,twin,3,17944.51,43716.98,9681.26,16841.66,5406.89,100582.38
Typhoid Inpatient Care,23,1,2,single,6,45463.28,0.0,29976.22,16755.93,11977.89,95006.59
Normal Delivery,53,2,2,twin,2,10322.95,24408.35,7874.95,8510.77,5782.63,52807.28
Dengue Inpatient Care,49,1,2,single,5,40920.02,0.0,27333.55,13254.9,13183.21,86964.48
Cataract Surgery,32,2,1,general,2,9225.25,26726.16,6826.73,15214.24,4973.61,67474.84
Coronary Artery Bypass Graft (CABG),72,1,2,single,10,194727.36,361553.47,142607.19,99977.05,67064.11,894622.83
Cholecystectomy,38,1,3,single,3,23853.04,65136.87,13093.59,14354.5,10246.27,130218.75
Hysterectomy,80,2,1,single,5,47785.88,82195.45,36614.08,32464.38,14237.34,201780.57
Normal Delivery,22,1,2,single,3,27638.15,41606.92,16372.63,9991.95,9008.47,114254.94
Total Knee Replacement,48,3,3,single,3,16687.13,92635.33,10252.52,78269.5,13335.52,190707.42
Total Hip Replacement,28,3,2,single,4,32006.64,132369.31,19333.27,112861.4,18981.69,285176.66
Dengue Inpatient Care,61,1,3,general,2,9570.4,0.0,7902.18,10304.45,7677.74,29364.86
Dengue Inpatient Care,69,2,2,general,7,29831.33,0.0,30677.94,13482.33,11383.87,94350.65
Hysterectomy,68,2,2,single,6,39826.53,58640.57,27292.59,20614.68,12727.44,151945.82
Total Knee Replacement,56,1,2,twin,3,30201.65,176777.24,21379.04,104153.43,24930.95,323512.74
Kidney Stone Lithotripsy,23,1,1,general,2,16777.77,67406.85,11566.74,13122.39,9179.4,126739.85
Typhoid Inpatient Care,33,2,2,suite,4,26859.61,0.0,13597.11,17185.12,8124.78,69840.19
Coronary Artery Bypass Graft (CABG),50,3,1,twin,9,98550.53,212198.01,66256.84,101440.43,41449.62,551114.77
Hysterectomy,82,1,2,general,6,44594.89,81442.81,47539.48,28033.85,17467.57,219730.93
Cataract Surgery,45,1,3,twin,1,5041.4,26213.63,3029.26,11003.39,4208.87,52017.83
Appendectomy,22,2,1,general,4,24839.89,51612.94,15648.27,20901.45,10750.09,119400.7
Appendectomy,71,3,2,single,4,20991.34,39667.62,12798.64,20063.16,6724.13,102051.3
Coronary Angioplasty,53,2,2,twin,3,26698.84,100908.39,19483.6,76153.86,16868.71,219209.68
Total Knee Replacement,22,3,2,suite,5,41771.85,124582.11,23188.03,112062.06,19709.8,323129.21
Kidney Stone Lithotripsy,47,1,1,single,2,22541.14,72766.57,11064.3,14300.87,9146.13,137876.25
Typhoid Inpatient Care,52,1,3,suite,5,35410.5,0.0,18750.01,11728.75,9926.2,63987.7
Cholecystectomy,57,1,1,suite,4,63870.3,117209.18,27589.37,21682.65,17670.8,251648.2
Cataract Surgery,34,2,1,single,1,6545.6,39279.16,3316.06,17185.02,4828.82,67998.86
Typhoid Inpatient Care,21,2,2,twin,6,25616.8,0.0,18927.56,13961.21,8627.23,58344.86
Hernia Repair,78,3,1,twin,4,20884.65,40306.53,14657.61,23162.4,7435.05,93009.39
Typhoid Inpatient Care,34,3,1,twin,6,23645.46,0.0,18135.19,17412.43,7812.49,62336.87
Coronary Angioplasty,67,1,2,suite,4,69087.97,180080.11,41196.33,81867.73,24615.75,442337.92
Hernia Repair,36,1,2,single,2,17773.42,63450.94,9656.92,14985.84,8989.67,121759.04
Tonsillectomy,74,2,3,general,3,9236.09,21800.67,8106.23,6327.2,3585.72,56802.43
Cholecystectomy,68,2,2,single,4,26813.45,48933.25,15285.52,18928.82,8175.81,119597.63
Coronary Angioplasty,28,1,2,general,2,22322.65,146955.54,21410.39,93288.47,25589.27,273669.37
Appendectomy,37,1,1,twin,3,31217.4,73530.19,16504.3,20834.49,12736.9,177614.81
Dengue Inpatient Care,23,1,2,general,7,43803.88,0.0,37450.89,13018.03,15409.7,110073.03
Coronary Angioplasty,74,3,2,general,6,39148.32,78786.56,39422.03,90990.14,17194.51,290684.74
Kidney Stone Lithotripsy,67,1,2,twin,4,32404.76,61978.72,20510.87,13259.12,9509.01,135476.65
Normal Delivery,69,1,2,general,4,24076.65,30264.66,24252.72,9101.19,8922.09,103452.01
Total Hip Replacement,25,2,1,suite,4,53638.4,212410.7,30137.78,136341.55,26437.1,466275.09
Typhoid Inpatient Care,74,2,3,general,5,15704.99,0.0,14970.19,14671.86,6314.29,54058.91
Cholecystectomy,22,2,1,general,3,18492.46,51951.67,13334.61,23464.16,11432.55,110378.17
Kidney Stone Lithotripsy,74,3,2,twin,3,13650.97,31043.6,8876.2,13685.64,5059.02,75138.74
Coronary Angioplasty,64,2,2,suite,5,65622.61,119986.45,32963.55,83422.04,18288.52,261579.85
Total Hip Replacement,32,2,2,twin,6,47829.29,153616.3,36359.14,112736.12,28648.28,361511.56
Coronary Artery Bypass Graft (CABG),55,2,1,twin,7,97168.98,274272.44,72260.03,112141.1,46772.42,581334.9
Appendectomy,21,2,2,twin,3,17067.18,45855.08,9002.04,18212.92,6663.79,90152.53
Cataract Surgery,55,1,2,general,2,10446.65,34843.13,7997.5,13937.85,5796.69,67898.68
Typhoid Inpatient Care,43,2,3,suite,5,24500.06,0.0,12485.11,10804.11,6229.54,56107.53
Kidney Stone Lithotripsy,71,2,2,general,4,20332.59,37470.91,15655.95,14748.86,6092.25,93851.34
Normal Delivery,42,2,1,general,3,15357.78,24727.35,13866.25,12037.89,6352.62,66799.39
Hysterectomy,74,2,3,twin,7,30520.84,41924.81,26892.49,17877.78,9984.9,144090.68
Typhoid Inpatient Care,49,1,1,single,6,52350.96,0.0,29987.07,16809.43,15140.9,112584.95
Hysterectomy,20,3,3,general,4,13877.5,38128.19,10899.94,16582.89,7526.99,80236.52
Coronary Artery Bypass Graft (CABG),31,2,1,twin,7,96722.5,239351.26,75590.29,121518.18,46067.79,545487.23
Appendectomy,31,2,1,general,3,19675.28,51299.31,13698.12,19760.97,9379.96,117176.09
Caesarean Section,26,2,3,twin,4,18276.45,36557.82,12462.82,13243.03,7352.08,70026.8
Kidney Stone Lithotripsy,62,1,3,single,2,14209.22,45224.76,7759.78,9184.69,5998.01,78875.35
Typhoid Inpatient Care,70,2,1,twin,6,31733.18,0.0,28545.2,21221.16,11588.35,80005.01
Coronary Artery Bypass Graft (CABG),66,2,2,general,11,113204.87,219066.66,107140.63,95677.3,50630.03,560098.19
Coronary Artery Bypass Graft (CABG),58,2,2,twin,4,44406.39,201248.74,32386.9,93900.75,31817.97,364829.99
Total Hip Replacement,76,2,2,twin,7,55962.32,150506.02,48960.62,129703.34,24394.4,404272.49
Hernia Repair,21,2,2,single,2,11963.26,39732.46,6867.19,16869.94,5678.25,78285.42
Typhoid Inpatient Care,67,2,1,suite,7,53011.52,0.0,31615.79,21391.8,11688.62,125582.39
Kidney Stone Lithotripsy,27,2,2,general,2,10323.76,41780.82,7167.87,10984.07,5745.74,77631.24
Cholecystectomy,66,2,2,twin,5,32292.46,52514.35,22200.23,20953.22,9874.35,101556.48
Appendectomy,76,1,3,suite,3,24670.98,54104.52,12565.45,14695.04,7088.05,115298.63
Dengue Inpatient Care,57,2,1,single,3,22364.44,0.0,15862.59,16882.48,11561.96,70968.1
Coronary Angioplasty,46,1,1,twin,5,79316.26,182857.15,57525.74,99046.79,32260.98,495322.75
Kidney Stone Lithotripsy,80,2,1,single,3,22421.17,51463.74,14836.0,17317.14,5950.12,134591.58
Caesarean Section,65,2,2,general,5,25825.19,42801.09,19590.05,20705.32,9869.36,125804.31
Caesarean Section,27,2,1,twin,4,30433.11,64623.65,21394.71,21497.35,12831.71,140532.98
Normal Delivery,44,3,2,general,2,6619.72,17228.18,5761.46,8501.62,4022.09,46775.71
Cholecystectomy,81,1,3,twin,5,35248.31,51862.94,26072.57,17583.63,9894.74,190093.88
Total Knee Replacement,35,1,1,twin,7,93497.69,222003.9,68041.09,144028.87,45259.3,532199.63
Dengue Inpatient Care,79,3,2,twin,7,25703.37,0.0,23391.42,15573.53,8183.36,64056.79
Cholecystectomy,41,1,3,suite,4,36165.69,64348.53,15618.64,12107.79,11094.31,118358.32
Tonsillectomy,52,2,3,twin,3,11139.12,21906.64,6595.84,5434.27,3616.88,53319.53
Coronary Artery Bypass Graft (CABG),66,2,1,single,6,95905.06,277549.68,60020.71,118933.22,49319.87,648842.46
Typhoid Inpatient Care,66,3,3,single,7,22877.88,0.0,17255.68,12838.98,6457.82,65220.7
Appendectomy,42,1,3,twin,3,18110.59,48916.53,10420.1,12155.59,7413.01,102201.29
Normal Delivery,28,1,2,single,2,15540.01,37151.73,10158.56,9331.82,7607.25,72746.32
Tonsillectomy,63,2,2,general,2,8084.83,24294.51,6290.03,8402.29,4040.64,47922.04
Tonsillectomy,18,3,2,suite,2,11512.73,27980.68,4622.92,7509.53,3390.41,57476.64
Hernia Repair,48,2,1,suite,4,36863.4,58340.97,15010.44,17216.36,8934.28,142901.34
Kidney Stone Lithotripsy,65,2,2,twin,2,10824.54,43034.41,6820.41,12531.42,5409.68,76794.61
Total Hip Replacement,21,1,2,single,6,82571.4,243298.03,47441.6,104116.21,35287.61,497350.34
Tonsillectomy,46,3,1,twin,1,4821.61,31205.38,3171.32,9093.57,3561.27,54379.88
Total Knee Replacement,53,2,2,general,5,34917.93,134243.16,26516.37,111760.54,22246.7,364710.42
Total Knee Replacement,67,2,2,single,7,59340.6,142915.92,38945.48,104076.27,26134.0,406438.84
Cholecystectomy,56,1,3,twin,3,20009.77,58438.77,13364.17,12445.98,9024.35,104073.9
Appendectomy,27,1,2,twin,3,24418.23,59925.13,13298.63,16662.36,9947.86,112886.07
Cholecystectomy,82,2,2,twin,5,29233.82,47086.74,24278.2,19815.78,9524.56,132888.55
Normal Delivery,22,1,2,single,4,34790.98,34479.38,22149.55,8056.88,8880.48,98400.77
Normal Delivery,57,2,1,general,3,15998.69,26350.15,13601.82,9875.41,6744.83,71617.51
Normal Delivery,38,2,2,general,3,11791.85,21011.01,10445.48,8530.92,4826.27,52519.41
Cholecystectomy,66,3,2,single,4,22743.98,46490.26,14153.83,18024.34,8056.37,112849.68
Cholecystectomy,66,2,1,single,5,42005.52,67126.16,24773.96,23054.14,11176.43,189586.37
Caesarean Section,41,1,1,general,4,37100.57,82019.27,26822.43,23656.42,16083.06,188272.89
Hernia Repair,76,3,3,general,5,13378.66,19771.32,11918.85,14093.41,4024.54,63227.05
Cholecystectomy,79,3,3,twin,4,15395.34,30199.31,10880.99,16455.53,5771.64,52780.23
Kidney Stone Lithotripsy,20,1,2,twin,1,8157.02,54762.25,4841.69,10744.56,6904.69,91455.46
Total Knee Replacement,60,1,2,twin,5,57529.75,198175.48,37330.22,111078.91,31182.84,409949.58
Cholecystectomy,27,3,3,general,4,12847.43,28434.29,9966.63,13409.92,5497.08,67801.22
Hernia Repair,57,1,1,twin,3,25994.14,63919.56,15770.9,20147.16,11047.66,129355.74
Cholecystectomy,77,2,2,general,5,24956.78,44584.19,23831.21,19924.01,9003.65,118496.9
Hysterectomy,20,1,2,twin,5,41777.51,86246.62,27482.21,23045.89,15182.4,208450.86
Total Hip Replacement,42,1,2,suite,8,135832.55,251635.88,71498.71,107885.2,44278.22,624427.19
Appendectomy,73,3,1,single,5,35659.53,46480.36,19253.35,22058.48,7643.92,132055.24
Coronary Artery Bypass Graft (CABG),82,1,1,twin,9,162184.49,373092.92,162962.97,141688.07,68733.77,1013759.56
Hernia Repair,48,1,1,twin,3,27587.2,60188.07,16503.94,17846.83,10926.66,126461.49
Kidney Stone Lithotripsy,71,2,1,general,4,22176.21,41463.89,17702.1,17505.71,7650.51,88871.01
Hernia Repair,61,1,2,general,5,35637.93,51377.06,24456.04,17315.32,11684.29,124015.68
Typhoid Inpatient Care,67,1,2,suite,7,57376.49,0.0,31429.37,16329.98,11662.23,130667.1
Dengue Inpatient Care,78,3,1,twin,6,30561.89,0.0,29650.27,20321.71,9726.7,73249.37
Coronary Angioplasty,81,2,3,single,5,40726.29,89453.19,30850.95,84137.92,15992.0,261820.67
Cholecystectomy,75,1,1,single,4,51552.37,97934.16,32042.14,27363.6,14915.27,282030.41
Hernia Repair,72,1,1,single,3,34357.11,67747.31,18453.3,20106.87,10468.53,167450.3
Dengue Inpatient Care,63,3,3,twin,6,18952.43,0.0,15305.36,9814.09,6819.65,48034.66
Coronary Artery Bypass Graft (CABG),68,2,1,suite,8,166991.82,305822.59,91797.05,112926.18,54176.59,802641.58
Caesarean Section,32,2,2,single,4,32606.68,59273.82,19304.25,20403.84,11777.76,142801.46
Normal Delivery,60,2,3,twin,2,7329.93,17316.13,5989.19,7584.38,4160.63,46282.94
Tonsillectomy,67,1,2,single,2,15868.18,45979.6,9528.43,7533.2,5336.9,93665.04
Normal Delivery,61,1,1,single,3,32221.43,45151.48,21051.6,10050.24,10072.55,114275.45
Kidney Stone Lithotripsy,38,3,2,general,3,11675.41,30014.32,7733.75,11025.89,4710.45,69001.74
Normal Delivery,62,3,2,general,3,10421.92,16191.55,9281.05,8782.05,4165.29,44590.78
Total Knee Replacement,63,2,2,twin,6,46095.81,134566.24,33064.39,100422.05,23493.27,319109.25
Cholecystectomy,59,1,2,twin,3,24642.41,65306.91,15865.38,16397.79,12030.83,135233.48
Typhoid Inpatient Care,25,3,1,twin,4,16487.34,0.0,13083.65,17023.16,7181.31,58252.09
Hysterectomy,80,1,3,suite,7,76792.78,86240.9,44188.61,23028.42,18028.15,253751.68
Appendectomy,29,1,1,general,3,25921.33,76208.38,16747.45,22230.56,13730.54,166653.94
Appendectomy,68,3,2,twin,5,22265.34,36281.11,13581.24,15932.28,6119.0,84829.36
Normal Delivery,18,1,1,single,2,21777.72,45971.36,12926.07,10642.23,9530.37,86370.02
Cholecystectomy,58,1,2,single,4,38026.98,69894.61,21166.53,17065.02,13111.47,151474.06
Coronary Angioplasty,74,2,1,general,5,43211.1,105184.78,42227.5,115411.94,22892.56,383594.88
Dengue Inpatient Care,82,2,2,twin,6,32310.49,0.0,30660.73,15183.72,10385.2,86213.32
Typhoid Inpatient Care,58,1,1,twin,3,21183.72,0.0,15258.1,18806.68,11084.97,70956.84
Hernia Repair,19,1,1,single,3,30435.11,68164.59,16164.42,17405.35,11918.9,157763.48
Appendectomy,27,2,1,twin,3,22019.64,55975.67,13445.17,20052.45,8974.12,118774.26
Hysterectomy,30,1,2,twin,2,16988.19,83952.9,12564.85,19826.72,14360.92,159042.28
Coronary Artery Bypass Graft (CABG),20,2,3,twin,9,78523.82,161657.3,57955.84,74546.86,33035.1,417425.35
Caesarean Section,68,1,3,general,7,44732.78,54602.45,38564.36,15341.55,13503.3,176112.27
Caesarean Section,80,3,3,single,6,27100.44,36975.96,20020.86,19565.76,7412.14,130311.4
Coronary Angioplasty,65,1,2,twin,3,37407.3,151785.9,30235.53,81408.95,25649.86,296094.94
Coronary Artery Bypass Graft (CABG),48,2,3,single,11,113715.39,188826.81,67660.55,77864.64,41061.96,483709.18
Kidney Stone Lithotripsy,60,1,2,general,2,12911.43,52179.34,9143.5,13099.56,6526.08,98383.89
Dengue Inpatient Care,40,2,1,single,5,33331.52,0.0,21853.96,14457.08,11934.18,77264.8
Cholecystectomy,82,2,1,single,4,35695.48,66744.88,26579.81,27441.81,11521.82,178830.84
Total Knee Replacement,18,1,2,single,6,71970.38,203003.51,44776.25,100410.32,30932.47,417607.78
Total Knee Replacement,18,1,1,single,7,107839.53,249632.41,71794.87,129461.43,46398.79,608218.8
Dengue Inpatient Care,37,2,3,suite,6,34799.82,0.0,19660.07,10411.27,7502.39,70816.34
Normal Delivery,67,1,2,general,4,21941.43,29977.85,21237.54,8857.34,8196.7,103103.6
Hernia Repair,20,1,2,single,3,23841.21,55535.48,13900.0,14733.86,7857.68,113996.81
Coronary Angioplasty,81,2,1,general,3,29661.5,107211.27,31619.32,118167.57,21870.11,404401.35
Typhoid Inpatient Care,73,3,3,general,6,14182.71,0.0,14120.67,13322.35,4990.27,39926.7
Cholecystectomy,48,2,1,twin,4,30508.17,65499.55,21221.37,23492.62,11246.61,158834.17
Tonsillectomy,34,2,1,twin,2,11278.95,34695.91,7855.43,9718.01,5494.19,65740.79
Coronary Artery Bypass Graft (CABG),43,1,3,single,6,87910.54,233155.61,53934.22,66872.07,44363.72,518232.84
Appendectomy,50,2,1,general,2,12074.16,51392.37,7303.0,21079.83,7402.5,106641.04
Cataract Surgery,34,1,2,twin,1,6210.4,37766.64,3578.98,13875.64,5100.01,63975.44
Hysterectomy,79,2,1,single,7,68154.53,83348.07,52808.31,33037.11,19721.1,261416.5
Coronary Artery Bypass Graft (CABG),18,3,2,general,11,91381.52,161112.99,78338.32,97183.42,43048.18,483622.84
Coronary Artery Bypass Graft (CABG),79,1,2,general,7,100586.12,281563.07,98799.1,104858.52,63562.6,531632.74
Cholecystectomy,54,1,2,single,3,26673.34,66280.45,14079.83,16096.33,10252.68,159318.84
Caesarean Section,23,1,2,general,3,23185.85,71853.44,16917.92,21772.0,14480.11,153277.89
Total Hip Replacement,40,1,1,general,6,79904.27,269976.1,62100.62,136517.47,52668.69,559894.3
Caesarean Section,82,2,3,general,4,17605.25,37787.39,17297.98,19926.49,8408.57,115240.41
Hernia Repair,75,2,2,general,4,17197.34,34917.6,15331.59,17734.62,6259.09,96702.99
Typhoid Inpatient Care,63,2,3,twin,6,20342.02,0.0,14987.34,10745.86,7011.04,46676.99
Dengue Inpatient Care,71,2,2,general,6,24877.77,0.0,25527.32,15194.89,9654.87,68424.13
Caesarean Section,22,1,2,twin,3,25324.05,71210.9,17787.16,18288.95,12392.91,149202.27
Kidney Stone Lithotripsy,31,1,1,twin,2,19226.4,69651.92,10372.4,14795.62,8881.72,118579.69
Cholecystectomy,36,1,2,single,4,42215.07,77456.09,20298.65,17854.72,13473.85,189696.86
Total Knee Replacement,78,2,2,general,5,33621.56,112594.36,32309.82,115466.84,22641.55,374212.65
Total Knee Replacement,36,1,2,suite,5,75463.7,232150.33,40015.02,100013.91,31745.3,468773.4
Cataract Surgery,41,1,1,single,2,18801.89,47450.52,9519.78,17063.36,6403.09,92389.06
Hernia Repair,29,2,1,twin,2,12832.16,43833.08,8306.03,18902.19,6625.83,90865.04
Tonsillectomy,19,2,2,single,1,5350.48,33478.88,3213.32,7511.15,3703.62,44511.53
Hysterectomy,33,1,2,single,2,21183.02,96833.79,12321.19,23835.47,13987.51,181420.99
Kidney Stone Lithotripsy,62,1,2,twin,3,22724.42,59718.27,13565.9,12186.12,8568.49,117247.86
Dengue Inpatient Care,79,1,2,general,8,48896.31,0.0,50007.01,14591.19,16495.89,147736.19
Total Hip Replacement,33,1,3,twin,7,64944.5,150690.96,44451.61,91338.5,30084.48,323197.48
Typhoid Inpatient Care,59,1,3,general,5,20919.17,0.0,18137.17,12320.51,8131.0,51442.44
Appendectomy,58,2,2,twin,4,21701.3,46518.6,13573.95,17369.62,8211.16,107318.49
Coronary Angioplasty,20,2,2,general,5,38764.94,101534.06,34932.53,91191.67,22039.47,327715.4
Hysterectomy,48,2,2,general,3,18163.96,60050.29,15345.6,21845.92,10473.21,112846.35
Hysterectomy,43,3,2,single,3,19051.94,59320.23,11777.73,21895.95,9003.73,116138.32
Hysterectomy,40,2,3,general,6,24891.29,44491.59,18476.28,15410.99,10697.04,120518.44
Normal Delivery,75,2,1,general,4,21579.43,26639.1,21246.2,11815.41,8214.24,89160.59
Caesarean Section,25,2,2,twin,4,24972.52,51511.21,17943.23,18502.33,11627.47,137029.08
Cholecystectomy,42,1,2,twin,4,33855.03,66089.65,19819.63,15341.28,13112.61,151416.7
Caesarean Section,34,3,1,twin,4,25297.88,56202.62,17810.78,24580.77,11232.09,135693.9
Total Knee Replacement,76,2,3,twin,8,43931.59,93062.25,39806.59,90524.36,20222.95,347894.25
Caesarean Section,65,1,2,single,4,39905.46,75176.27,23823.35,19069.2,15765.08,164238.67
Coronary Artery Bypass Graft (CABG),35,1,1,twin,5,92344.05,352927.74,69330.63,111015.52,60811.02,676363.96
Coronary Artery Bypass Graft (CABG),61,3,3,general,6,35532.75,118414.64,31594.98,73483.01,22220.29,268340.02
Cataract Surgery,70,1,1,twin,3,22024.02,41677.53,15886.42,19920.58,7648.54,123943.55
Total Knee Replacement,32,1,1,twin,8,102537.42,236469.55,81371.36,120921.34,44147.45,622222.37
Coronary Artery Bypass Graft (CABG),76,2,2,single,8,101963.45,237875.77,82103.22,99069.94,40997.88,558696.53
Coronary Angioplasty,69,3,2,single,5,41544.49,85085.35,30924.97,91855.88,14377.65,292300.62
Coronary Artery Bypass Graft (CABG),77,1,3,single,6,85360.43,245682.73,64137.17,84613.26,39675.81,618271.96
Cholecystectomy,57,2,3,general,3,12215.47,35607.91,8941.76,13534.82,6905.73,89710.53
Tonsillectomy,65,1,1,twin,2,15534.42,47394.22,10097.24,10687.67,6457.61,84674.58
Appendectomy,68,1,1,twin,5,49138.64,78174.39,31928.3,22601.84,16195.09,197437.7
Normal Delivery,45,1,1,general,2,14272.63,38005.0,12403.37,10408.9,7973.05,80406.3
Caesarean Section,18,1,2,general,3,23500.37,76728.31,18832.41,19978.97,14450.81,163476.12
Tonsillectomy,34,3,1,twin,2,9609.16,31204.3,5900.83,9752.03,4195.55,71054.68
Kidney Stone Lithotripsy,57,2,2,single,2,12452.69,40790.0,6864.52,11623.04,4806.01,73533.99
Kidney Stone Lithotripsy,69,1,2,single,4,37311.98,57707.37,19487.98,13559.63,8665.7,118640.03
Normal Delivery,18,2,2,general,3,13059.41,20392.91,10911.84,8610.72,5057.22,65096.55
Normal Delivery,42,2,3,suite,2,11395.46,25416.28,5926.72,6535.55,4477.44,62935.08
Coronary Artery Bypass Graft (CABG),79,2,3,single,9,94722.84,192023.74,73315.48,93531.99,38361.05,458328.54
Dengue Inpatient Care,66,1,2,suite,6,55114.75,0.0,30720.76,12985.28,14994.13,122034.12
Cataract Surgery,79,2,1,general,3,14808.32,32025.08,11887.17,19914.18,5122.44,82098.1
Hysterectomy,66,2,1,single,7,60077.23,86863.58,42313.02,28156.86,16945.4,241031.72
Total Knee Replacement,49,2,1,twin,7,66755.32,173527.39,45953.66,136612.93,31026.33,465889.14
Typhoid Inpatient Care,33,3,3,suite,5,20073.4,0.0,10429.56,11078.25,5418.3,39810.93
Appendectomy,79,3,1,twin,5,27657.61,39551.0,19546.82,21878.09,7325.45,96630.53
Total Hip Replacement,46,1,2,suite,5,83891.89,248185.9,38567.09,106981.56,32276.37,603104.21
Kidney Stone Lithotripsy,77,2,1,suite,3,30690.18,66882.41,15434.38,16296.12,6404.04,190095.03
Tonsillectomy,64,2,2,general,1,4395.46,30057.18,3097.1,7808.59,4217.58,57994.94
Coronary Angioplasty,38,1,2,twin,3,36328.33,138116.82,26082.96,77256.29,24454.09,345320.53
Coronary Artery Bypass Graft (CABG),37,2,2,twin,9,100894.06,205358.16,72807.55,93913.06,49347.65,536105.53
Normal Delivery,56,1,2,twin,2,13991.83,33035.8,11132.7,9463.28,7268.4,71774.95
Typhoid Inpatient Care,46,1,2,twin,5,30302.4,0.0,22754.84,14625.44,11065.78,82526.73
Tonsillectomy,58,2,3,twin,2,7413.67,22828.69,4550.78,6363.71,3154.0,44840.63
Caesarean Section,25,2,1,single,5,41977.16,64948.63,27211.89,22493.76,14552.95,147633.45
Typhoid Inpatient Care,81,1,1,general,6,41107.91,0.0,43334.7,23833.91,16691.24,117123.39
Cholecystectomy,80,3,1,general,5,25812.48,41573.24,23043.98,24561.87,9438.43,140807.52
Typhoid Inpatient Care,49,2,2,general,4,15375.11,0.0,13594.89,14538.34,7285.73,51256.57
Total Hip Replacement,25,2,2,suite,6,72529.32,172241.51,37841.79,123703.76,28442.77,435798.29
Appendectomy,54,2,2,suite,4,32860.98,52036.43,13446.57,17490.68,7839.17,122539.86
Caesarean Section,72,2,2,single,5,37129.99,56418.47,24600.4,21206.35,12120.41,160001.86
Coronary Artery Bypass Graft (CABG),50,2,3,single,9,97244.76,197022.52,62676.34,79988.62,33512.92,540431.71
Coronary Angioplasty,66,3,3,single,5,28242.95,64735.68,21837.22,67539.37,11792.04,191643.39
Hysterectomy,34,3,2,single,4,22983.53,55839.6,14848.39,19753.03,9046.39,135250.53
Total Knee Replacement,36,3,2,twin,5,28872.46,100529.4,22363.26,101388.74,16690.59,276176.73
Typhoid Inpatient Care,35,2,2,general,7,26105.87,0.0,21356.99,16096.15,9421.64,70303.87
Coronary Artery Bypass Graft (CABG),31,1,1,twin,7,144172.5,347445.79,95768.33,109419.39,70495.62,746925.08
Total Hip Replacement,54,2,3,single,7,52399.24,132006.4,32117.12,93257.21,20710.12,322408.17
Dengue Inpatient Care,51,1,1,general,6,47876.39,0.0,41094.45,18390.05,19025.5,126961.78
Tonsillectomy,44,3,2,twin,2,7333.28,22322.95,4471.22,8580.04,2975.85,47813.0
Cataract Surgery,65,2,2,single,1,4875.93,25029.58,2689.77,13293.88,3391.28,55375.08
Kidney Stone Lithotripsy,61,1,2,general,2,12575.51,52377.63,8330.07,11006.73,6471.49,93207.49
Caesarean Section,44,3,1,twin,5,32050.01,51807.29,22672.16,23111.32,11948.42,144459.96
Hysterectomy,62,1,2,general,3,22501.05,75213.29,20124.59,23716.62,16492.13,181910.83
Total Hip Replacement,41,2,1,general,7,59432.86,169858.46,50391.45,153629.28,35796.7,464192.53
Total Hip Replacement,38,1,2,single,6,82575.98,203624.3,52508.11,118918.09,37261.12,538786.79
Cataract Surgery,67,1,1,general,2,13016.57,37465.52,9754.1,15695.23,6363.93,74530.41
Typhoid Inpatient Care,64,3,2,general,4,13641.32,0.0,11763.3,15295.11,5993.07,36581.67
Coronary Artery Bypass Graft (CABG),41,2,3,single,11,113485.79,184377.56,67525.88,74373.42,35212.6,462874.27
Hysterectomy,28,1,3,twin,5,33999.18,63775.82,22767.01,17145.59,12769.28,162686.82
Dengue Inpatient Care,70,3,2,general,7,25963.13,0.0,28225.34,16468.86,8768.71,106349.78
Total Hip Replacement,69,1,1,twin,3,41145.27,249871.27,32142.82,161159.13,36072.93,590645.46
Normal Delivery,26,1,1,general,2,15594.15,37301.8,13538.55,10312.86,8995.53,85525.67
Appendectomy,73,1,2,twin,5,41117.98,66199.67,27797.47,18144.89,12418.15,171003.7
Tonsillectomy,44,2,1,general,1,5232.33,34581.77,3699.42,9646.62,4338.42,51503.7
Tonsillectomy,82,3,2,general,4,12897.3,22553.62,12582.28,8797.39,4157.98,56331.8
Normal Delivery,74,3,2,twin,3,11051.28,16979.02,10962.7,9885.01,4038.94,46901.44
Caesarean Section,77,2,2,twin,5,29316.43,49653.91,26615.0,22434.01,10855.4,123527.29
Dengue Inpatient Care,28,2,2,twin,5,25830.12,0.0,18924.88,12238.61,10150.84,56454.62
Cholecystectomy,62,2,2,suite,4,38415.87,62327.72,17337.4,18829.36,9438.64,168909.63
Normal Delivery,79,1,1,single,3,31423.06,42449.84,25567.73,13766.35,10202.41,70199.64
Coronary Angioplasty,69,3,2,general,7,42850.25,73771.87,42383.52,96764.32,16902.62,284756.61
Normal Delivery,68,1,1,twin,4,36935.9,42375.71,29903.91,12886.27,10702.36,153165.91
Kidney Stone Lithotripsy,44,2,3,general,2,7528.79,27254.03,4819.81,9437.37,3912.14,54638.63
Cholecystectomy,36,1,3,general,3,17469.68,47191.31,12612.35,12185.2,8501.47,87490.03
Cholecystectomy,40,2,1,single,3,26173.82,70236.07,14355.29,22296.27,10342.49,150314.17
Hernia Repair,82,2,2,single,3,17987.81,36834.17,12554.94,17448.76,6511.11,80023.83
Hernia Repair,79,3,3,general,5,14332.16,24036.9,13690.57,13410.05,4601.03,55158.96
Total Hip Replacement,19,2,1,twin,6,56261.09,176792.47,40084.13,148441.72,29428.56,398806.5
Tonsillectomy,54,1,1,twin,2,17516.7,52031.85,11211.17,8834.01,7597.89,99691.04
Hysterectomy,20,2,2,general,4,24756.84,58231.9,20321.59,23006.78,12401.58,146754.2
Kidney Stone Lithotripsy,78,3,1,twin,4,21195.43,39525.54,15165.65,18073.58,6480.22,104514.29
Kidney Stone Lithotripsy,24,1,2,twin,2,15414.64,60156.15,8299.96,12722.9,6613.24,92051.66
Total Hip Replacement,33,1,2,single,7,95203.65,242199.18,62270.92,113491.17,38989.17,589406.26
Tonsillectomy,74,2,1,single,4,24922.97,37310.12,16261.97,10168.29,6142.71,86064.98
Kidney Stone Lithotripsy,24,2,2,single,2,14223.38,48907.47,7284.98,12054.75,5863.93,82794.1
Dengue Inpatient Care,51,1,2,twin,4,29509.45,0.0,21638.76,13735.91,13884.12,79594.95
Total Knee Replacement,47,2,2,twin,5,38536.16,138638.2,27236.36,96322.83,21658.31,315480.74
Total Knee Replacement,20,1,1,single,5,81362.24,237328.55,44982.5,138896.07,41896.15,535654.68
Hernia Repair,29,1,2,general,2,12931.79,47993.17,8687.87,16332.85,8217.87,96427.72
Caesarean Section,63,3,2,twin,4,21613.83,42287.31,16534.53,19153.49,10092.32,93011.37
Caesarean Section,38,2,1,general,3,20126.18,58726.69,16022.97,21379.5,12975.05,115747.78
Typhoid Inpatient Care,55,3,2,single,9,37971.41,0.0,23580.34,16311.97,8955.32,91301.37
Cholecystectomy,75,1,3,twin,4,26393.75,59239.32,20313.64,16460.1,10688.55,123245.52
Dengue Inpatient Care,70,3,3,general,7,18931.72,0.0,17861.31,10918.1,6941.38,43067.0
Normal Delivery,65,1,1,suite,3,34932.52,52279.81,18944.91,11917.95,10192.32,134882.0
Cataract Surgery,72,2,1,general,3,14688.42,29524.76,11588.38,18478.29,5496.2,76690.88
Hysterectomy,63,2,1,twin,4,28454.32,66718.16,20982.32,24642.38,13276.54,176548.69
Caesarean Section,22,1,1,suite,3,51118.36,126720.61,25009.0,24830.34,18052.41,256637.8
Kidney Stone Lithotripsy,38,3,2,single,1,5459.45,38708.84,2533.29,13742.48,3860.46,69885.91
Cholecystectomy,38,1,2,twin,3,24586.01,68257.91,17517.86,18703.6,12502.52,122251.07
Total Hip Replacement,30,2,2,general,7,49175.51,145594.66,43455.11,113610.19,28841.6,412879.51
Total Knee Replacement,52,3,1,general,6,38912.32,112616.8,35182.3,113981.27,26275.18,298393.43
Caesarean Section,58,2,2,general,4,21182.22,52432.76,18616.99,18605.67,11850.43,122520.37
Hysterectomy,68,2,2,twin,6,39523.94,60650.41,32339.9,24050.33,14018.18,183540.02
Cholecystectomy,82,3,1,general,5,25648.31,44778.79,22425.69,25752.45,9195.97,133372.87
Kidney Stone Lithotripsy,56,3,2,twin,1,4826.73,31839.6,2813.64,12100.96,4185.91,58854.77
Normal Delivery,81,2,1,twin,5,33976.49,30464.21,31987.76,12943.93,8963.71,99845.28
Coronary Artery Bypass Graft (CABG),79,2,2,twin,12,141042.99,217690.52,133332.4,111369.84,53210.48,794278.59
Total Hip Replacement,65,2,3,single,8,59116.71,129110.24,37092.14,94782.28,24192.1,275731.21
Cataract Surgery,41,2,2,twin,1,4038.23,23388.42,2427.72,11975.45,3695.36,45018.28
Caesarean Section,56,1,2,single,4,44085.67,90421.51,25341.95,20147.0,15439.18,177866.89
Tonsillectomy,43,2,2,general,1,4161.59,28005.79,3193.65,7780.7,3778.9,48737.24
Normal Delivery,54,1,2,twin,3,21357.44,31515.81,14791.66,9106.63,7259.63,91177.93
Total Hip Replacement,55,3,3,single,6,33713.14,95502.06,22599.51,88543.53,15885.61,289417.24
Cholecystectomy,33,3,1,twin,1,6025.77,46096.42,3554.16,23721.89,7443.48,89356.66
Coronary Angioplasty,26,2,1,single,3,39711.75,148205.95,23895.49,96455.54,21538.12,313567.39
Kidney Stone Lithotripsy,43,3,1,general,3,14566.31,39407.66,10007.44,16824.21,5923.36,81558.81
Kidney Stone Lithotripsy,51,2,1,single,2,17635.28,56542.32,8010.86,15527.15,6810.5,121366.21
Hysterectomy,73,1,3,general,7,41414.49,68181.72,37522.08,18865.76,17043.48,172396.27
Dengue Inpatient Care,79,1,1,twin,7,56586.97,0.0,58471.75,19999.6,18681.01,159901.01
Kidney Stone Lithotripsy,54,1,1,twin,2,20117.26,77192.32,12584.67,15585.18,8952.6,148793.46
Cholecystectomy,75,2,2,general,5,27681.92,48371.08,23828.21,21749.62,9427.81,134710.38
Tonsillectomy,48,1,2,twin,2,14326.15,45267.86,8790.39,8771.58,6487.74,74403.85
Hysterectomy,79,2,3,suite,4,29323.12,61189.37,16070.92,22458.16,8378.68,130037.02
Tonsillectomy,76,2,2,suite,4,29207.64,40928.26,16518.43,9108.37,5575.8,79602.67
Coronary Angioplasty,42,2,1,general,4,36389.75,124367.54,30671.28,106089.41,22703.33,319527.08
Typhoid Inpatient Care,29,2,2,general,7,25127.41,0.0,23545.91,15549.84,9793.56,68903.75
Tonsillectomy,50,3,3,general,2,5321.74,18954.14,4190.24,5676.98,2788.77,42210.53
Coronary Artery Bypass Graft (CABG),48,2,3,twin,5,43453.95,152996.46,30518.56,79536.97,24962.27,313704.61
Total Knee Replacement,28,1,2,twin,6,65753.13,181059.44,49536.5,115611.94,37324.06,406904.92
Total Hip Replacement,23,2,2,twin,4,33148.86,156278.37,23742.98,106865.94,22603.45,399355.74
Kidney Stone Lithotripsy,71,2,3,general,3,11194.7,27441.58,8343.84,9481.29,4047.34,56868.97
Cataract Surgery,38,3,3,twin,1,2650.15,16829.83,1694.67,10501.85,2016.96,34769.04
Coronary Artery Bypass Graft (CABG),58,2,2,single,6,80694.22,230347.31,50729.67,95162.03,39036.96,505845.83
Total Knee Replacement,68,1,1,general,7,83301.07,227168.86,75944.53,151301.2,50450.81,674022.98
Appendectomy,66,1,2,general,4,29380.12,62204.33,19013.36,17769.7,10804.04,147868.37
Hysterectomy,43,1,1,single,5,61047.49,121850.85,34664.51,29428.27,20294.13,264882.1
Cataract Surgery,21,3,2,general,1,3123.79,19502.94,2280.62,14166.98,3209.96,49656.48
Cholecystectomy,43,1,1,twin,2,20130.91,88511.3,12852.25,19321.86,12401.87,155460.99
Typhoid Inpatient Care,36,1,2,general,5,27014.95,0.0,21262.47,14664.0,11915.33,63347.23
Dengue Inpatient Care,51,2,3,suite,6,31512.44,0.0,17999.72,9421.16,8629.55,65381.25
Hernia Repair,34,1,2,twin,3,23527.17,50705.29,13776.83,14284.42,8780.01,119645.57
Hernia Repair,71,1,2,single,5,41908.08,56730.48,24037.44,17242.57,9868.04,145694.74
Coronary Angioplasty,63,1,1,single,4,64298.35,182933.33,46578.44,100976.53,27161.81,424521.95
Hysterectomy,73,3,2,single,5,32020.52,56249.59,20405.97,24365.94,10199.58,156196.12
Coronary Angioplasty,45,1,2,general,6,63738.73,122492.33,49456.66,79991.69,29447.55,320900.61
Typhoid Inpatient Care,60,2,1,single,6,41759.14,0.0,24688.63,18906.47,12336.16,96590.19
Normal Delivery,66,2,2,general,4,18166.75,22422.64,17133.19,10043.27,5524.44,77887.58
Coronary Artery Bypass Graft (CABG),60,1,2,single,11,206460.91,313775.94,134893.15,91566.94,69479.29,773131.28
Cataract Surgery,76,3,3,twin,2,5056.39,15307.89,3832.92,12029.33,2319.82,36692.98
Cholecystectomy,69,2,1,single,4,37444.25,75151.98,23125.73,25188.94,12600.04,210196.35
Caesarean Section,67,2,1,general,5,32679.66,63103.47,27047.35,26232.46,13632.2,151216.84
Appendectomy,58,3,1,general,3,14173.62,39343.75,9866.23,19002.89,7428.99,96179.87
Cataract Surgery,41,2,3,twin,1,3678.21,20711.1,2131.54,10019.08,2887.25,38411.69
Cataract Surgery,79,1,1,twin,3,20991.21,40786.31,16516.43,17963.03,7544.2,93460.22
Tonsillectomy,49,1,2,twin,2,13727.31,44639.75,8231.27,7997.27,5806.13,65411.2
Cholecystectomy,68,1,1,twin,5,53051.78,89704.26,35460.87,23454.17,15631.44,225467.63
Coronary Artery Bypass Graft (CABG),51,2,3,single,10,105556.3,179597.25,64028.29,67203.29,36870.34,499065.47
Normal Delivery,50,1,1,suite,2,24298.81,51361.04,12893.66,11337.23,9121.09,115824.16
Tonsillectomy,49,2,1,suite,2,16450.69,41563.88,7597.79,9969.77,5177.55,72795.72
Tonsillectomy,66,1,2,twin,3,21217.67,44942.01,13664.05,8206.88,6068.06,85304.44
Cholecystectomy,76,1,2,single,6,54981.56,77013.94,34421.5,21523.12,15566.35,199372.06
Total Knee Replacement,54,1,3,suite,6,70222.16,169644.9,36397.28,85400.82,26564.5,346081.19
Caesarean Section,81,1,2,twin,6,54553.16,75142.88,44753.34,23154.7,17620.85,160573.23
Cataract Surgery,73,1,1,general,3,18574.78,42292.86,15870.99,19837.02,7394.98,114299.94
Cataract Surgery,35,1,3,general,1,4002.96,26180.51,3169.17,9554.88,3688.85,44323.13
Hernia Repair,24,1,1,single,3,34235.65,72538.29,18153.1,19671.59,10382.1,154735.74
Caesarean Section,32,1,1,general,4,40786.74,99787.56,35394.51,25992.13,22026.64,250780.22
Hysterectomy,25,1,1,general,6,54854.18,101132.02,43733.41,27620.53,24180.95,250404.09
Tonsillectomy,74,3,1,single,4,23457.98,34191.8,15078.92,12196.2,4596.78,76866.0
Caesarean Section,49,1,1,general,4,40226.36,90605.0,33403.17,27036.83,21455.74,217333.66
Normal Delivery,25,2,1,single,3,21549.1,34677.29,13849.05,11254.25,7399.6,93083.66
Hysterectomy,76,1,2,twin,6,55031.2,86470.39,46596.12,27294.79,19987.3,212074.62
Normal Delivery,66,2,2,twin,4,20767.06,25209.86,16074.46,8887.24,6530.3,75120.5
Appendectomy,81,3,2,general,4,14594.35,31419.15,13031.94,20863.7,5753.47,76388.55
Total Knee Replacement,57,3,2,twin,7,40547.95,92541.48,29024.28,95216.79,18466.87,232388.39
Coronary Angioplasty,72,3,2,single,5,40770.63,89256.96,31706.03,85008.54,15297.95,269260.54
Total Hip Replacement,64,1,2,single,5,67850.73,233965.59,42242.56,110422.06,30914.45,412301.19
Hernia Repair,21,2,2,general,3,14080.41,36676.68,9855.64,16264.96,6752.78,74063.77
Typhoid Inpatient Care,58,2,1,single,3,18271.38,0.0,12301.59,17855.83,9018.61,51043.02
Coronary Artery Bypass Graft (CABG),44,3,1,suite,7,109616.5,281414.49,59979.5,123223.88,44401.75,642159.03
Coronary Angioplasty,74,1,1,general,5,62663.01,153504.9,59259.64,118868.69,29619.33,519605.81
Normal Delivery,33,1,1,general,3,23440.05,41811.22,19151.33,11274.69,9230.62,114494.77
Total Hip Replacement,74,2,1,general,8,73275.49,160191.55,72316.59,161837.9,32733.07,384071.84
Caesarean Section,63,2,2,single,5,39028.76,62625.49,22737.15,19573.61,10705.78,129723.81
Cataract Surgery,80,1,2,single,2,15077.66,40271.2,9617.19,14155.6,6104.29,87647.28
Cholecystectomy,33,3,3,general,2,5671.47,27196.7,4029.86,11828.13,4441.86,49452.47
Total Hip Replacement,63,1,3,general,8,57906.93,141878.29,48948.13,95103.71,33584.57,334043.1
Cholecystectomy,73,2,1,general,5,28597.71,48915.65,26799.65,25169.06,10399.84,124664.02
Kidney Stone Lithotripsy,36,2,1,general,2,12344.8,50198.2,7923.13,16347.08,7132.9,95068.73
Appendectomy,20,2,2,general,3,15069.58,40825.66,8969.02,16889.24,6457.32,80714.83
Tonsillectomy,25,2,1,general,2,11384.51,33867.97,8043.72,9665.69,5796.59,73637.78
Total Hip Replacement,38,1,1,single,8,135523.37,297715.79,87667.91,146955.5,53899.4,733627.73
Cholecystectomy,61,2,2,general,3,15656.59,45668.08,10750.11,17970.13,7604.31,91015.82
Cholecystectomy,72,2,2,single,4,30479.78,58735.52,19005.24,22315.83,10303.17,134544.12
Hernia Repair,78,1,3,general,4,21990.39,41865.14,18277.07,13926.07,7172.0,123720.36
Hernia Repair,79,2,2,general,3,13771.63,32434.3,12655.05,18214.0,6413.38,92964.41
Hernia Repair,73,3,1,twin,3,16502.67,38382.49,11326.47,20632.46,7013.84,100613.04
Cataract Surgery,58,1,1,twin,2,13977.64,43348.73,8975.47,16684.89,7107.78,90910.19
Typhoid Inpatient Care,41,1,1,general,5,34726.99,0.0,29899.88,17694.22,15274.07,92989.32
Appendectomy,71,1,1,twin,5,49978.66,83834.35,30775.15,21993.54,15384.73,217876.42
Hysterectomy,31,3,1,single,2,14493.04,68582.44,8495.35,25367.87,9491.8,134914.04
Hernia Repair,53,1,2,general,2,11820.06,48778.89,8390.45,13578.77,8117.68,98871.58
Tonsillectomy,69,1,2,general,4,22850.55,39570.08,20311.77,9210.67,6792.38,103394.18
Hernia Repair,41,3,3,twin,3,10116.09,23644.52,6522.48,12072.08,3831.7,47275.47
Hysterectomy,35,3,3,twin,4,15347.04,37801.07,10626.74,15068.76,6862.47,80380.4
Hernia Repair,48,2,2,twin,2,11136.69,38626.71,6754.73,16685.57,5978.47,74374.62
Coronary Angioplasty,44,1,2,twin,4,52671.84,142769.8,40505.39,79651.94,24502.42,291363.33
Hysterectomy,54,2,2,twin,3,19470.21,60859.92,13214.21,22408.69,10739.28,125679.71
Cholecystectomy,50,1,3,single,4,31221.7,58090.56,17501.09,12291.56,10903.07,125277.17
Typhoid Inpatient Care,81,1,2,twin,6,38113.14,0.0,36091.97,18825.11,12219.05,86209.49
Kidney Stone Lithotripsy,37,2,2,twin,2,10800.96,41366.38,6186.83,11417.31,5028.51,72593.97
Kidney Stone Lithotripsy,33,2,1,single,2,15863.99,59110.7,7973.83,16007.43,6374.81,103288.65
Normal Delivery,58,3,3,twin,2,5671.83,13055.77,4269.77,6760.57,3396.38,34332.02
Normal Delivery,18,1,1,single,2,19411.52,41609.49,13034.6,10646.13,8630.24,91452.17
Caesarean Section,74,2,1,twin,6,43945.56,62753.84,38976.12,27630.78,14681.8,145812.72
Hysterectomy,50,2,3,single,4,23194.12,52204.09,14336.55,16074.66,8714.25,129548.07
Total Hip Replacement,73,1,2,single,8,107971.15,239826.68,83148.98,132813.3,43182.43,575429.79
Typhoid Inpatient Care,39,1,2,suite,6,55241.01,0.0,28295.57,16161.85,13210.9,108722.94
Coronary Artery Bypass Graft (CABG),28,1,2,single,9,161785.87,293199.34,93601.38,97218.12,57765.22,623975.43
Cataract Surgery,29,2,3,twin,2,7385.66,20628.05,4527.15,9605.54,3230.07,39965.34
Total Knee Replacement,51,2,1,single,4,44103.88,187191.91,25831.04,134704.07,26747.66,456609.84
Hernia Repair,78,2,2,single,4,24953.5,38832.12,16158.95,19548.31,7412.16,62336.55
Total Hip Replacement,63,1,1,general,6,72014.38,245219.7,61811.39,142247.62,40312.02,585399.7
Appendectomy,36,2,2,general,2,11184.95,45040.34,6669.21,18529.01,7759.79,75384.1
Coronary Angioplasty,48,2,1,twin,3,32765.06,117514.39,23561.02,100206.38,20491.26,301600.97
Dengue Inpatient Care,69,2,2,twin,7,35485.59,0.0,30719.52,14701.11,11665.99,85778.44
Coronary Artery Bypass Graft (CABG),23,1,1,suite,8,222804.56,479452.68,107680.93,103647.35,70883.9,927143.52
Kidney Stone Lithotripsy,19,3,1,single,2,13706.3,45692.15,6871.07,15835.82,5130.34,86440.79
Cataract Surgery,42,2,3,suite,2,10441.46,26055.33,4673.16,9991.02,2983.84,57038.5
Appendectomy,48,2,2,general,4,21472.63,47869.42,14483.07,16084.01,7883.16,109675.2
Dengue Inpatient Care,20,2,2,general,3,13989.01,0.0,11253.11,14234.07,8726.62,47393.83
Kidney Stone Lithotripsy,70,3,2,general,4,16917.02,31671.42,12768.94,12917.74,5426.7,65053.19
Hernia Repair,44,3,3,single,2,7621.87,26882.75,3785.77,12358.46,3907.64,50781.96
Dengue Inpatient Care,42,1,2,twin,3,20291.23,0.0,15014.36,12979.62,11982.8,60000.09
Kidney Stone Lithotripsy,30,3,1,twin,3,17616.67,41827.48,10074.99,14730.54,5941.57,101214.31
Coronary Angioplasty,25,1,1,single,3,58171.96,193993.01,35369.07,116100.64,32619.25,413637.0
Hernia Repair,41,2,1,twin,2,12991.41,42455.2,7658.35,19129.69,7496.32,97084.41
Cataract Surgery,56,3,1,general,2,7225.97,23570.83,4931.59,14277.59,3699.08,52768.87
Tonsillectomy,54,1,1,twin,1,7897.02,54137.48,5548.78,10184.16,6259.18,77692.85
Kidney Stone Lithotripsy,68,2,3,twin,4,17021.61,30533.09,11706.23,9247.73,5131.72,84653.82
Normal Delivery,61,1,2,single,2,15691.85,32981.28,9674.97,9013.08,7100.88,65091.31
Caesarean Section,58,1,2,twin,4,35848.54,73328.01,24500.88,19588.01,13672.94,180932.59
Hernia Repair,58,2,1,twin,3,20259.79,47700.85,11710.16,20425.49,7892.95,121662.82
Total Knee Replacement,36,3,3,twin,5,23153.27,77582.19,15710.93,82624.31,14268.33,211939.48
Coronary Artery Bypass Graft (CABG),39,1,2,twin,8,138943.87,309470.93,105472.17,97680.34,62336.98,787837.65
Coronary Artery Bypass Graft (CABG),65,2,2,twin,7,71084.39,201586.86,52405.51,93176.19,34463.84,458324.44
Dengue Inpatient Care,81,3,2,twin,8,30700.24,0.0,29212.08,17225.89,9496.66,85809.5
Cholecystectomy,34,1,3,general,3,17126.35,47333.14,12117.02,12284.87,8791.7,94377.74
Coronary Angioplasty,18,2,2,single,4,42907.34,109172.58,28244.78,82239.04,19296.73,305014.99
Coronary Angioplasty,77,3,3,twin,6,29386.07,61563.74,29213.45,70779.79,13341.52,180049.27
Normal Delivery,81,3,2,general,5,15680.11,15297.95,18492.04,9207.17,5126.29,57593.99
Coronary Artery Bypass Graft (CABG),46,1,1,general,8,151228.21,340948.28,113108.48,125859.53,85760.77,732039.79
Appendectomy,53,1,1,general,3,25687.36,67517.47,17323.57,18116.73,13031.68,144816.42
Tonsillectomy,59,2,2,suite,2,13665.3,35724.01,5971.75,7671.06,4054.38,71311.49
Cholecystectomy,36,1,2,suite,3,37295.99,87887.78,16224.98,17684.61,13171.23,164116.02
Coronary Angioplasty,28,3,2,single,4,36244.39,98445.19,22266.43,84151.11,17007.61,262562.74
Typhoid Inpatient Care,37,2,1,single,6,37278.18,0.0,25600.65,17364.28,11942.09,100351.64
Cholecystectomy,66,2,1,single,5,47586.98,73757.75,27445.83,25286.73,14070.21,174615.89
Cataract Surgery,60,2,2,general,1,3832.87,23675.81,2744.53,14474.86,3676.91,48798.12
Hysterectomy,41,2,1,twin,5,37104.3,73934.73,25863.23,26643.01,13947.19,163729.1
Kidney Stone Lithotripsy,66,3,3,suite,3,15181.33,31849.0,6941.25,9497.1,3453.35,72467.67
Cataract Surgery,79,1,2,general,3,15673.23,32700.92,14634.71,14848.77,5819.88,104036.78
Hernia Repair,44,1,1,twin,2,20317.89,70229.77,11312.57,19876.34,9864.09,138118.45
Dengue Inpatient Care,33,2,2,single,5,30367.51,0.0,18398.98,14370.85,9156.38,74021.09
Caesarean Section,34,1,1,suite,4,60472.0,105771.65,30518.64,20847.64,16729.91,233743.05
Total Knee Replacement,61,2,2,twin,6,46250.92,143364.68,31667.87,108947.72,23856.81,278230.65
Appendectomy,31,1,1,twin,2,20770.08,80854.2,10949.63,21545.65,12411.26,136676.28
Cataract Surgery,65,1,2,general,1,5380.98,32231.81,4097.24,13750.79,5562.57,54767.17
Hysterectomy,64,1,2,general,4,32970.64,86110.31,26881.99,23978.59,18328.93,174090.02
Dengue Inpatient Care,70,2,3,single,5,23446.51,0.0,17203.56,11850.28,7807.39,62281.19
Appendectomy,42,2,1,single,2,18197.87,66956.94,9023.81,19532.31,8771.83,123493.06
Hernia Repair,57,1,2,general,2,13402.47,50318.01,8989.15,14861.08,8546.28,96031.9
Tonsillectomy,48,3,1,single,2,11537.06,34794.97,5897.33,8839.03,4360.93,56616.81
Cataract Surgery,66,3,2,twin,3,10550.51,20288.87,7202.12,13783.56,3212.16,49243.58
Hysterectomy,30,2,1,single,2,18632.01,84112.41,10213.34,25238.81,11095.34,152381.44
Tonsillectomy,25,1,2,general,2,12435.91,39841.06,8587.65,7611.19,5609.86,72345.53
Caesarean Section,33,1,1,twin,4,43441.81,93841.55,31802.0,24396.14,19342.76,219805.63
Typhoid Inpatient Care,58,2,3,twin,5,18155.1,0.0,12343.1,11539.93,6209.41,49503.75
Typhoid Inpatient Care,21,1,2,twin,5,31206.71,0.0,24443.82,15961.86,10896.76,83273.64
Hysterectomy,74,1,1,single,6,74979.85,121637.11,53423.39,28588.63,24238.68,338347.34
Kidney Stone Lithotripsy,40,3,1,single,2,13264.33,42950.58,6320.94,14566.64,5413.19,81954.73
Total Hip Replacement,20,3,2,general,6,33119.55,113629.0,27181.81,114306.83,21370.7,346555.51
Cholecystectomy,62,2,1,twin,2,15661.77,63909.79,9421.8,20996.25,9428.11,120919.66
Appendectomy,71,1,2,single,5,44750.24,62650.64,26024.86,17848.73,11338.8,158930.6
Appendectomy,61,2,2,suite,4,34354.1,56435.73,13992.12,15733.64,8086.03,127972.24
Normal Delivery,70,3,2,single,5,26221.05,23432.16,17517.73,10133.59,5915.51,79447.6
Appendectomy,41,2,2,general,5,25845.39,43683.86,16219.15,15673.11,7893.28,113687.73
Total Hip Replacement,39,1,3,twin,5,40404.08,159343.37,32364.26,94567.75,26089.05,376252.08
Tonsillectomy,43,1,1,general,2,15215.67,53391.86,10207.19,9695.64,7002.52,100773.25
Caesarean Section,76,1,2,general,5,38090.86,68541.65,36252.89,25350.04,15615.67,158329.92
Coronary Angioplasty,24,1,3,twin,3,28479.49,115080.73,19966.1,62555.98,20468.03,256798.2
Appendectomy,75,2,1,twin,4,27338.54,54606.58,19604.25,22206.47,9253.36,110612.84
Total Hip Replacement,56,2,1,twin,6,60543.07,189501.29,42400.71,139656.62,29828.55,447696.48
Coronary Artery Bypass Graft (CABG),35,1,2,single,4,76242.86,322799.17,49107.85,92283.66,49900.05,596263.66
Coronary Angioplasty,37,1,2,single,3,39546.57,153141.65,25573.74,89601.91,25058.09,335842.15
Total Hip Replacement,54,2,1,twin,6,56921.74,169701.29,47319.86,145468.36,34050.95,498149.24
Coronary Artery Bypass Graft (CABG),62,2,2,general,7,66158.84,181822.87,60894.28,93522.93,38296.37,468887.45
Dengue Inpatient Care,20,1,3,twin,6,34033.92,0.0,25461.55,10250.98,11280.71,75104.25
Cataract Surgery,34,2,3,general,2,6268.28,18358.88,4454.08,10299.9,2894.1,45364.5
Normal Delivery,61,2,2,twin,3,14660.64,22988.27,11759.4,9904.39,5904.11,71863.53
Appendectomy,46,2,1,single,2,17346.27,57218.59,8925.46,21314.22,9028.99,122700.34
Hysterectomy,74,2,3,general,6,23516.43,41513.0,23459.84,19561.44,10372.35,128620.06
Typhoid Inpatient Care,60,1,3,single,5,26662.11,0.0,17804.3,10450.23,8195.69,63388.96
Total Hip Replacement,51,3,3,twin,6,33833.71,91625.07,25293.89,85940.6,15839.55,236680.15
Cholecystectomy,63,2,2,suite,4,34395.82,62873.94,15565.18,17068.29,9975.73,144808.99
Cataract Surgery,65,1,3,general,2,7992.39,24682.91,6442.27,9720.27,3777.87,45746.13
Caesarean Section,51,1,1,twin,5,50128.57,91681.59,37460.92,24666.8,20469.56,228542.82
Tonsillectomy,19,3,1,single,2,10448.73,28272.28,6226.41,9142.44,3732.38,49505.81
Total Hip Replacement,49,1,2,single,5,63139.51,215245.47,39822.64,106824.6,29236.16,451171.06
Kidney Stone Lithotripsy,43,2,3,twin,2,8655.14,32007.11,5025.47,8761.52,4027.91,57112.86
Appendectomy,52,1,2,twin,3,24610.09,70471.58,15543.81,16971.65,9760.09,145630.93
Coronary Angioplasty,58,1,2,single,3,45764.2,159796.15,29786.8,80187.64,24337.4,342635.63
Appendectomy,71,1,1,general,4,35487.22,78866.83,24484.0,24046.5,12800.1,207559.79
Cholecystectomy,79,2,3,general,5,20208.52,36737.64,18166.34,14091.16,8146.4,111516.06
Appendectomy,72,2,3,general,3,12505.17,33403.01,9187.92,14883.18,5511.97,76656.78
Appendectomy,39,1,2,single,4,37590.32,67281.55,18078.66,15362.83,11469.45,156191.09
Cholecystectomy,33,1,3,single,3,24814.17,65796.15,12794.77,13593.65,9987.29,135385.61
Hysterectomy,18,1,2,general,4,29136.33,75895.06,22283.81,20473.32,14684.84,162560.04
Total Hip Replacement,21,2,2,single,5,48862.04,170374.02,31117.44,115807.19,24224.44,396041.91
Coronary Artery Bypass Graft (CABG),61,2,3,twin,8,71680.1,185719.44,51679.64,69883.39,34539.69,408920.85
Kidney Stone Lithotripsy,67,1,2,general,4,25832.05,50840.19,18803.54,12519.86,7984.42,130973.91
Coronary Artery Bypass Graft (CABG),22,1,2,twin,6,94594.02,278073.87,69681.99,90965.49,46568.04,566882.9
Tonsillectomy,82,1,1,general,3,22933.97,46056.62,19663.39,12175.66,7676.17,106364.8
Caesarean Section,75,1,3,twin,5,35822.26,56630.74,30210.4,17999.61,11820.38,148127.99
Tonsillectomy,18,3,1,twin,2,9361.12,28918.06,6349.5,9290.23,4289.61,61198.21
Typhoid Inpatient Care,32,2,2,suite,5,31068.03,0.0,15415.23,13832.98,7711.31,72116.83
Total Hip Replacement,39,1,2,general,6,56595.3,174518.98,48728.03,119044.31,39248.78,434904.2
Cholecystectomy,62,1,3,twin,2,13718.88,57677.77,8931.29,13005.74,9243.32,104498.91
Cataract Surgery,81,1,2,single,2,14738.87,41877.59,9928.63,16650.95,5116.65,87478.73
Tonsillectomy,79,1,1,twin,4,37545.71,56020.44,29227.28,11535.25,9123.64,131477.34
Coronary Angioplasty,69,1,2,twin,5,63487.33,142606.0,48483.95,94589.21,26762.23,369210.27
Coronary Artery Bypass Graft (CABG),32,3,1,single,7,90027.16,199233.62,56258.97,113027.74,41602.99,500710.64
Typhoid Inpatient Care,78,1,3,general,5,21602.96,0.0,21416.42,13375.19,9969.19,43859.24
Coronary Angioplasty,19,1,1,single,4,75294.74,208505.38,48016.38,97932.27,33776.67,553783.67
Normal Delivery,49,1,1,twin,2,19673.05,43137.33,14655.39,10905.6,9251.11,94755.65
Cholecystectomy,79,1,2,general,4,29377.85,64075.25,24751.94,19418.59,11837.99,151659.56
Cataract Surgery,32,1,1,suite,1,11235.36,53358.24,4587.38,15846.0,6905.58,92862.14
Coronary Artery Bypass Graft (CABG),55,3,3,twin,6,39233.25,126856.64,26764.18,69996.37,23432.19,284440.47
Coronary Angioplasty,75,1,3,general,4,32633.9,100506.67,31895.22,73701.47,22080.86,269375.41
Cholecystectomy,67,2,1,suite,5,54915.25,78142.77,24021.88,23059.76,11217.11,201638.33
Typhoid Inpatient Care,22,3,1,general,6,22159.89,0.0,18295.16,17346.43,8300.27,67957.33
Tonsillectomy,61,1,2,single,3,24057.1,49983.6,12614.73,7471.24,6294.39,101929.68
Coronary Artery Bypass Graft (CABG),51,1,1,single,9,199478.49,397922.34,127096.82,105318.07,85003.31,826004.3
Normal Delivery,80,2,3,single,4,18370.1,19447.35,15569.68,8787.1,4869.4,71948.97
Caesarean Section,72,3,2,single,6,35253.63,40969.55,21271.73,23370.45,8823.35,143737.04
Cholecystectomy,20,2,1,general,3,19824.71,55463.45,12931.2,19288.9,10289.28,132216.6
Hernia Repair,37,1,3,single,4,25501.93,43874.92,14083.74,10475.31,8063.53,105300.71
Dengue Inpatient Care,51,1,1,twin,7,66549.72,0.0,49636.63,15598.6,19724.28,157908.87
Tonsillectomy,69,1,2,twin,3,19804.77,38764.23,13203.47,7949.74,6324.91,84318.23
Total Knee Replacement,53,3,2,suite,3,27606.78,129391.54,14130.16,91522.08,14735.58,260585.58
Kidney Stone Lithotripsy,70,3,3,single,4,17795.9,30503.04,9061.24,9974.0,4268.97,80785.64
Dengue Inpatient Care,50,3,1,single,4,24983.08,0.0,16346.18,16915.43,9205.15,62015.66
Coronary Artery Bypass Graft (CABG),65,2,2,twin,9,107172.45,200925.79,86061.36,94266.79,48006.2,545441.59
Cataract Surgery,53,3,3,twin,1,2667.57,15721.43,1650.24,9695.99,2331.87,35333.66
Coronary Angioplasty,56,2,2,suite,5,59085.74,114288.23,31379.9,83426.17,18604.7,307839.36
Cholecystectomy,34,1,1,single,3,36389.48,84625.25,17874.99,22308.0,15265.06,186642.96
Total Hip Replacement,30,2,2,general,7,52167.71,146126.09,41135.44,127179.04,28520.4,405899.29
Hernia Repair,73,2,2,general,4,19095.71,39773.61,15863.85,19279.03,7514.59,121062.5
Caesarean Section,67,1,3,suite,6,55284.06,74458.94,29537.18,16472.36,12018.77,179337.64
Hysterectomy,77,2,1,twin,6,42955.82,67565.18,34537.46,28713.61,14471.93,138147.32
Normal Delivery,42,3,2,general,2,6760.44,18443.13,5916.85,7885.23,4005.43,41701.03
Coronary Angioplasty,42,2,2,single,3,31263.18,107793.71,21562.15,75389.28,16162.94,243192.01
Total Knee Replacement,37,2,2,twin,6,48654.35,128581.42,31768.0,98302.28,25590.93,353491.28
Hysterectomy,49,1,3,general,5,30912.19,65150.45,25653.27,18061.61,14990.61,140681.96
Hernia Repair,20,3,1,twin,2,10906.99,37105.69,6787.63,20635.74,6077.82,80454.76
Total Knee Replacement,55,1,3,twin,4,34690.39,144840.1,25780.94,83976.25,23397.5,266015.62
Coronary Artery Bypass Graft (CABG),47,1,2,single,9,172129.65,341754.53,99622.86,93521.54,68077.39,841841.99
Tonsillectomy,47,3,2,general,1,3139.18,20664.75,2201.81,6754.38,2959.48,34297.89
Cholecystectomy,56,1,2,twin,4,34075.12,69892.03,21120.57,16588.97,13154.0,150961.93
Kidney Stone Lithotripsy,31,2,2,single,2,12882.84,44949.82,6382.37,12917.65,5390.08,68554.81
Tonsillectomy,71,2,3,single,3,12865.51,24418.8,8524.69,6226.07,3421.81,51726.95
Coronary Artery Bypass Graft (CABG),34,1,1,suite,10,282825.91,429497.53,150689.48,107937.67,89052.62,1055916.09
Cataract Surgery,66,3,3,general,3,7591.92,15077.16,5597.33,11491.16,2749.41,48490.5
Caesarean Section,57,2,1,twin,5,38607.68,60412.27,28394.77,25073.52,15308.75,171655.49
Coronary Artery Bypass Graft (CABG),57,3,3,suite,7,72169.62,159612.05,37456.94,76594.27,24563.39,362836.64
Total Knee Replacement,55,3,3,single,6,35787.68,98962.96,22981.61,83060.76,14675.81,253360.09
Caesarean Section,19,3,2,twin,5,24849.28,46753.38,18490.53,18932.66,8618.07,122877.79
Typhoid Inpatient Care,36,3,1,twin,5,22976.06,0.0,16414.23,18264.82,8346.99,72665.71
Dengue Inpatient Care,21,1,3,twin,4,21171.15,0.0,16846.08,9099.9,10994.75,56221.93
Typhoid Inpatient Care,19,2,2,suite,5,31547.83,0.0,16299.19,14730.97,7773.61,67127.18
Hysterectomy,42,3,1,single,4,29646.82,73782.16,17662.34,30277.07,11567.09,152819.47
Caesarean Section,74,1,2,single,6,65298.39,83397.95,44435.94,23283.08,18197.68,215510.35
Coronary Artery Bypass Graft (CABG),32,1,2,general,7,102851.75,293546.41,85263.61,96958.72,57853.0,732756.58
Coronary Artery Bypass Graft (CABG),31,3,1,twin,9,108914.2,232884.26,72147.62,111387.77,51394.69,538095.41
Cataract Surgery,23,1,1,general,1,6374.17,41038.39,4181.21,16682.13,5574.65,66762.2
Coronary Artery Bypass Graft (CABG),67,1,1,suite,8,206720.75,398947.84,109209.01,118336.41,71503.89,964207.36
Appendectomy,81,1,1,general,4,35578.1,67408.01,27989.58,25364.99,12210.62,181942.14
Dengue Inpatient Care,55,2,3,general,3,10176.89,0.0,9442.96,10223.53,7188.13,38645.32
Dengue Inpatient Care,28,1,1,twin,3,25085.54,0.0,19757.61,15160.18,13298.86,80862.59
Hernia Repair,19,1,3,general,3,15457.24,38210.53,11238.23,11839.2,6738.79,77743.68
Coronary Angioplasty,52,3,3,general,4,19736.7,58542.46,16224.41,68511.64,11996.83,162186.04
Kidney Stone Lithotripsy,31,3,3,suite,1,4476.62,28717.95,1859.44,9066.14,2682.16,46810.81
Dengue Inpatient Care,57,3,1,general,7,31423.7,0.0,26735.29,16220.46,10717.86,89646.84
Kidney Stone Lithotripsy,30,1,2,general,1,6628.53,49967.17,4287.28,13196.52,7096.2,83149.03
Kidney Stone Lithotripsy,43,2,2,general,2,9490.27,33394.25,6195.67,12095.42,5207.22,71114.97
Kidney Stone Lithotripsy,75,2,2,general,4,19658.77,39125.2,14619.31,12542.49,6216.48,94658.08
Normal Delivery,58,2,3,twin,4,15949.98,17461.81,11753.14,7339.21,4992.92,57951.91
Total Knee Replacement,75,2,1,general,9,73237.25,161201.87,69579.14,151314.52,38415.37,428823.12
Normal Delivery,82,2,3,suite,3,17801.75,23957.76,11886.43,8061.63,4772.87,84631.63
Hysterectomy,72,2,2,single,5,38001.09,71248.25,27550.01,24447.94,13244.85,196353.04
Caesarean Section,52,1,2,twin,5,47753.2,74146.53,32810.28,18972.1,15709.77,200604.21
Cataract Surgery,26,1,1,twin,1,7574.03,46426.95,4826.6,17427.75,6673.0,76767.72
Total Hip Replacement,36,2,1,general,9,79128.38,176795.41,70287.09,136550.84,38994.16,560427.82
Total Knee Replacement,40,2,1,general,5,39425.97,149608.64,34669.35,115117.27,26632.76,350512.11
Cholecystectomy,73,3,2,twin,6,31509.52,42690.57,23534.7,21587.24,9233.92,125198.71
Coronary Artery Bypass Graft (CABG),75,2,2,suite,8,130791.67,273780.45,83524.94,115016.17,41687.79,677183.59
Coronary Angioplasty,80,1,1,twin,5,79605.95,187188.14,67877.36,112139.19,32202.41,549034.23
Normal Delivery,50,2,1,twin,3,19549.37,31139.78,15280.28,11675.06,7654.42,73077.9
Cholecystectomy,37,1,2,single,3,31910.23,78481.0,16441.71,18390.39,12551.91,158172.88
Caesarean Section,53,1,2,twin,2,19000.39,75788.45,12862.88,18516.9,12909.93,166692.95
Coronary Angioplasty,28,3,3,general,4,20364.97,64932.66,16657.12,68868.3,13207.07,160825.64
Caesarean Section,79,2,3,single,5,29477.13,48541.25,23543.25,17462.08,8691.51,123608.88
Hysterectomy,21,2,1,twin,4,31038.19,77301.08,21266.65,24162.66,15112.05,178020.52
Tonsillectomy,21,1,3,twin,2,10526.03,33320.83,7109.13,5848.57,4350.09,57678.43
Appendectomy,79,2,1,general,4,25636.14,50291.95,21714.04,24545.27,8892.25,119105.67
Kidney Stone Lithotripsy,24,1,2,general,3,20066.2,48708.71,12592.85,10736.63,7112.18,110371.77
Total Knee Replacement,73,1,1,twin,6,74517.07,237784.05,65393.34,138726.3,42753.83,545598.4
Normal Delivery,24,2,3,general,3,10658.24,17055.79,10021.33,7027.47,5101.77,48598.13
Cholecystectomy,76,2,1,twin,5,39183.99,65239.73,30514.51,26873.76,13005.99,218045.48
Cholecystectomy,42,1,2,twin,2,15813.42,63647.58,10620.03,17145.46,10985.32,124198.64
Cholecystectomy,38,2,2,twin,3,17665.59,45888.39,10582.56,16680.33,8026.6,103710.78
Normal Delivery,45,2,3,single,3,13540.11,19182.11,8253.53,6342.04,4250.81,53779.25
Coronary Angioplasty,82,2,3,twin,5,32539.05,77584.93,32387.36,74722.03,14259.29,217210.88
Dengue Inpatient Care,40,1,3,suite,5,37433.05,0.0,21795.31,10462.48,9882.35,89521.09
Normal Delivery,60,1,2,suite,2,21884.43,44599.15,10990.51,9020.88,7395.68,89150.27
Cholecystectomy,28,2,2,general,4,21058.84,47789.97,16005.26,15640.27,8432.43,106778.83
Coronary Artery Bypass Graft (CABG),60,1,3,twin,8,99976.69,229882.28,67846.64,64613.1,51197.02,526957.83
Appendectomy,54,1,2,general,1,6719.66,59512.67,4911.74,17231.17,7873.99,89059.9
Total Knee Replacement,48,1,3,single,7,68639.28,172947.74,43502.24,85719.09,29109.58,370480.79
Total Hip Replacement,55,1,3,twin,6,52356.36,171576.92,37302.52,86906.45,27413.36,345740.48
Hysterectomy,81,1,3,general,5,28793.19,57130.54,31541.75,21735.81,14216.25,125158.22
Hysterectomy,31,2,3,single,5,28949.63,49002.92,16209.96,16600.6,8656.36,127916.74
Typhoid Inpatient Care,38,2,1,twin,7,36662.34,0.0,29258.56,19323.63,11015.88,101569.99
Cholecystectomy,25,2,2,single,4,26219.68,53438.65,15328.08,18632.98,8656.64,126284.87
Cataract Surgery,26,2,2,twin,1,4337.98,28117.31,2750.64,13351.93,3440.06,49380.18
Dengue Inpatient Care,29,1,2,general,6,38376.62,0.0,29895.08,13106.85,14469.03,97191.54
Cataract Surgery,20,3,1,general,1,3944.12,25534.86,2832.3,15339.72,3447.35,49078.86
Appendectomy,40,1,1,suite,2,28371.98,97689.44,12765.3,23014.57,12910.9,174168.72
Cholecystectomy,44,1,2,single,3,29245.77,67955.8,16170.89,18064.55,11101.98,152275.11
Hernia Repair,46,1,1,single,2,22690.07,73045.78,12305.8,18312.54,11796.8,129742.73
Typhoid Inpatient Care,36,3,2,general,5,15492.16,0.0,13877.99,14282.32,7146.78,49736.01
Appendectomy,39,2,3,general,4,13841.46,31171.04,9046.03,11348.36,4925.04,77810.6
Total Knee Replacement,73,1,1,single,8,132398.53,280015.25,93465.57,147288.87,55218.2,756519.37
Cataract Surgery,22,3,1,twin,2,8543.05,23857.38,5694.11,17761.07,4010.99,55161.28
Cataract Surgery,41,1,2,general,1,5923.13,35117.84,3916.21,12519.8,4866.86,68171.45
Caesarean Section,47,3,2,twin,4,21912.71,43436.07,15452.91,18072.34,9381.5,95159.14
Total Knee Replacement,38,2,2,twin,4,29459.33,136844.03,20636.73,96038.51,22488.0,348339.39
Cholecystectomy,51,3,2,general,2,7901.58,31985.69,5917.1,17930.18,5626.14,70596.07
Typhoid Inpatient Care,20,3,1,single,7,37196.06,0.0,22654.97,18373.14,9244.89,88172.3
Kidney Stone Lithotripsy,73,1,2,twin,4,32331.61,59810.94,22291.92,14573.48,8650.07,127688.36
Total Knee Replacement,40,1,2,twin,3,34692.25,202955.52,24151.03,117654.99,29775.06,315128.25
Kidney Stone Lithotripsy,59,2,1,general,2,11983.74,44705.12,7471.99,13447.08,6762.73,73844.42
Appendectomy,70,2,1,single,5,41801.77,66464.34,21907.08,21700.46,9915.58,196396.18
Normal Delivery,40,3,1,general,3,12961.79,22539.81,12189.54,10179.07,5235.88,58480.92
Total Knee Replacement,61,3,3,general,8,31268.86,75346.11,27298.86,85538.81,17378.28,243727.39
Hernia Repair,57,3,3,single,3,11525.24,25432.78,5621.87,12184.21,3641.25,53634.2
Coronary Artery Bypass Graft (CABG),75,2,2,single,10,144536.22,251175.39,94822.15,114941.34,52917.3,739908.07
Coronary Artery Bypass Graft (CABG),43,1,3,general,6,62192.19,217981.3,53967.72,71454.33,43249.55,472340.61
Total Knee Replacement,82,2,3,twin,7,39211.44,95486.3,34796.01,103796.3,21321.41,243904.42
Total Knee Replacement,38,2,3,general,4,20069.21,84369.61,15505.82,77177.78,16581.93,219309.51
Appendectomy,25,2,1,twin,3,22541.92,52939.27,12148.46,22182.29,9460.43,133549.88
Tonsillectomy,55,2,1,general,1,5747.74,36755.71,4015.71,10829.14,5254.89,75978.27
Total Knee Replacement,19,2,2,twin,4,29788.29,130579.06,22493.78,102819.69,22976.81,349598.32
Coronary Artery Bypass Graft (CABG),51,2,1,twin,10,135776.46,246199.99,92092.71,111862.72,55398.29,681883.09
Total Knee Replacement,32,2,3,general,7,37475.7,95942.07,30282.54,76476.9,21434.02,265217.33
Appendectomy,65,1,3,single,5,32543.32,50385.79,18538.6,12012.69,8754.32,126826.53
Caesarean Section,56,1,1,twin,5,58277.04,103392.77,39710.26,27004.33,21588.73,268437.9
Kidney Stone Lithotripsy,51,2,1,twin,2,14693.9,55702.85,8485.6,14574.31,7402.05,98182.16
Tonsillectomy,27,2,1,single,2,12878.33,39073.44,7333.35,9421.2,5211.1,64411.19
Cataract Surgery,80,3,3,single,2,6377.11,18531.08,4176.74,11442.2,2549.4,45181.7
Typhoid Inpatient Care,67,2,3,twin,9,31931.61,0.0,28086.58,11859.65,8706.89,69658.38
Appendectomy,81,3,3,twin,3,11880.33,30662.23,8612.89,14661.04,4396.9,69713.01
Normal Delivery,36,2,2,general,3,13196.55,21263.01,10691.73,9482.62,6133.06,68747.28
Normal Delivery,67,2,1,twin,3,17916.67,26779.63,16267.51,11525.53,7580.53,90496.63
Total Hip Replacement,22,3,2,single,7,53035.57,140281.82,36315.89,122344.96,23928.2,411635.66
Total Knee Replacement,71,1,2,general,6,53934.12,179341.59,56615.34,117052.65,38031.51,424752.92
Appendectomy,27,1,2,twin,3,25437.64,67284.42,13902.95,18219.19,9394.88,164276.91
Total Hip Replacement,29,1,1,suite,6,132886.55,365976.33,67986.3,146662.13,52070.08,760430.08
Cataract Surgery,67,1,2,twin,3,18302.99,37322.53,11978.21,14692.56,5792.21,83130.57
Appendectomy,79,3,2,twin,6,28844.5,38236.31,22004.4,20271.05,7037.19,104140.87
Hysterectomy,61,1,2,single,4,40327.86,89807.38,22480.36,21527.77,16516.09,190567.09
Appendectomy,59,1,1,twin,3,29934.63,80000.59,16711.33,19182.72,11955.5,163357.17
Caesarean Section,77,2,1,general,6,36630.69,53867.38,34066.99,28430.84,13031.61,156475.89
Hernia Repair,26,3,2,general,3,10671.66,28652.89,7500.09,16002.51,5142.94,72126.95
Cholecystectomy,77,2,2,twin,6,38682.57,51679.82,27985.13,22093.52,11449.04,142799.39
Typhoid Inpatient Care,74,2,2,suite,7,47189.26,0.0,27570.48,16969.08,9365.74,90454.0
Total Hip Replacement,52,2,2,general,4,30539.86,137582.82,24415.45,122873.94,23109.78,316518.76
Caesarean Section,18,2,2,general,4,20686.63,51824.97,18395.01,18076.32,11164.81,133187.8
Hysterectomy,75,1,3,general,8,45312.83,62841.07,44455.94,20761.9,15068.7,171734.32
Cholecystectomy,52,1,2,general,3,21982.8,61417.29,15684.21,18729.4,12062.56,130066.76
Cholecystectomy,72,3,1,suite,4,31652.44,52034.58,17005.35,20949.51,8585.16,125546.19
Total Hip Replacement,36,1,2,twin,6,66866.56,200040.52,52510.79,110578.89,34815.41,466615.41
Cholecystectomy,77,1,1,suite,3,47025.26,114639.88,23973.47,25107.96,16033.58,247845.86
Hernia Repair,18,1,1,suite,2,28320.77,87264.33,11222.54,19272.86,11309.42,161202.37
Coronary Artery Bypass Graft (CABG),22,2,1,twin,10,144229.59,262146.56,108460.36,113492.48,55685.73,652389.03
Tonsillectomy,74,2,1,general,3,15721.02,32915.07,12260.0,10004.88,4985.49,83034.31
Tonsillectomy,48,2,1,single,2,13087.56,38256.28,7105.7,9352.99,4946.62,76969.16
Coronary Artery Bypass Graft (CABG),60,1,2,single,8,151166.18,343336.15,86755.89,83153.1,58145.86,694016.8
Hernia Repair,77,2,2,single,5,31433.09,39217.72,21029.34,17064.72,6881.87,118569.7
Cataract Surgery,61,2,1,suite,2,14022.66,36047.99,6438.75,15845.64,4423.88,80607.82
Kidney Stone Lithotripsy,61,2,2,general,2,10598.47,37903.35,6698.71,13063.9,6050.68,87684.23
Total Hip Replacement,78,2,3,suite,10,86884.52,148194.66,57884.85,112692.44,26035.73,381921.93
Appendectomy,18,1,2,twin,4,31516.12,58777.08,18827.62,15912.83,9925.96,133870.92
Kidney Stone Lithotripsy,62,1,1,general,2,18091.39,67608.81,12417.08,14500.72,10027.89,116876.51
Cholecystectomy,48,1,1,general,4,35946.31,78211.12,29094.27,20697.11,15525.53,195499.25
Hysterectomy,80,1,2,single,6,65122.99,104069.08,50577.02,27353.49,18083.03,261234.1
Hysterectomy,45,1,1,general,3,30477.93,108709.26,26339.09,30784.31,18271.93,211559.02
Total Knee Replacement,62,1,1,single,5,79286.65,268793.06,55205.24,137500.52,46147.5,589633.89
Caesarean Section,23,3,2,twin,4,22181.19,47316.92,14096.47,18949.0,10245.77,108554.84
Typhoid Inpatient Care,24,1,1,single,5,42548.62,0.0,26757.71,20578.52,15281.78,109482.92
Cholecystectomy,57,2,3,general,3,12579.85,33745.19,9074.85,15291.79,6715.59,70779.14
Cholecystectomy,62,2,1,twin,2,14611.18,60722.61,10237.84,22985.5,10217.52,109296.43
Coronary Angioplasty,46,1,2,twin,4,51964.75,146030.11,37371.56,82197.58,25347.03,322056.65
Coronary Artery Bypass Graft (CABG),64,1,2,single,11,205419.81,315534.86,135531.18,94409.47,73286.34,762774.13
Hernia Repair,67,1,2,twin,5,37256.4,49347.81,22380.53,15629.59,10435.62,96381.85
Coronary Angioplasty,62,2,2,general,4,31711.77,95739.91,27067.92,90135.03,19758.2,266352.69
Appendectomy,74,1,2,twin,4,31026.98,57122.9,22663.77,19296.49,10758.48,111895.51
Typhoid Inpatient Care,20,2,1,general,6,27562.59,0.0,26309.08,20840.52,10155.81,96366.45
Kidney Stone Lithotripsy,64,3,1,twin,2,11201.36,39384.35,6509.81,14934.93,5589.9,81146.9
Total Knee Replacement,25,1,3,general,6,42866.33,124964.26,33702.08,71260.38,24594.76,307550.8
Cataract Surgery,60,1,1,twin,1,7789.57,40965.92,4388.15,15525.69,5837.35,73508.98
Typhoid Inpatient Care,71,1,1,single,5,43367.39,0.0,33922.68,20982.11,12853.58,94629.75
Caesarean Section,46,3,1,general,4,20236.81,45884.1,16244.92,24602.47,10038.19,120182.27
Total Hip Replacement,46,1,1,single,3,47347.6,261136.28,29701.53,149672.05,40027.34,561628.43
Typhoid Inpatient Care,48,2,2,general,6,22579.3,0.0,18997.72,16031.85,7860.47,64377.21
Appendectomy,81,1,2,suite,4,49920.12,79633.53,24248.98,21341.57,11911.74,151696.85
Total Hip Replacement,80,1,2,general,8,72094.1,185543.35,75872.03,121023.49,38428.4,521528.42
Total Knee Replacement,30,1,2,general,6,53536.96,167603.43,47196.99,99657.64,32559.81,423980.34
Normal Delivery,75,2,2,twin,4,19354.16,21927.26,18174.7,10178.32,6062.19,74420.94
Total Hip Replacement,66,3,1,twin,8,67431.31,155521.03,53833.96,146273.13,30215.12,418089.71
Total Hip Replacement,26,3,2,single,5,39683.27,122175.77,25837.12,118673.75,20987.64,316792.0
Coronary Artery Bypass Graft (CABG),51,1,2,suite,6,141384.59,384399.6,67496.57,96183.65,49237.8,753623.85
Dengue Inpatient Care,48,3,2,single,5,24311.75,0.0,16778.87,13369.26,7307.84,66606.7
Cholecystectomy,63,2,1,suite,3,30222.62,71658.42,14898.1,19311.48,9300.12,152467.25
Tonsillectomy,33,2,2,general,2,8850.6,28301.16,6597.73,7192.73,4182.06,49379.82
Dengue Inpatient Care,58,1,2,single,7,56875.68,0.0,36690.13,11909.97,14372.68,129469.27
Coronary Angioplasty,35,2,3,twin,5,33648.57,81573.48,27204.66,66467.64,14038.87,186261.28
Kidney Stone Lithotripsy,74,2,2,general,3,14029.99,33135.98,11039.54,12411.12,4808.26,53796.33
Cataract Surgery,68,1,3,twin,2,9275.86,27629.51,6691.16,10548.3,4032.67,70709.08
Kidney Stone Lithotripsy,34,1,2,suite,2,22328.22,66698.33,9121.45,13519.19,7427.01,128898.58
Cataract Surgery,53,3,1,general,1,3547.76,22804.08,2507.8,15185.7,3442.15,44023.69
Coronary Angioplasty,39,1,1,general,3,41787.82,149072.5,34896.22,106201.7,31403.6,355279.45
Total Knee Replacement,61,3,1,twin,5,34667.35,117611.94,25123.8,128348.78,21997.55,340997.99
Hernia Repair,21,1,2,general,3,17944.99,48536.03,12523.6,17116.78,9536.1,100557.25
Typhoid Inpatient Care,47,1,2,suite,7,63162.09,0.0,34192.02,16479.37,14128.24,130174.47
Total Knee Replacement,49,2,1,single,4,44358.76,180199.59,27337.84,123604.03,24190.43,367965.81
Kidney Stone Lithotripsy,82,3,1,twin,4,22484.08,39077.54,15593.62,16932.8,5750.64,87753.95
Hysterectomy,62,1,3,twin,6,41204.57,64767.4,29273.78,18021.06,14440.42,155270.38
Cataract Surgery,45,2,2,general,1,4033.0,26796.77,2621.3,13516.51,3876.07,53913.4
Typhoid Inpatient Care,18,2,1,twin,5,24598.73,0.0,18451.73,18549.73,10311.31,79313.65
Appendectomy,75,2,3,suite,5,32894.92,44167.43,16411.76,14422.4,6616.45,117372.45
Total Hip Replacement,41,2,1,single,7,87401.65,200265.67,56395.86,158356.91,37417.79,551842.24
Hysterectomy,35,3,1,single,5,34315.73,62216.99,20057.96,26825.15,11514.45,151685.35
Total Knee Replacement,78,1,1,general,5,57351.36,221542.42,59937.27,164128.97,38248.09,651324.84
Typhoid Inpatient Care,59,1,2,twin,5,30501.9,0.0,22963.16,15481.85,10407.02,72199.43
Caesarean Section,67,2,2,twin,4,26320.5,57389.05,19987.44,19338.3,10672.09,158592.18
Cataract Surgery,76,3,3,suite,3,10675.08,18989.37,6054.97,10965.95,2434.39,45113.2
Total Knee Replacement,49,2,3,twin,4,22396.57,104401.36,15844.85,71026.54,15882.29,214701.87
Typhoid Inpatient Care,73,1,3,twin,6,28872.1,0.0,24085.1,14998.92,10295.55,81426.78
Total Hip Replacement,46,1,1,suite,6,125715.97,333487.8,66750.24,134954.37,47733.88,698433.7
Kidney Stone Lithotripsy,52,2,2,single,1,6253.85,41676.9,3297.78,12252.87,4263.41,67951.63
Cholecystectomy,39,1,2,single,4,41347.57,84877.03,22434.74,18489.13,13516.98,167401.97
Cataract Surgery,48,1,3,twin,2,8882.38,26234.65,5284.75,10058.09,3778.67,47810.74
Hysterectomy,30,1,1,twin,3,32862.86,115096.76,23328.86,25610.76,17231.1,215218.72
Total Knee Replacement,81,2,1,suite,9,126520.22,211182.26,76782.17,161209.1,33780.89,556201.21
Tonsillectomy,70,2,2,single,3,16209.64,32705.49,10250.76,8060.48,4552.02,51699.19
Cataract Surgery,33,2,2,general,1,4050.05,24655.43,2808.34,13526.65,4128.17,56761.3
Tonsillectomy,44,2,1,single,2,14025.43,40347.6,7947.36,9246.03,5590.45,73088.03
Total Hip Replacement,58,1,1,twin,6,90248.4,266589.74,59216.4,140402.28,50069.87,468015.35
Hysterectomy,33,1,2,single,6,61726.86,90913.9,34231.89,21844.25,18842.99,239298.35
Caesarean Section,46,2,2,twin,4,23444.23,47283.81,16885.74,20789.03,9178.85,114792.34
Kidney Stone Lithotripsy,76,3,1,single,3,20552.89,44761.06,12180.88,16097.89,5601.46,79366.11
Typhoid Inpatient Care,51,2,2,single,4,19485.72,0.0,11975.55,14675.68,7313.77,58777.02
Hernia Repair,64,3,2,twin,1,3996.9,26831.13,2779.54,15647.84,3914.79,63560.9
Dengue Inpatient Care,49,2,2,general,4,16832.01,0.0,16215.07,11796.89,9930.08,53559.02
Normal Delivery,81,3,2,twin,4,15774.38,19453.87,15021.59,9779.65,4559.57,68812.19
Hernia Repair,50,3,1,single,2,12497.8,44479.52,6698.77,18448.13,6256.66,92133.88
Hernia Repair,70,3,2,single,4,18663.2,30683.87,11972.32,17720.28,5737.96,85526.08
Total Knee Replacement,59,1,1,twin,5,66357.55,239275.3,50006.33,131738.21,38139.98,533356.88
Coronary Artery Bypass Graft (CABG),77,2,2,twin,8,91093.43,213417.2,73620.13,116300.95,45645.43,486298.15
Appendectomy,56,2,2,suite,3,23907.06,51825.52,9444.16,15130.18,6394.85,98306.34
Coronary Artery Bypass Graft (CABG),38,2,2,single,11,156830.35,252540.44,89514.13,99250.36,55708.22,646316.8
Hysterectomy,20,1,1,general,5,47243.47,91693.56,36099.79,24147.34,18919.01,232889.52
Typhoid Inpatient Care,47,2,2,single,5,25808.01,0.0,17108.33,15839.22,8796.53,68026.79
Dengue Inpatient Care,56,2,3,general,5,16879.37,0.0,16107.71,10493.74,7202.32,54729.16
Dengue Inpatient Care,35,2,1,single,4,26663.31,0.0,17648.8,16492.96,10247.51,70225.29
Appendectomy,32,2,1,single,2,15749.2,63184.62,7918.53,18170.65,7819.19,119870.59
Hysterectomy,62,1,1,general,4,39926.9,92513.53,32539.33,25859.93,18410.83,197596.46
Cholecystectomy,63,2,1,suite,3,30330.31,77033.46,13556.73,19668.75,9979.69,123138.68
Cataract Surgery,58,2,2,twin,2,9024.5,25106.75,5651.09,13203.29,4049.86,63022.54
Normal Delivery,68,1,1,general,3,24266.95,37753.03,20698.27,10866.08,9503.72,90516.42
Coronary Angioplasty,26,2,2,twin,5,42942.06,102852.89,33004.22,77041.92,21066.97,265927.05
Coronary Artery Bypass Graft (CABG),69,2,2,single,13,167255.66,217112.87,117180.95,89524.31,46999.88,590743.52
Kidney Stone Lithotripsy,36,1,1,single,2,21940.44,76131.65,10031.23,13581.17,8456.31,137372.21
Coronary Angioplasty,49,2,3,single,4,35134.47,91916.19,23453.72,67458.74,15140.49,236673.96
Typhoid Inpatient Care,30,3,2,single,6,23720.53,0.0,14003.16,16092.68,6835.28,68385.65
Cataract Surgery,73,1,1,single,3,26097.37,41904.64,15990.3,16393.97,6254.54,100602.71
Tonsillectomy,34,1,3,single,2,11397.32,36179.15,6506.52,5788.49,4677.03,63266.03
Normal Delivery,33,3,2,general,3,10983.26,18862.57,9639.69,9553.7,4550.24,47144.61
Caesarean Section,43,2,1,twin,4,31246.31,66080.28,20581.34,24745.21,13018.6,157453.63
Caesarean Section,75,1,2,general,6,44196.56,68882.46,41213.53,21820.26,15847.26,218978.06
Cataract Surgery,37,3,3,twin,1,2515.43,14183.76,1550.88,10297.15,2140.5,30692.13
Kidney Stone Lithotripsy,55,1,3,single,1,6945.06,46229.69,3325.94,9702.88,5087.69,64560.03
Kidney Stone Lithotripsy,19,2,2,twin,2,11913.6,43959.06,6319.02,12901.05,5747.1,79654.48
Cataract Surgery,41,1,1,twin,1,7413.27,43699.55,4501.08,16823.96,6364.59,79842.96
Cataract Surgery,27,3,2,suite,1,4757.52,25338.88,2152.45,13068.81,2676.71,48666.07
Cholecystectomy,19,2,1,suite,4,43797.4,73224.19,18205.86,23425.21,10289.56,159700.48
Hernia Repair,29,2,1,general,4,23246.86,40423.93,14808.57,16972.92,7995.62,111442.06
Hernia Repair,46,1,1,general,2,15457.44,56939.42,10803.6,19267.55,9505.39,106137.69
Total Hip Replacement,54,1,1,single,4,69629.78,302166.52,41713.25,137290.39,44779.84,661989.84
Coronary Artery Bypass Graft (CABG),43,1,2,general,8,103834.44,263337.58,94639.54,86480.62,54270.5,660370.82
Hernia Repair,53,1,2,general,2,13329.57,49079.81,9906.07,16247.21,9087.12,95480.54
Caesarean Section,77,3,1,twin,6,35809.9,53441.21,31725.54,28984.76,12278.7,128239.44
Total Knee Replacement,26,2,2,single,6,55019.91,147890.21,33708.05,103438.59,22926.69,337565.36
Kidney Stone Lithotripsy,29,3,2,suite,2,13025.44,36689.36,5305.5,11051.86,4044.95,64406.65
Total Hip Replacement,29,1,3,general,5,37030.98,134781.21,30211.08,92335.15,24975.23,318494.79
Normal Delivery,37,3,3,twin,3,9790.77,14520.43,7312.94,5943.81,3462.39,35734.15
Coronary Angioplasty,55,1,3,twin,5,47133.27,111799.49,35825.14,66502.38,21478.0,269012.67
Cholecystectomy,65,3,3,single,4,18588.56,31518.33,10880.08,15726.29,5776.46,74913.3
Total Knee Replacement,82,1,1,general,6,62274.8,192086.3,64898.2,161532.66,38987.18,579735.53
Coronary Artery Bypass Graft (CABG),70,2,1,twin,12,175539.93,283463.44,141783.66,134720.31,64780.73,914392.16
Coronary Artery Bypass Graft (CABG),78,1,3,single,8,112401.07,224065.87,85502.7,86536.88,49080.68,494228.69
Kidney Stone Lithotripsy,76,3,1,twin,4,23857.41,42709.74,16366.8,19373.45,5918.96,126063.16
Tonsillectomy,62,2,2,general,2,7940.65,27201.22,6348.35,7192.25,4302.66,42376.87
Kidney Stone Lithotripsy,66,1,2,twin,3,25040.01,59218.43,16140.08,13327.31,7445.84,117274.84
Coronary Angioplasty,46,3,1,general,4,28118.19,87152.39,25209.26,103908.98,17469.34,301394.77
Coronary Angioplasty,61,1,1,general,3,44014.87,183461.88,35132.47,100950.24,32786.59,404477.33
Appendectomy,47,2,2,twin,2,10917.58,45878.63,6140.27,15121.95,6799.29,96012.17
Cholecystectomy,39,1,3,single,3,22635.94,59623.95,11295.95,13971.28,9716.22,121572.34
Kidney Stone Lithotripsy,31,1,3,single,2,15704.31,52837.44,8258.07,9828.9,5784.51,82384.27
Appendectomy,28,1,1,twin,3,30369.54,75235.22,17141.01,20137.28,13184.43,162099.94
Caesarean Section,39,3,3,twin,3,11917.02,35719.24,8091.16,14771.53,5882.39,79852.57
Coronary Angioplasty,41,2,3,suite,3,28030.7,94583.17,14435.9,67972.79,12725.96,209158.05
Typhoid Inpatient Care,70,2,2,general,6,22797.7,0.0,21330.35,17197.39,8818.06,65367.58
Caesarean Section,76,3,2,general,7,30856.27,40445.02,29673.17,20224.13,10914.69,133194.17
Coronary Artery Bypass Graft (CABG),36,1,2,general,9,131537.77,305860.19,109507.8,94564.3,73404.07,744505.77
Dengue Inpatient Care,31,1,1,general,4,33286.14,0.0,27137.33,18493.19,18277.96,100606.48
Caesarean Section,58,2,1,general,4,27871.69,56609.63,21009.13,23432.43,13567.98,166725.41
Caesarean Section,54,2,2,twin,5,31751.94,52678.17,22737.29,21389.93,11162.12,152879.13
Cataract Surgery,22,2,3,twin,1,3146.66,19855.74,1957.51,10408.52,2649.33,39969.66
Kidney Stone Lithotripsy,60,1,1,general,2,16869.15,70840.05,10540.28,16174.96,9548.02,140959.64
Kidney Stone Lithotripsy,56,3,2,twin,2,9320.47,31691.81,4971.68,13155.92,4305.8,57535.7
Kidney Stone Lithotripsy,63,1,3,general,2,11039.77,41484.24,7757.31,8793.12,5892.7,88052.33
Total Hip Replacement,24,1,3,twin,4,34043.56,163436.89,23680.46,93924.91,24098.05,353484.85
Coronary Angioplasty,28,2,2,twin,5,44061.88,98573.25,33714.97,84933.38,18323.26,294797.3
Appendectomy,29,2,2,single,2,13060.94,51998.12,6957.31,16227.55,7356.57,92443.94
Hernia Repair,64,1,3,twin,3,17006.97,37771.24,11885.68,11716.75,6301.94,63134.84
Typhoid Inpatient Care,42,2,2,twin,4,17370.02,0.0,13905.86,14935.02,8076.19,52959.73
Coronary Angioplasty,26,1,1,general,3,38014.68,136754.17,33572.23,87734.29,29838.75,372189.77
Tonsillectomy,61,1,2,general,2,12932.51,38523.18,9911.1,7358.51,6790.64,86217.05
Hernia Repair,49,3,1,single,3,18715.0,44842.76,9956.57,20314.14,7197.88,98842.35
Cataract Surgery,22,2,1,general,1,4726.11,28262.96,3231.67,16995.45,4061.72,60050.33
Coronary Artery Bypass Graft (CABG),47,2,2,general,8,89008.46,224083.43,71613.93,100006.69,45126.07,565569.52
Dengue Inpatient Care,56,2,1,single,6,42155.11,0.0,26713.12,16276.94,13126.05,96000.37
Appendectomy,36,1,2,general,4,28824.54,64585.67,20057.53,17545.09,10362.38,135261.18
Cholecystectomy,36,2,2,twin,3,18715.28,45671.95,12114.49,17015.41,8227.56,101243.75
Total Hip Replacement,65,3,3,general,5,23925.57,84507.27,20825.86,91834.1,17144.81,266982.08
Appendectomy,44,2,1,single,3,24856.37,60567.86,12559.41,20020.36,9336.87,111890.88
Hysterectomy,78,1,1,general,5,49670.49,107337.68,46559.07,30428.22,24825.64,268915.89
Hysterectomy,33,1,3,single,4,32391.29,68641.31,19465.66,17595.04,12514.24,162193.16
Normal Delivery,41,2,1,twin,1,5787.81,25943.1,4257.2,9846.02,5464.32,47966.59
Hernia Repair,31,2,2,twin,2,10242.69,39683.82,6465.71,13497.38,6044.38,61804.02
Total Hip Replacement,32,2,2,general,6,41044.18,141770.3,34879.85,117948.29,25487.09,375613.46
Kidney Stone Lithotripsy,30,3,1,general,3,14596.79,34960.57,9014.0,14656.36,5714.36,83339.91
Dengue Inpatient Care,50,2,1,single,5,37311.02,0.0,22632.38,16222.66,12065.47,101920.01
Normal Delivery,62,1,3,twin,2,11563.17,29256.9,9359.44,7075.66,6747.35,72066.49
Kidney Stone Lithotripsy,55,2,2,single,2,12368.8,43269.12,5606.56,11800.96,4414.59,79917.53
Cholecystectomy,49,1,3,general,5,29073.67,45782.39,19611.49,12285.19,10172.15,125560.06
Coronary Artery Bypass Graft (CABG),38,2,1,general,12,159420.29,239421.04,124913.13,118929.57,70209.57,792729.63
Kidney Stone Lithotripsy,77,1,1,general,3,25165.25,65903.57,19868.73,17554.06,10622.47,153832.08
Typhoid Inpatient Care,32,2,3,twin,5,18599.89,0.0,12768.64,13244.9,6101.91,52710.56
Hysterectomy,52,1,1,single,4,53386.89,118320.94,31278.42,24921.18,19556.73,233136.99
Hernia Repair,64,2,1,twin,2,14431.68,47087.41,9933.8,19003.17,8250.01,106569.96
Tonsillectomy,68,2,1,twin,3,17428.5,35948.25,11800.31,11276.37,5545.19,65081.31
Hysterectomy,21,2,1,twin,6,45175.13,65447.13,30923.72,27384.33,15540.88,194210.07
Cataract Surgery,71,2,1,suite,2,16086.12,43466.7,7515.13,18254.62,5446.32,89430.6
Total Knee Replacement,35,1,1,suite,6,114556.7,281763.57,55953.53,118687.78,39235.14,604347.13
Typhoid Inpatient Care,60,2,2,twin,5,20547.26,0.0,16622.01,16606.65,7878.81,59979.97
Dengue Inpatient Care,26,1,2,twin,5,35843.77,0.0,27732.84,12514.82,14685.72,84907.76
Coronary Artery Bypass Graft (CABG),18,2,1,twin,8,114430.72,240576.21,77814.46,125321.41,50058.6,586080.59
Total Knee Replacement,45,1,1,suite,6,112673.17,262024.39,55335.09,139726.95,41707.46,584628.56
Dengue Inpatient Care,54,1,2,general,5,28634.42,0.0,25474.12,12749.65,14346.8,92102.63
Hernia Repair,32,2,1,single,4,30165.15,52832.44,15599.97,19628.58,8715.02,117483.44
Coronary Artery Bypass Graft (CABG),41,2,2,twin,7,85772.65,228255.13,56919.12,85843.09,38771.35,422025.17
Typhoid Inpatient Care,67,1,2,general,7,36067.54,0.0,33169.29,15087.42,11785.53,83236.85
Dengue Inpatient Care,77,2,2,suite,6,44499.65,0.0,26290.39,14649.31,10761.47,107375.99
Coronary Artery Bypass Graft (CABG),68,3,2,twin,9,83542.11,174337.18,68699.6,111452.83,38987.49,474314.37
Coronary Artery Bypass Graft (CABG),46,2,1,twin,6,82589.13,248738.45,58122.21,102916.65,49660.55,516743.53
Tonsillectomy,62,1,1,single,3,30136.58,55473.15,16131.62,9400.54,7701.72,127196.42
Caesarean Section,42,2,3,single,4,23237.8,47687.48,13106.04,17181.88,9289.06,111419.67
Total Hip Replacement,55,3,3,single,6,34095.23,92297.86,21478.23,95422.47,14697.62,260608.31
Caesarean Section,22,1,1,twin,3,32332.77,94988.35,21175.81,22218.55,15009.04,191318.19
Appendectomy,65,2,1,general,3,18274.82,57903.03,13422.76,20971.06,9336.26,127474.1
Typhoid Inpatient Care,21,1,2,single,6,43474.51,0.0,27689.11,17004.08,13134.94,105129.95
Hernia Repair,41,2,3,general,2,7439.57,27033.91,5635.74,11853.55,5208.66,53098.17
Dengue Inpatient Care,36,2,2,general,4,16869.37,0.0,16214.31,13472.84,9783.75,52934.43
Coronary Artery Bypass Graft (CABG),32,1,2,general,7,102288.62,309572.98,86058.98,93885.03,64246.08,695313.41
Caesarean Section,61,2,1,twin,3,22169.54,62066.64,15154.64,25079.04,13206.84,133563.42
Normal Delivery,25,1,1,general,2,14940.23,38105.36,12067.31,10258.69,7965.92,77668.18
Caesarean Section,74,2,2,twin,5,32077.85,49238.06,25491.64,22905.31,11833.19,137213.53
Dengue Inpatient Care,73,1,2,single,7,60339.07,0.0,48651.54,14845.64,16470.23,132302.42
Hernia Repair,81,1,1,twin,2,17481.86,67400.32,14497.44,23223.38,9125.09,165316.67
Normal Delivery,61,1,3,single,2,12224.87,29399.11,8775.37,6889.84,5540.42,66498.87
Typhoid Inpatient Care,33,3,1,single,4,21184.23,0.0,13156.16,19308.28,8170.81,57216.05
Appendectomy,43,1,1,general,3,22673.79,68933.41,15373.83,18521.8,11811.87,150388.6
Hysterectomy,45,1,1,twin,4,44073.34,111340.33,31544.48,26949.35,21413.08,213333.52
Coronary Angioplasty,66,1,2,general,6,62959.83,129025.08,62206.07,93217.28,32258.15,373071.15
Total Knee Replacement,68,2,2,twin,8,54068.31,122737.09,41602.13,104066.78,28507.28,399799.52
Kidney Stone Lithotripsy,46,1,2,suite,2,24457.99,70954.7,8800.41,12852.41,8247.82,121108.69
Cataract Surgery,64,3,2,twin,1,3589.97,20876.88,2419.71,14882.01,2693.55,41032.2
Cataract Surgery,46,1,1,twin,2,14816.85,40950.97,8449.57,17174.78,7111.83,94248.83
Coronary Angioplasty,78,2,1,general,6,54555.14,120010.22,56608.74,107406.49,24206.2,327051.27
Coronary Angioplasty,32,3,1,single,4,38199.95,108376.32,25768.3,110488.98,16227.74,340188.69
Cholecystectomy,27,1,2,general,2,13975.07,62712.88,10400.52,19390.85,11267.42,117529.98
Typhoid Inpatient Care,21,1,2,twin,5,31073.64,0.0,22950.72,14711.72,10759.19,77635.13
Total Knee Replacement,68,1,1,general,6,68255.44,218174.65,64793.94,143430.38,41592.28,489250.24
Typhoid Inpatient Care,23,2,1,suite,5,37333.85,0.0,19306.29,18619.69,9677.87,83158.32
Typhoid Inpatient Care,76,2,1,suite,7,51116.92,0.0,32699.48,20269.86,9873.88,124794.57
Cholecystectomy,34,2,2,twin,4,24260.46,47757.12,15456.72,16544.49,7986.29,94167.43
Appendectomy,41,2,2,general,2,9379.13,37615.24,6802.9,16868.27,6679.99,84905.23
Coronary Artery Bypass Graft (CABG),34,2,3,single,9,92429.63,184959.35,61002.49,72751.15,38668.65,432635.24
Normal Delivery,20,1,2,single,2,17735.12,37271.36,11369.96,10009.24,7355.03,76044.48
Hysterectomy,25,1,2,general,4,30925.66,84267.15,25874.72,21984.8,16143.48,148245.47
Cataract Surgery,36,3,1,general,1,3836.56,25256.33,2873.66,15302.84,3705.78,51297.86
Total Hip Replacement,25,2,2,single,6,56220.74,148295.03,35293.57,125173.45,27369.63,423503.74
Normal Delivery,62,3,2,single,3,15325.85,22168.13,9564.21,8464.21,4749.91,62359.87
Cholecystectomy,41,3,3,twin,2,6939.04,27638.75,4397.89,14371.28,4238.52,50810.78
Total Hip Replacement,50,1,2,suite,5,78875.55,231471.23,36767.34,104848.9,30566.57,482950.36
Hysterectomy,43,3,1,general,3,16004.08,56749.91,12764.7,25492.06,9759.32,130931.46
Typhoid Inpatient Care,76,1,2,single,8,63464.34,0.0,48306.85,18725.15,15723.17,129211.13
Typhoid Inpatient Care,31,2,2,single,5,25380.57,0.0,15624.23,16048.63,7916.85,69628.99
Coronary Artery Bypass Graft (CABG),20,1,2,general,10,139710.75,262521.06,124954.49,95042.44,63166.01,628577.92
Total Hip Replacement,79,1,1,single,9,154975.57,262914.82,112164.71,173018.45,51631.64,675900.33
Hernia Repair,71,3,3,general,3,8483.5,21805.33,6605.11,12725.66,4182.29,52322.74
Total Hip Replacement,51,2,3,twin,8,46357.86,99613.59,34067.76,84762.48,20172.24,300152.65
Kidney Stone Lithotripsy,27,2,1,single,3,23181.78,57286.12,12367.73,15814.86,6136.94,101934.16
Total Knee Replacement,29,1,1,general,5,57237.7,204036.28,52857.32,141479.26,44060.16,535758.07
Typhoid Inpatient Care,28,3,1,general,4,14503.71,0.0,12799.2,19998.57,6803.85,50064.9
Appendectomy,59,1,1,general,2,18037.15,67725.65,11521.93,19665.47,11223.03,134576.25
Dengue Inpatient Care,26,1,2,general,4,26062.48,0.0,22731.83,14288.6,13648.81,82290.57
Coronary Angioplasty,63,2,1,general,3,29229.49,119749.8,27529.34,107804.9,22740.57,292350.84
Coronary Artery Bypass Graft (CABG),74,2,3,twin,9,74765.21,164853.2,70197.26,78093.88,31890.39,344625.06
Dengue Inpatient Care,72,2,2,single,5,32734.5,0.0,24983.76,15531.47,10485.91,74495.95
Hernia Repair,48,1,1,general,2,16292.3,63850.38,11037.6,18502.48,9811.3,105878.03
Hysterectomy,21,3,2,single,5,29577.61,53077.79,18132.23,22263.46,10071.31,121070.07
Coronary Angioplasty,68,2,1,twin,4,45499.82,128934.59,36475.27,102208.12,21665.18,330634.6
Dengue Inpatient Care,52,2,2,general,5,22436.9,0.0,18758.45,13501.3,10216.78,70807.22
Typhoid Inpatient Care,62,2,2,twin,7,30287.0,0.0,21228.3,15822.22,9318.09,78769.56
Caesarean Section,42,1,1,twin,4,41517.37,84308.36,32358.18,22933.43,17863.9,207810.71
Coronary Angioplasty,54,2,3,general,4,22242.56,65207.44,18297.96,62274.93,12462.07,195499.61
Cataract Surgery,48,1,3,single,1,5881.56,31504.37,3100.31,9836.17,4369.71,48933.54
Typhoid Inpatient Care,43,1,1,twin,4,28021.18,0.0,20245.7,17850.77,12757.4,71580.68
Kidney Stone Lithotripsy,70,1,1,general,4,34642.45,66215.81,25556.03,16019.16,10127.87,157528.63
Coronary Artery Bypass Graft (CABG),23,2,2,single,9,119052.2,237198.24,68259.17,95801.04,43944.02,614914.03
Hernia Repair,68,1,1,twin,5,43088.39,69005.22,28840.75,20727.75,13790.54,191409.45
Hernia Repair,70,1,3,twin,4,24973.71,43477.55,16600.36,14277.13,8434.28,113715.67
Normal Delivery,18,2,2,general,3,12869.09,20845.19,10143.49,8554.98,5501.82,60593.1
Appendectomy,67,2,3,twin,4,16402.71,29553.15,9959.57,11729.37,5369.79,67770.0
Typhoid Inpatient Care,24,3,1,general,3,11172.95,0.0,10283.17,19120.64,7489.23,48375.45
Hernia Repair,47,1,3,suite,1,8321.68,47487.2,3390.47,10597.17,6116.35,82653.21
Dengue Inpatient Care,80,2,3,twin,5,21364.35,0.0,20271.63,11204.38,7356.02,65459.06
Tonsillectomy,22,3,2,general,2,6382.54,20178.47,4727.67,7135.11,3331.41,36110.47
Cataract Surgery,61,2,1,twin,2,10751.63,33118.55,6727.72,15312.62,4302.97,67985.17
Appendectomy,43,1,2,general,3,20677.21,56893.13,13890.61,17125.56,10422.49,118572.28
Cataract Surgery,73,3,2,single,3,12366.88,21834.76,7762.12,13589.4,3237.52,59005.96
Cataract Surgery,59,2,1,single,1,6238.5,36714.41,3264.75,15507.42,4831.9,60866.73
Dengue Inpatient Care,50,2,2,single,4,25772.9,0.0,15409.83,12898.34,9041.16,63906.82
Hysterectomy,46,2,3,suite,6,44059.53,55982.51,21887.12,18540.57,9919.0,154986.06
Typhoid Inpatient Care,45,3,2,single,6,25363.09,0.0,16071.92,16192.54,6702.81,55699.62
Cataract Surgery,50,2,3,single,1,3594.25,21884.86,1858.63,10010.72,2511.58,40100.65
Appendectomy,22,2,1,general,3,19349.74,52328.46,12377.59,18919.32,8665.79,105021.66
Tonsillectomy,70,3,1,single,4,21694.93,31235.17,13113.84,10900.51,4874.45,74559.97
Hernia Repair,74,1,1,single,4,42290.19,68470.75,26197.59,20770.78,11119.76,155679.36
Caesarean Section,31,2,1,single,5,46827.87,70143.13,26415.46,25449.72,14790.42,181075.3
Typhoid Inpatient Care,74,2,1,twin,6,31191.33,0.0,28368.67,20388.52,11120.32,96190.57
Total Hip Replacement,69,2,2,general,8,60807.82,134847.84,57491.69,118306.13,32976.19,426495.21
Tonsillectomy,69,2,2,suite,3,20710.36,36026.17,10615.14,8595.88,4460.85,71985.2
Coronary Artery Bypass Graft (CABG),48,3,1,general,6,57518.55,193785.76,52722.42,121542.27,36010.99,463187.22
Hysterectomy,45,1,3,twin,5,33684.99,61712.9,23152.3,16180.73,12507.45,147742.05
Cataract Surgery,75,2,2,single,3,15837.89,28043.26,10028.98,16843.09,3948.53,75168.18
Dengue Inpatient Care,21,1,2,twin,6,46063.08,0.0,34514.17,12248.26,15488.2,110334.0
Coronary Artery Bypass Graft (CABG),78,3,1,single,10,133019.61,238174.81,98035.17,134800.74,48784.89,558223.77
Cholecystectomy,73,2,1,single,6,50244.34,61493.71,35155.64,23278.92,13744.78,150767.25
Typhoid Inpatient Care,63,1,1,single,5,43713.36,0.0,28941.72,20508.9,13616.09,94327.98
Tonsillectomy,34,1,2,twin,2,13373.7,44054.33,8056.52,8017.39,5753.32,75875.65
Tonsillectomy,28,2,2,general,1,4378.4,29238.67,3365.65,7462.47,4456.55,48417.46
Tonsillectomy,26,3,2,twin,1,3882.88,23220.74,2536.78,8260.52,3167.92,44005.77
Dengue Inpatient Care,19,1,2,twin,5,36719.45,0.0,28105.28,13056.19,15197.07,90827.62
Total Hip Replacement,61,1,2,general,5,51714.23,206158.51,45562.1,118295.28,40462.41,470432.84
Dengue Inpatient Care,39,1,2,single,4,33261.4,0.0,22635.46,12605.5,13242.01,76025.99
Caesarean Section,78,2,3,single,5,28655.92,45116.07,19950.49,17424.55,8537.54,124786.01
Hysterectomy,26,1,3,general,4,23352.9,58445.26,18082.21,16866.17,11360.22,134442.53
Cataract Surgery,41,1,1,general,1,6704.74,39837.74,4491.74,16199.31,6228.58,67701.14
Cataract Surgery,82,2,1,twin,3,17333.21,30273.09,13967.16,20412.16,5886.27,82897.71
Total Knee Replacement,82,2,2,general,7,45382.68,115535.14,44927.71,135759.27,23765.16,338256.1
Total Hip Replacement,43,3,3,single,8,46375.54,93848.37,28867.56,81996.65,16591.47,285081.6
Total Hip Replacement,67,3,1,twin,9,71789.96,143778.75,59453.83,136579.9,29468.98,475290.62
Total Hip Replacement,71,2,2,single,6,60065.8,154503.75,42764.64,125245.84,27198.33,462713.82
Tonsillectomy,77,2,3,single,4,17970.68,24523.93,10950.76,7083.4,3973.68,66825.45
Kidney Stone Lithotripsy,48,2,2,general,2,9792.37,36379.58,6660.81,12729.65,5602.47,69264.14
Total Knee Replacement,43,2,2,single,7,65470.02,137232.54,39818.31,103067.65,25702.95,323702.89
Typhoid Inpatient Care,66,3,3,twin,6,17101.99,0.0,13230.62,13610.94,5901.23,43821.38
Hysterectomy,33,2,2,twin,4,25744.72,62854.92,18575.06,22872.58,10738.14,154030.43
Kidney Stone Lithotripsy,46,3,3,twin,2,7241.73,25078.05,4074.05,8903.29,3437.72,44592.21
Coronary Artery Bypass Graft (CABG),18,3,1,twin,10,101464.9,188720.55,72643.17,103411.47,45616.09,540595.49
Caesarean Section,78,2,1,general,5,34350.81,60572.82,34207.05,31370.24,15197.59,225403.28
Hernia Repair,62,1,2,general,1,6506.33,51093.58,5193.63,16924.76,7945.49,97583.05
Appendectomy,73,2,3,single,5,26740.79,39830.26,15973.39,14181.5,6326.89,149595.05
Normal Delivery,20,1,3,single,3,20739.35,27297.61,13953.91,7344.84,6541.56,87461.85
Typhoid Inpatient Care,79,3,2,twin,7,24692.73,0.0,23617.06,17425.58,7418.16,75198.19
Coronary Artery Bypass Graft (CABG),53,2,1,general,7,81861.37,237682.01,67160.65,117116.53,49188.79,603172.89
Dengue Inpatient Care,64,1,1,twin,3,28982.1,0.0,21356.91,17493.55,15105.71,70253.03
Cholecystectomy,34,2,2,general,4,21115.38,42126.69,15195.6,17915.59,9012.97,111672.18
Hernia Repair,80,2,1,single,4,29805.01,47094.44,18436.55,24020.42,8005.38,101893.19
Total Hip Replacement,27,2,1,single,6,72139.02,216250.91,47370.07,140857.04,30273.3,506782.84
Dengue Inpatient Care,42,2,3,twin,5,18946.96,0.0,15593.83,10235.01,7336.2,51345.35
Kidney Stone Lithotripsy,54,3,3,single,2,8774.86,27505.44,4146.36,8950.28,3036.77,51748.83
Hysterectomy,62,1,3,single,4,31984.89,68301.8,18491.71,16262.78,11764.89,140891.46
Kidney Stone Lithotripsy,68,3,2,twin,4,17665.1,32004.63,11147.7,12776.99,4779.98,83971.71
Hysterectomy,77,2,2,suite,6,57549.6,76892.62,30636.31,24984.51,13609.48,231419.77
Hysterectomy,41,1,1,general,5,48335.67,90634.49,36029.54,26223.93,21555.7,217501.98
Caesarean Section,75,3,2,twin,4,20006.42,37972.57,15012.31,21170.42,8385.53,134093.34
Hernia Repair,45,3,1,twin,2,10398.56,35366.75,6945.58,20922.39,5928.47,89089.5
Tonsillectomy,51,2,2,general,1,3820.98,24323.53,3009.85,8170.67,3829.71,40604.02
Tonsillectomy,23,1,2,suite,2,17702.0,51480.98,8230.14,7202.1,5911.73,90371.14
Dengue Inpatient Care,23,1,1,general,4,28264.89,0.0,23487.73,16298.91,13978.21,96695.91
Hysterectomy,61,3,2,suite,4,28957.63,65426.47,14490.91,20014.52,8624.7,151398.33
Hernia Repair,53,2,3,twin,2,7702.13,26781.2,4465.77,11210.3,4404.04,55703.18
Caesarean Section,35,1,3,twin,2,13983.44,58024.42,9247.63,17591.81,9860.09,110058.16
Kidney Stone Lithotripsy,38,1,1,single,2,23713.13,74073.57,10627.7,14085.09,8899.53,123827.71
Hernia Repair,33,1,2,single,2,16876.6,57735.63,8698.07,15370.83,8132.41,94057.36
Cholecystectomy,73,2,2,twin,5,33048.98,55901.48,22070.98,21088.17,10701.5,154439.25
Cholecystectomy,61,1,2,suite,2,23468.68,83964.82,9621.07,17498.89,9325.57,158520.09
Coronary Artery Bypass Graft (CABG),75,1,2,twin,9,137151.22,311047.08,132009.67,115878.8,67902.16,804837.44
Total Hip Replacement,45,2,1,single,4,51675.09,205112.71,33286.81,142852.17,29226.65,447287.98
Tonsillectomy,74,1,1,twin,2,17911.05,56107.71,13526.52,9821.07,6922.23,119872.04
Cholecystectomy,25,1,1,single,3,33913.47,87576.34,16838.56,21188.56,14352.5,178892.08
Total Knee Replacement,40,2,3,suite,5,40791.16,111782.49,21638.94,69922.89,18560.96,255128.21
Normal Delivery,57,1,1,suite,2,23226.63,48490.52,13146.85,9947.83,8277.76,103878.27
Hernia Repair,68,2,2,general,4,18090.73,35035.19,15508.41,16478.73,7094.82,112952.4
Coronary Angioplasty,40,1,2,twin,4,50683.25,149907.95,40146.69,88014.85,27255.59,298418.53
Appendectomy,21,2,1,single,4,32113.75,59294.66,16561.6,18889.56,9796.97,136695.02
Cholecystectomy,60,3,1,twin,3,19139.83,51855.15,11796.57,21518.45,9426.63,106837.43
Cataract Surgery,64,3,1,twin,1,4676.47,24711.69,2935.34,15985.47,3788.44,51157.62
Tonsillectomy,46,2,3,single,2,8572.66,23735.3,4603.95,6136.26,3405.58,46178.78
Dengue Inpatient Care,82,3,2,general,7,25927.0,0.0,29788.33,16777.51,9744.12,68879.04
Hysterectomy,50,2,2,general,4,22676.13,53252.72,16676.98,21401.23,12615.87,125974.44
Hernia Repair,33,3,1,twin,2,10255.8,34342.49,5832.92,18984.95,5221.45,87511.19
Dengue Inpatient Care,44,1,2,single,4,32395.87,0.0,19724.55,14304.53,13847.6,91616.45
Kidney Stone Lithotripsy,78,3,1,twin,4,21686.09,39354.25,14872.67,17238.95,6031.09,115519.53
Hernia Repair,68,3,3,twin,4,13392.54,21337.1,9435.11,13665.41,3942.51,67592.55
Total Knee Replacement,28,2,3,twin,7,39677.75,92413.38,29996.33,80729.2,18574.59,276091.57
Caesarean Section,49,1,2,general,3,22999.76,65526.62,17637.2,17718.67,13317.47,125168.37
Normal Delivery,73,3,3,general,5,13759.85,13223.94,14597.31,7248.91,3896.44,44127.03
Total Hip Replacement,81,3,2,single,9,67440.53,128891.15,49471.77,151425.36,24228.78,522807.15
Normal Delivery,56,1,1,twin,3,24999.14,38731.38,20875.19,11637.37,10113.75,97598.83
Cataract Surgery,51,3,2,suite,1,5026.5,23767.32,2068.29,13210.37,2810.33,38702.12
Cataract Surgery,71,3,1,twin,2,7785.09,23519.62,5681.62,16435.2,3491.45,58405.23
Hysterectomy,72,1,1,single,5,58034.22,104076.62,43303.69,26958.66,18878.4,279341.85
Coronary Angioplasty,50,2,3,twin,2,13014.34,72200.86,10144.95,66883.02,12907.69,162781.29
Tonsillectomy,60,2,1,general,2,10041.54,30722.58,6772.72,8464.34,5158.69,68285.49
Cholecystectomy,78,3,2,single,5,27089.84,41910.81,17488.74,20238.95,7176.15,76049.97
Total Hip Replacement,30,3,1,single,3,28959.0,171440.32,18091.32,132302.38,20297.78,349071.42
Caesarean Section,20,3,2,single,4,24119.9,46206.97,15238.21,18332.44,9303.83,118628.78
Kidney Stone Lithotripsy,33,1,2,general,2,14359.77,53420.53,9513.06,12543.17,7312.07,105497.46
Normal Delivery,45,2,2,twin,2,10290.75,22958.82,8029.94,8621.8,4985.45,58626.35
Total Hip Replacement,60,1,2,twin,8,92966.16,195153.91,67166.85,128333.0,38622.31,463221.43
Normal Delivery,78,1,3,twin,5,29945.37,25270.99,26968.37,8710.47,8147.18,109612.66
Total Knee Replacement,20,2,2,twin,4,30453.28,137477.02,21367.67,112703.7,22515.0,305495.94
Total Hip Replacement,19,2,1,twin,7,69130.53,198051.69,53166.8,126179.55,35316.42,502392.46
Caesarean Section,23,3,1,twin,5,31555.22,52982.12,22560.24,22954.6,11676.03,160230.86
Cataract Surgery,55,1,1,general,1,6377.84,39805.38,4987.36,16298.51,5929.98,78026.24
Hysterectomy,38,1,1,general,5,49464.78,98604.0,39135.39,30928.9,23509.89,235188.17
Kidney Stone Lithotripsy,82,1,1,general,4,36276.01,68479.66,31323.26,19291.2,10146.58,138181.42
Total Hip Replacement,58,1,1,suite,7,142318.47,308164.24,69430.24,140293.24,49537.83,648157.07
Total Knee Replacement,70,2,2,twin,5,34899.88,122646.27,27238.9,104991.15,19911.5,257138.04
Hysterectomy,41,2,1,twin,4,32274.1,74955.42,23828.77,28321.01,13537.66,181676.57
Dengue Inpatient Care,23,3,2,single,3,13541.4,0.0,9410.24,11993.05,6581.45,39491.81
Cataract Surgery,46,1,2,general,1,5074.87,30374.73,3473.18,12556.67,4371.73,45319.5
Cataract Surgery,20,3,2,twin,1,3355.14,21996.52,2027.56,13985.39,3074.01,40393.13
Kidney Stone Lithotripsy,79,2,2,single,4,25358.52,45055.33,16635.13,14864.1,6205.75,105428.76
Cataract Surgery,49,3,3,single,1,3159.28,16620.74,1827.36,10732.96,2441.86,32990.54
Tonsillectomy,70,3,2,general,3,10288.43,23553.89,8786.12,7777.63,4146.3,54812.03
Dengue Inpatient Care,42,3,3,general,6,15985.32,0.0,13501.31,10081.37,6980.62,46277.97
Total Hip Replacement,50,3,1,single,7,69021.13,168192.54,42822.5,144409.6,28245.57,429528.66
Typhoid Inpatient Care,68,1,1,suite,6,61307.62,0.0,37065.03,19647.47,14962.89,161175.03
Kidney Stone Lithotripsy,78,3,2,twin,4,18417.57,33953.91,13351.1,15079.29,4685.93,82545.93
Cataract Surgery,21,3,2,single,1,4483.82,25713.25,2477.74,14870.79,3297.31,49288.39
Dengue Inpatient Care,56,2,1,general,5,29130.14,0.0,24513.47,16154.0,13661.41,80675.05
Coronary Artery Bypass Graft (CABG),71,1,2,twin,10,140412.86,278877.22,121668.02,100331.35,59009.38,643151.23
Cholecystectomy,37,3,2,twin,5,26139.23,39819.2,17507.64,19041.21,8749.0,117391.62
Cataract Surgery,53,1,1,general,1,6910.53,44673.31,4904.68,15341.59,6649.13,78690.73
Appendectomy,59,3,2,suite,3,19384.12,42198.06,7501.27,16720.02,5977.66,87581.2
Cholecystectomy,56,1,2,single,4,37593.15,71778.4,19574.87,16924.56,12016.46,155792.18
Normal Delivery,40,1,2,suite,2,19713.61,38367.69,10026.9,8758.54,7445.13,77067.35
Dengue Inpatient Care,28,3,2,general,4,14697.68,0.0,12742.15,14544.15,8046.97,51980.21
Tonsillectomy,33,1,3,twin,2,10313.12,32415.94,5941.73,6319.88,4114.16,54793.43
Appendectomy,74,1,2,general,4,28300.86,58817.37,20229.59,18031.25,10544.68,125122.45
Total Hip Replacement,41,1,1,twin,6,81942.18,241352.92,63374.82,148626.22,43959.0,602570.19
Coronary Angioplasty,36,3,2,single,3,25569.06,94094.91,15438.32,91294.34,15066.54,254166.89
Coronary Artery Bypass Graft (CABG),41,3,1,twin,10,113384.06,219300.92,74320.53,104543.62,43021.76,585920.62
Tonsillectomy,50,1,1,twin,1,7503.45,47677.99,4998.42,9680.49,6343.15,70307.07
Coronary Artery Bypass Graft (CABG),27,1,2,twin,10,154588.31,274040.02,120089.21,96918.65,69429.23,702669.67
Kidney Stone Lithotripsy,41,3,2,single,2,9596.86,35334.93,4657.64,11543.46,4230.53,61895.33
Hysterectomy,43,3,2,general,5,22590.38,42364.89,16730.57,22380.6,9345.18,112192.05
Hernia Repair,45,2,1,twin,4,23533.6,46563.57,15390.03,16986.94,7727.69,93806.26
Coronary Angioplasty,19,2,2,twin,3,28302.07,107537.05,20264.01,83941.32,19177.07,283331.02
Dengue Inpatient Care,53,1,2,single,4,31699.09,0.0,22511.87,12980.89,12548.86,83822.75
Coronary Angioplasty,79,3,1,suite,2,24372.17,120617.67,14914.29,121416.96,14708.48,233357.5
Tonsillectomy,38,2,1,general,2,9918.72,33823.91,7857.09,8953.47,4783.94,69939.59
Caesarean Section,25,1,2,twin,4,38904.84,74002.04,25360.66,20349.51,15319.22,175043.43
Dengue Inpatient Care,43,2,2,twin,3,15320.38,0.0,10951.05,12894.03,9028.36,40659.34
Kidney Stone Lithotripsy,67,1,2,twin,3,22730.99,54975.8,13645.06,11841.4,7340.61,96277.16
Caesarean Section,39,2,2,general,4,24390.81,53008.56,18649.13,20069.86,12044.53,143857.41
Kidney Stone Lithotripsy,20,2,2,single,2,14193.07,45901.5,6756.58,13258.34,5858.46,78429.02
Coronary Angioplasty,71,1,2,single,4,55883.46,138273.32,42757.87,85299.46,25765.9,358764.23
Total Knee Replacement,52,2,2,single,4,34466.71,135452.92,21488.3,111322.07,20182.47,278122.56
Appendectomy,49,3,2,single,3,14829.62,36697.43,7859.7,15908.11,5535.57,65861.31
Cataract Surgery,52,2,1,single,1,6351.66,36862.63,3201.51,16183.25,4754.32,70044.26
Coronary Angioplasty,49,1,1,twin,3,44807.93,180335.49,33347.86,94314.3,27698.71,386208.58
Kidney Stone Lithotripsy,55,2,1,twin,2,14628.75,57866.94,8000.26,13946.04,6295.8,100150.45
Dengue Inpatient Care,29,3,1,twin,4,18249.38,0.0,14037.67,16901.11,9361.12,52651.92
Kidney Stone Lithotripsy,26,2,2,twin,2,11228.36,39344.95,6432.72,10950.79,5828.99,79746.06
Tonsillectomy,65,3,2,suite,2,11798.27,30030.43,5593.49,8437.6,3203.26,62711.64
Total Hip Replacement,78,1,1,twin,6,81904.92,248090.97,73178.92,168229.51,47093.88,749955.14
Tonsillectomy,78,3,2,twin,4,14498.14,22765.63,11786.56,9185.31,3495.93,65096.9
Tonsillectomy,42,1,2,general,2,11772.53,37845.82,8858.68,7084.67,5824.67,73544.58
Cholecystectomy,22,1,3,general,4,22852.13,49756.85,16150.06,13303.4,10571.51,111207.99
Cholecystectomy,41,2,2,suite,3,25616.74,55817.32,11929.43,15680.62,7771.56,101659.92
Total Hip Replacement,32,2,2,general,6,45748.37,140321.91,36657.2,121529.26,28537.39,318484.99
Appendectomy,44,3,1,single,4,26158.03,47180.47,13706.75,21595.63,7870.83,117942.71
Cataract Surgery,65,3,2,general,1,2979.86,17508.41,2307.55,13134.5,2937.16,41117.24
Tonsillectomy,66,1,1,twin,3,24246.08,50960.38,16043.07,8774.56,7740.76,114092.36
Coronary Artery Bypass Graft (CABG),43,3,1,twin,8,93765.5,209022.87,60307.29,103437.15,40305.62,516202.76
Cholecystectomy,25,2,2,twin,1,6365.43,47989.53,4175.86,18603.42,7399.38,85905.85
Caesarean Section,78,1,1,general,4,36705.44,91524.44,34693.58,25616.67,18040.55,180172.31
Typhoid Inpatient Care,20,1,1,general,5,32789.68,0.0,27672.78,16780.15,14783.32,104038.21
Total Hip Replacement,21,2,3,general,8,43755.12,113709.04,41028.34,80869.31,24384.15,299176.9
Hernia Repair,75,2,1,single,5,36723.57,52975.52,21916.31,21407.04,8526.07,139081.4
Total Knee Replacement,36,1,1,twin,6,74544.44,202747.0,58672.08,134237.63,42445.61,492127.07
Cataract Surgery,30,1,3,twin,2,8882.24,28828.07,5612.92,10763.97,3876.59,48264.63
Normal Delivery,52,1,3,twin,2,11363.0,25382.72,8546.23,6985.98,6062.1,58871.7
Cataract Surgery,43,2,2,twin,1,3990.37,24363.14,2444.55,11776.09,3500.1,41748.72
Caesarean Section,44,1,2,twin,3,28179.32,76666.4,19755.77,20278.58,14841.19,171055.05
Normal Delivery,21,1,1,single,3,31617.61,43611.34,20713.29,11533.32,8920.94,118816.32
Coronary Angioplasty,20,2,1,twin,3,30447.9,128655.03,23134.0,90156.47,19077.35,293993.76
Normal Delivery,54,3,2,twin,3,12042.88,18122.4,9215.9,8307.11,4375.68,48324.56
Kidney Stone Lithotripsy,66,1,1,twin,3,29836.72,65353.13,17250.27,15926.11,8762.22,151905.2
Hysterectomy,75,2,2,twin,7,42361.27,60375.72,36179.92,26260.24,14098.82,177489.1
Coronary Artery Bypass Graft (CABG),52,1,3,twin,8,103538.42,244316.58,70383.07,76437.57,49007.08,546083.84
Kidney Stone Lithotripsy,67,2,1,general,3,18827.54,48725.46,13949.51,16049.95,6477.61,84011.97
Tonsillectomy,59,2,1,single,1,6757.73,37594.14,3421.38,10240.85,4108.81,71859.08
Coronary Angioplasty,42,1,1,twin,4,62908.65,166844.45,43230.25,93102.83,30143.15,402327.8
Hernia Repair,41,1,2,general,3,18260.39,48904.4,12081.01,13738.26,8834.66,95918.3
Total Knee Replacement,31,3,2,twin,6,37146.61,107475.15,26181.69,94464.0,19475.85,249089.09
Hernia Repair,49,2,2,general,3,13518.08,33743.92,8930.18,16321.86,6527.17,70898.08
Dengue Inpatient Care,70,1,3,single,4,23805.33,0.0,16850.44,10713.19,9165.6,57598.72
Hysterectomy,41,2,3,twin,5,24405.0,43535.46,15441.59,19027.44,9721.0,111320.52
Coronary Artery Bypass Graft (CABG),56,2,1,single,8,134048.49,278044.91,85618.34,121623.74,55683.25,564853.4
Kidney Stone Lithotripsy,48,3,1,single,2,13325.21,46081.31,6402.35,15011.79,4676.02,91341.82
Tonsillectomy,31,2,3,single,2,9216.96,26853.54,4883.69,5715.92,3473.98,61242.8
Tonsillectomy,68,3,2,single,3,13965.59,29256.57,8337.28,9454.12,3868.38,58676.54
Normal Delivery,75,3,3,single,3,12117.54,17100.98,8992.9,7680.18,3790.45,35023.09
Dengue Inpatient Care,30,2,2,single,6,37841.71,0.0,22790.97,13678.98,11547.02,82616.21
Total Hip Replacement,33,2,3,twin,7,45700.37,110668.47,37038.59,91593.06,22558.94,272178.18
Coronary Angioplasty,50,2,2,general,4,34193.23,99493.96,27567.94,89449.5,18001.63,285977.15
Normal Delivery,47,2,2,general,2,8770.64,20822.43,8169.52,8981.05,5648.58,48214.03
Typhoid Inpatient Care,22,1,2,general,5,26973.26,0.0,23797.93,15398.4,11226.56,84936.15
Hysterectomy,47,2,1,general,2,13690.45,72681.19,11645.15,27893.94,11829.72,141101.88
Hysterectomy,41,2,1,single,7,67075.85,84063.51,39625.69,27751.96,18055.91,211340.71
Caesarean Section,23,3,2,general,5,23451.08,40254.41,19339.6,20413.69,8639.15,123517.27
Normal Delivery,61,2,2,general,4,18410.28,20566.45,15205.15,7876.95,6106.5,72184.65
Caesarean Section,68,1,2,general,4,30458.64,70192.48,26339.69,21326.03,13945.78,167097.79
Hernia Repair,51,2,2,twin,2,9996.17,33068.92,5972.34,15852.49,5765.16,76008.84
Appendectomy,69,1,2,general,5,35333.36,58454.37,24257.53,18060.38,11668.17,149901.55
Caesarean Section,26,1,2,twin,3,25326.84,67727.25,18871.68,19842.83,13227.4,152918.12
Hernia Repair,57,2,2,suite,2,14150.89,45393.15,6798.85,13457.83,5837.7,90869.07
Hernia Repair,46,1,2,twin,2,14162.69,53203.18,9190.38,15119.61,7448.11,106338.4
Caesarean Section,69,1,2,twin,6,52591.8,75951.94,42955.14,20361.96,17945.33,235952.85
Coronary Angioplasty,59,2,2,twin,5,41868.77,88602.52,31064.46,73461.66,18167.65,275347.36
Cholecystectomy,68,3,2,twin,5,23101.79,38609.72,16042.6,18793.76,7990.27,102734.28
Total Hip Replacement,28,2,2,twin,6,52213.85,162675.29,34599.35,123618.21,24958.93,428170.24
Total Knee Replacement,36,3,2,single,5,38253.63,126489.94,24996.5,98023.33,19277.16,302403.27
Kidney Stone Lithotripsy,71,2,2,suite,4,33589.1,53567.11,14750.73,13114.59,6562.66,113530.48
Cholecystectomy,19,2,1,twin,4,31106.47,68430.41,19179.87,21835.1,11534.5,157028.1
Coronary Angioplasty,81,3,3,single,5,31601.38,65564.28,22292.74,76659.5,10621.06,165843.49
Total Hip Replacement,41,1,2,twin,6,70316.92,191608.17,53359.18,110758.98,37409.64,394730.72
Total Knee Replacement,30,2,2,general,4,24171.22,112444.34,20525.12,106044.27,21998.25,218871.75
Cataract Surgery,25,3,2,general,1,2993.41,19527.1,1954.32,13448.57,2778.51,47782.25
Total Hip Replacement,75,1,1,twin,8,110235.22,245268.52,103986.06,159215.32,54990.86,660919.26
Cholecystectomy,23,2,1,suite,4,38803.69,74359.88,16628.38,19810.21,10789.25,168045.1
Kidney Stone Lithotripsy,45,2,1,twin,2,13406.07,46920.9,8315.69,14193.93,6063.27,86816.88
Hysterectomy,37,3,2,twin,6,29816.27,51773.0,20115.62,23004.24,9711.11,128456.84
Coronary Angioplasty,78,2,2,suite,8,106133.82,124158.37,62381.27,94411.22,22417.3,399051.75
Normal Delivery,48,3,2,twin,2,8428.84,19159.94,6415.91,8810.15,4687.56,45851.99
Caesarean Section,45,2,2,twin,5,29770.13,46309.8,19478.45,18774.4,10184.44,125001.13
Dengue Inpatient Care,48,1,1,general,3,24425.72,0.0,21152.35,17876.51,17431.99,90308.61
Coronary Angioplasty,55,2,2,twin,2,18566.53,109524.07,13894.41,76447.55,16624.61,258583.35
Appendectomy,51,1,1,single,2,23443.78,87761.9,10947.41,20265.99,12302.99,159001.93
Hysterectomy,36,2,2,twin,5,30898.71,60608.45,22929.88,19403.69,12835.21,146736.41
Coronary Angioplasty,38,1,2,twin,4,44660.9,142095.2,36237.0,85566.29,26625.0,344234.3
Appendectomy,55,2,2,suite,1,8630.36,56616.16,3275.3,16148.63,6346.02,91640.84
Appendectomy,24,1,1,suite,4,54476.05,98984.56,22360.3,20668.05,13693.68,214285.29
Normal Delivery,61,1,3,general,3,14968.56,25472.41,12745.11,7134.86,6679.92,69644.38
Cholecystectomy,27,1,1,single,4,47415.7,89043.13,26527.11,22554.25,14833.95,200875.18
Total Hip Replacement,64,1,1,general,7,86140.35,226892.27,76568.1,129703.23,50498.27,539056.52
Coronary Angioplasty,50,2,2,twin,1,9790.36,106014.94,6923.48,90530.04,17314.07,238917.48
Hernia Repair,60,2,2,general,3,14687.07,38650.1,10710.62,16697.97,6870.41,80878.34
Cholecystectomy,44,2,3,general,5,21944.89,36715.29,14669.26,13238.93,7777.04,90270.09
Caesarean Section,63,1,3,general,5,27812.03,52870.13,22356.24,15614.81,11869.86,132719.92
Kidney Stone Lithotripsy,19,2,2,twin,1,5418.86,44305.1,3407.09,12554.3,5105.65,61654.17
Cholecystectomy,41,3,1,twin,4,23931.77,50688.79,14237.99,21044.62,9025.0,126868.01
Tonsillectomy,72,2,3,twin,3,10104.64,21560.09,7741.41,6673.79,3295.74,49340.06
Tonsillectomy,66,2,2,general,3,13538.96,26697.96,10012.81,8082.92,5138.3,67596.39
Caesarean Section,20,1,2,twin,3,27660.92,73618.91,19855.35,19679.8,15278.7,167393.97
Cataract Surgery,49,1,2,suite,1,8728.67,46638.47,3545.05,12394.17,5265.53,71221.25
Caesarean Section,22,1,3,general,5,32597.99,53527.06,27151.63,14392.46,11994.94,137565.81
Typhoid Inpatient Care,64,2,3,twin,4,15191.94,0.0,10589.98,13420.42,6645.81,46903.39
Hernia Repair,38,1,1,general,3,22993.68,59225.38,18063.14,17264.07,10300.15,121839.86
Cholecystectomy,46,1,2,single,3,29520.3,74183.22,15501.54,17065.51,12746.93,143433.59
Total Hip Replacement,82,1,2,single,8,109434.74,220615.08,81095.78,131685.15,43023.75,612693.98
Appendectomy,40,1,3,twin,3,18260.5,47542.64,10118.78,12168.19,7091.18,90361.65
Hysterectomy,44,1,2,single,5,49745.48,90474.3,29403.52,20560.58,17102.04,195248.55
Coronary Angioplasty,60,2,3,single,4,33831.01,89711.66,20659.64,60873.87,15554.19,221624.64
Normal Delivery,33,1,1,suite,3,35246.69,48434.48,20258.63,10607.86,8675.43,125022.08
Appendectomy,60,1,1,general,2,16606.54,65982.39,11372.71,18139.37,9665.48,135839.22
Normal Delivery,42,2,2,general,2,8837.17,21092.96,8047.05,8693.8,5599.87,54328.75
Kidney Stone Lithotripsy,69,1,2,single,4,38036.37,61019.16,21569.67,13833.7,9594.72,123092.46
Typhoid Inpatient Care,54,1,3,twin,5,25024.68,0.0,17318.63,12414.85,9531.78,68338.76
Cholecystectomy,82,1,2,single,4,39056.98,72358.56,27556.96,21465.39,12772.48,184595.12
Typhoid Inpatient Care,53,2,2,single,6,31738.04,0.0,20235.86,14343.59,8137.56,73203.92
Dengue Inpatient Care,19,1,2,twin,4,29630.23,0.0,23203.77,12412.39,14213.05,82605.11
Coronary Artery Bypass Graft (CABG),64,3,3,twin,5,35620.1,128815.35,24762.39,77180.99,22034.4,272666.26
Kidney Stone Lithotripsy,68,2,1,suite,3,31041.2,60459.65,13995.96,15864.03,6929.93,127540.1
Total Hip Replacement,38,1,3,twin,5,46169.43,151564.49,32772.2,101961.62,26325.6,365470.7
Dengue Inpatient Care,20,2,1,general,6,28551.97,0.0,26112.62,14289.8,11299.25,86340.64
Hernia Repair,73,1,3,general,3,15741.77,41541.81,12018.17,13495.19,6966.4,76836.26
Cholecystectomy,18,2,2,single,4,28933.08,56725.34,16385.33,17321.75,9900.47,115247.05
Normal Delivery,50,1,2,single,1,8336.95,35063.75,5621.48,9084.56,6350.33,63993.82
Coronary Angioplasty,77,2,1,general,5,46055.24,112041.58,48398.04,124637.2,26055.52,350795.64
Coronary Angioplasty,46,1,2,twin,3,33157.14,123885.74,25961.7,86317.16,23521.93,304657.96
Appendectomy,67,3,2,suite,4,27585.55,41889.32,10803.99,16737.55,5734.35,101708.75
Coronary Angioplasty,25,3,1,general,4,27725.14,84294.75,25142.41,89917.18,17858.73,262114.64
Cataract Surgery,58,3,3,twin,1,2672.76,14937.7,1689.58,11071.05,1985.85,36371.16
Cataract Surgery,36,1,2,twin,1,6334.32,35600.05,3698.39,13924.62,5084.32,69374.98
Cholecystectomy,74,2,1,general,3,18941.5,57526.09,16037.75,23623.33,11118.08,132862.8
Typhoid Inpatient Care,55,2,1,twin,5,26821.12,0.0,20964.73,18228.09,9389.37,71193.26
Caesarean Section,53,2,1,single,5,49951.92,80681.04,29099.95,22402.82,16070.56,202769.93
Appendectomy,39,2,1,general,5,33281.94,52847.76,20816.56,19206.74,10750.98,116999.04
Total Hip Replacement,37,1,2,twin,4,40865.99,196475.82,31893.25,115868.01,30146.05,393911.58
Cataract Surgery,18,1,1,general,1,6921.94,45164.99,4695.55,15238.35,6670.46,79490.76
Coronary Artery Bypass Graft (CABG),48,1,3,single,7,94571.15,260666.51,58398.51,77038.16,40421.94,494706.8
Tonsillectomy,45,3,3,single,2,6815.13,19255.82,4088.57,6271.3,2584.4,39248.36
Hysterectomy,47,2,3,single,4,23628.1,54816.78,13454.1,17516.75,8285.88,120902.19
Cholecystectomy,49,2,1,twin,3,23029.64,62830.27,13817.0,21513.18,9503.52,127097.47
Total Knee Replacement,52,1,1,general,5,57320.98,201444.95,49270.43,141599.08,40818.52,447292.51
Hernia Repair,26,2,2,twin,2,10617.95,38224.81,6264.62,15190.25,6002.7,68173.85
Dengue Inpatient Care,61,2,1,suite,4,36655.9,0.0,20374.03,18061.23,12099.77,100431.39
Total Hip Replacement,66,2,3,twin,6,35291.55,111507.0,27929.76,90474.06,18328.53,228899.08
Coronary Angioplasty,24,3,2,suite,3,31832.33,112824.95,16445.21,84988.6,16076.9,253920.64
Total Hip Replacement,29,1,1,twin,6,93167.06,267210.07,62695.43,141770.13,44697.32,681649.19
Tonsillectomy,53,2,2,single,1,5594.16,31059.94,2949.84,7563.67,3775.92,45421.7
Coronary Angioplasty,19,2,2,single,5,56774.88,110190.81,36957.08,91637.21,22636.82,328190.79
Tonsillectomy,34,2,3,suite,1,5126.7,27049.13,2212.54,5862.18,3238.97,36802.25
Total Knee Replacement,60,2,2,single,5,46215.12,135947.74,26113.04,100260.02,23356.12,330829.83
Cataract Surgery,44,3,2,twin,2,7438.64,21005.25,4195.2,12416.03,3239.85,50921.61
Normal Delivery,35,2,2,general,2,8989.54,21587.95,7366.94,8177.64,5123.42,49687.7
Dengue Inpatient Care,72,1,2,general,5,31497.98,0.0,30715.68,13829.02,13217.76,96717.73
Hysterectomy,54,1,1,twin,4,45386.09,112855.47,34854.89,26479.54,21724.91,245983.73
Normal Delivery,34,3,1,single,2,11298.5,24014.15,7098.74,11537.6,4709.37,56603.77
Total Hip Replacement,68,1,3,suite,7,89938.03,187536.51,46222.07,98529.43,29440.8,499463.95
Normal Delivery,55,2,3,twin,1,3830.36,17302.47,3227.25,7659.74,4045.91,32722.76
Dengue Inpatient Care,76,2,1,general,4,21225.98,0.0,24513.04,19310.55,12368.58,74868.1
Tonsillectomy,81,1,1,general,3,20113.95,41012.67,20098.04,10616.13,7329.18,78029.19
Hysterectomy,36,1,2,single,3,29694.63,90329.6,17651.3,19642.24,13955.76,155148.16
Cataract Surgery,60,1,2,suite,1,8961.13,45835.45,3669.52,13795.27,5063.35,85850.86
Total Hip Replacement,28,1,2,twin,6,67342.69,218930.6,49275.18,113566.49,34821.53,476637.12
Tonsillectomy,71,2,2,general,3,12029.23,25242.88,9596.44,8253.78,4517.3,57998.66
Tonsillectomy,50,1,1,single,2,19516.22,55077.86,10090.55,9029.8,7323.09,97013.23
Cholecystectomy,81,1,3,twin,4,27866.9,54085.42,20186.58,17309.32,10614.75,105898.23
Total Knee Replacement,21,1,1,general,7,77045.42,225130.45,72070.89,115663.57,42182.17,511708.61
Normal Delivery,73,2,1,single,4,28966.86,34851.93,20999.01,11739.83,7296.51,115376.39
Hernia Repair,18,1,1,single,2,22575.28,79016.93,12002.2,17815.2,10645.8,153198.85
Total Hip Replacement,57,1,3,suite,5,59584.13,190341.37,29506.74,79978.9,25664.63,348254.0
Typhoid Inpatient Care,70,2,2,twin,7,30776.42,0.0,25901.4,17919.72,9451.98,62152.38
Typhoid Inpatient Care,24,2,2,twin,6,27567.54,0.0,19579.4,15656.69,9009.09,78233.23
Tonsillectomy,64,3,1,single,3,17612.4,30591.59,9690.83,9788.04,5099.68,78001.34
Cataract Surgery,27,3,2,twin,1,3810.71,21198.09,2324.19,13916.52,3318.58,44630.49
Coronary Artery Bypass Graft (CABG),63,1,1,general,9,136373.99,324202.8,114883.05,110817.03,80420.88,838999.94
Coronary Angioplasty,45,2,1,twin,3,30392.05,129498.24,24725.21,101750.58,22119.26,255783.44
Coronary Angioplasty,62,2,1,single,2,26082.15,136202.39,16622.56,111527.04,20808.18,311496.78
Typhoid Inpatient Care,42,2,2,twin,4,17232.28,0.0,12037.57,15000.0,6933.08,48718.24
Kidney Stone Lithotripsy,38,1,2,general,2,13403.13,57032.67,9640.43,12019.69,7328.59,98091.7
Kidney Stone Lithotripsy,54,1,1,single,2,22484.72,78011.93,11489.59,13067.8,8563.92,132656.81
Hysterectomy,37,1,2,single,2,20029.09,97289.6,12088.35,21545.66,15038.4,147255.86
Typhoid Inpatient Care,52,1,3,twin,5,25075.69,0.0,17700.52,10821.06,9412.45,62957.36
Tonsillectomy,26,2,1,single,2,13932.06,39833.58,7446.65,10302.78,5006.25,78698.25
Hysterectomy,42,1,2,general,5,43236.81,89767.31,33333.71,23904.79,18471.08,231607.28
Dengue Inpatient Care,48,1,2,suite,7,78243.38,0.0,38008.06,12658.33,17264.95,135378.49
Hysterectomy,49,3,2,general,6,27082.0,49777.5,20370.63,23111.25,10332.7,116290.92
Cataract Surgery,32,2,1,general,1,4566.3,29392.77,3313.41,14841.19,4131.12,57970.54
Coronary Angioplasty,34,1,3,single,3,36832.7,128023.6,23703.73,61159.58,19740.97,263251.69
Typhoid Inpatient Care,65,2,2,twin,4,17920.43,0.0,13687.81,15262.3,8079.95,57128.32
Cataract Surgery,69,3,2,twin,3,10508.9,19851.5,7427.97,14593.39,3142.41,46442.42
Normal Delivery,51,3,3,single,3,10984.31,17004.06,7330.28,7210.62,3584.47,45742.54
Appendectomy,43,1,1,single,2,24294.79,84483.34,11392.22,19142.53,10440.1,146408.33
Typhoid Inpatient Care,46,2,2,general,5,19945.63,0.0,18045.75,17356.31,7900.76,68481.39
Tonsillectomy,28,1,2,single,2,15719.41,43815.33,8922.2,8394.74,5930.4,88177.84
Tonsillectomy,37,3,3,twin,2,5459.96,17199.33,3935.48,5775.26,2663.04,36070.11
Tonsillectomy,55,3,2,twin,2,7714.46,25457.36,4850.64,8224.71,3546.85,44074.83
Caesarean Section,78,2,2,single,6,42278.77,55859.4,32994.66,23729.95,11264.98,164323.78
Appendectomy,18,2,3,twin,4,17537.89,35192.1,10440.0,12576.31,6210.97,82879.26
Cholecystectomy,58,2,3,twin,3,12872.74,34343.06,8843.93,13669.51,6650.38,74139.07
Cataract Surgery,58,3,1,general,1,3754.98,22492.64,2672.8,15811.23,3774.69,46705.06
Kidney Stone Lithotripsy,59,2,3,twin,2,8966.13,30271.61,5021.72,9375.66,4293.68,57481.31
Dengue Inpatient Care,64,3,2,general,5,18218.5,0.0,16612.23,15069.52,7488.64,50057.94
Caesarean Section,77,2,2,single,6,47254.19,61236.29,33357.05,23479.51,12805.5,139177.09
Total Knee Replacement,59,3,1,twin,5,40135.07,133248.69,27225.24,131440.56,22352.68,361551.84
Total Hip Replacement,50,2,2,general,7,53052.03,139300.88,43117.64,111346.2,29633.42,395093.98
Caesarean Section,55,3,1,twin,3,20560.51,59380.54,14393.49,23907.54,9624.59,127632.84
Total Knee Replacement,49,1,1,single,5,77460.35,254914.48,48279.77,121974.72,42960.98,484904.49
Total Knee Replacement,57,1,2,single,6,80753.3,222785.84,50830.52,110765.78,40078.4,455900.61
Appendectomy,43,2,1,single,4,31741.83,54963.61,14734.42,19429.57,8901.83,134340.86
Appendectomy,64,3,3,twin,3,10304.61,27956.04,6089.93,12209.61,3830.73,55388.91
Normal Delivery,62,1,2,single,3,24623.73,36030.48,16141.81,8703.2,8272.91,83258.55
Coronary Artery Bypass Graft (CABG),33,1,2,twin,10,160605.21,301718.37,115031.46,90070.81,70894.16,769480.49
Normal Delivery,67,1,3,twin,5,26846.32,26023.77,21642.24,6985.44,6904.46,96371.99
Kidney Stone Lithotripsy,63,2,2,general,2,9233.8,37213.16,6720.17,12989.15,4532.37,70843.87
Cholecystectomy,25,3,1,single,3,21171.78,55115.26,11515.49,21087.81,8519.19,121074.71
Normal Delivery,54,3,3,general,3,8716.83,13889.28,7463.34,7714.46,3594.05,39738.45
Caesarean Section,61,2,1,single,5,47157.29,71506.69,28922.43,27268.31,15129.47,180202.73
Cataract Surgery,75,3,2,general,3,9124.97,18292.72,7227.42,15057.73,3047.21,54641.14
Cholecystectomy,50,1,2,single,4,43370.04,76691.32,21747.09,18417.15,15174.27,211042.56
Caesarean Section,29,2,1,general,4,27787.25,59159.35,21411.46,25130.46,14327.37,132565.45
Hernia Repair,43,2,3,general,2,7838.67,28042.88,5479.39,11499.07,5072.84,58607.29
Coronary Angioplasty,72,1,2,suite,4,71033.01,158074.82,41554.53,93032.97,24206.78,345716.92
Coronary Artery Bypass Graft (CABG),62,1,2,single,10,190827.05,328550.38,120351.81,94818.71,70062.65,798033.25
Hernia Repair,72,3,2,twin,3,13753.66,30476.3,10035.37,17048.93,5688.49,72283.78
Tonsillectomy,68,3,2,twin,4,16487.02,27536.38,12434.05,8078.97,4598.41,68938.31
Cholecystectomy,47,1,2,general,3,21921.84,58555.25,15242.32,19186.16,12775.19,129783.08
Dengue Inpatient Care,26,3,1,general,4,17198.04,0.0,15784.36,16292.44,8941.13,64171.73
Caesarean Section,23,1,1,single,4,53821.98,109395.51,32299.55,26600.45,20385.86,252361.55
Hernia Repair,60,2,3,general,3,11571.15,29803.4,8105.64,11768.85,5642.1,67421.87
Kidney Stone Lithotripsy,79,3,2,twin,4,17999.38,34432.5,12925.16,12683.06,4626.44,71999.56
Cholecystectomy,69,2,1,twin,4,31840.39,62903.36,23230.14,24299.6,11424.68,170227.31
Caesarean Section,77,1,2,single,6,64545.89,84198.76,43447.73,21303.56,16818.93,197870.81
Total Hip Replacement,22,1,2,twin,5,53422.93,203630.43,39098.68,103553.82,33369.73,400002.8
Hernia Repair,65,1,2,twin,2,15048.38,48439.23,8843.63,14985.2,7373.63,105589.75
Typhoid Inpatient Care,31,2,3,twin,5,15833.26,0.0,11741.99,12103.96,5988.3,44151.45
Typhoid Inpatient Care,75,3,2,suite,8,40460.48,0.0,25034.71,18657.66,7286.49,78777.96
Coronary Angioplasty,53,2,3,twin,4,25865.26,75532.05,17930.06,65335.89,12820.19,203146.03
Kidney Stone Lithotripsy,39,2,1,twin,2,13484.44,54468.2,7943.49,15512.9,7200.25,104171.45
Coronary Artery Bypass Graft (CABG),41,1,2,single,10,174360.08,290474.59,114440.87,80968.16,58058.57,823829.2
Normal Delivery,38,2,2,general,3,15025.28,23034.34,12614.72,9262.82,6023.56,54578.15
Coronary Angioplasty,34,2,1,general,3,27986.38,121621.1,23804.85,99004.5,22982.63,263810.06
Dengue Inpatient Care,80,1,1,twin,9,80973.84,0.0,72389.27,21080.49,21118.44,210256.75
Caesarean Section,43,2,2,general,5,27823.29,47560.44,21217.68,20150.1,12380.85,127961.54
Typhoid Inpatient Care,31,3,1,twin,4,16695.74,0.0,13486.28,18964.8,7441.37,56743.85
Typhoid Inpatient Care,19,1,3,twin,5,25098.79,0.0,18192.11,12933.35,8467.46,59991.35
Cholecystectomy,79,3,2,twin,4,20007.34,39908.37,14365.58,19493.22,7341.44,106242.84
Total Hip Replacement,73,2,1,general,10,94607.35,176915.2,95464.49,175168.15,42049.01,567922.27
Appendectomy,57,2,1,twin,4,28100.83,57944.88,15544.67,19677.45,10309.89,124194.55
Hysterectomy,54,2,1,twin,5,40363.9,77610.07,27811.24,30146.62,15730.21,214925.07
Kidney Stone Lithotripsy,33,1,1,single,2,23684.64,86430.77,12691.31,15950.73,9670.35,142077.51
Total Hip Replacement,24,2,2,single,7,69781.59,160603.27,42252.38,131368.81,25561.79,432202.4
Total Knee Replacement,54,2,1,twin,3,27673.36,160871.98,18624.01,117106.73,21766.09,317983.09
Caesarean Section,37,1,2,general,5,38632.96,73223.28,32965.88,19080.39,17678.92,190430.39
Cataract Surgery,70,2,1,single,3,19789.66,36657.46,11191.75,18478.57,5133.83,94591.24
Normal Delivery,23,2,3,single,3,14941.99,21978.78,8548.59,7353.96,5001.18,59158.04
Normal Delivery,62,3,1,twin,2,9317.51,23375.72,7401.31,10281.23,4673.28,53752.12
Caesarean Section,34,1,1,general,5,46299.17,80865.45,35532.64,22930.47,18735.97,209713.54
Cholecystectomy,67,1,1,single,5,59415.39,91169.56,33551.72,24633.62,18012.42,253813.36
Kidney Stone Lithotripsy,69,2,2,twin,4,22927.53,42958.29,15012.73,13058.91,6777.01,93713.75
Kidney Stone Lithotripsy,41,2,2,twin,1,5533.77,44800.9,3613.43,11432.22,4892.48,72828.93
Coronary Angioplasty,58,2,1,general,4,38211.46,113596.52,34289.4,105596.94,23549.35,328380.65
Normal Delivery,34,2,2,general,3,12907.18,21396.83,11956.61,8312.99,6148.04,60571.95
Appendectomy,56,3,1,twin,5,29513.15,45749.47,17366.78,19267.76,8578.88,115568.27
Caesarean Section,75,1,3,twin,5,34272.07,58760.41,28421.61,19461.05,13970.55,185998.66
Cholecystectomy,40,1,3,twin,3,18281.1,52005.77,11721.07,13086.96,8908.07,99259.59
Dengue Inpatient Care,72,2,1,single,6,46591.07,0.0,36441.2,20766.33,15110.49,99721.27
Caesarean Section,51,2,1,single,4,37620.27,74780.22,20223.7,22969.83,11974.73,152224.43
Appendectomy,42,3,2,twin,2,8896.38,38298.87,5591.15,16498.68,5223.59,65194.6
Coronary Artery Bypass Graft (CABG),82,1,2,general,10,137338.83,290854.34,138093.33,105251.54,60772.29,865662.93
Total Hip Replacement,76,1,3,suite,7,91295.88,195059.95,56362.08,118374.08,29130.15,504302.28
Total Knee Replacement,79,2,2,twin,6,44555.01,127212.24,42483.76,135806.67,23557.91,338070.01
Kidney Stone Lithotripsy,80,1,3,single,4,27836.06,52513.1,16992.29,10104.01,6776.82,106766.33
Tonsillectomy,55,3,3,single,2,6753.96,17638.92,3632.77,6115.05,2307.88,35321.1
Hernia Repair,58,3,2,twin,2,8331.34,27708.58,4942.95,14199.34,4847.57,59124.72
Dengue Inpatient Care,58,1,1,suite,5,63162.14,0.0,33043.86,17487.83,16632.62,127396.7
Kidney Stone Lithotripsy,45,1,3,twin,1,6235.1,46282.87,3655.05,10026.84,5581.78,63623.92
Coronary Angioplasty,25,1,2,twin,4,51142.45,154526.19,41746.58,80256.96,29569.78,343123.8
Coronary Artery Bypass Graft (CABG),20,1,2,single,6,113884.01,310204.47,75824.74,100737.51,54565.02,747108.79
Total Knee Replacement,67,2,3,single,7,52395.05,119796.82,33474.15,89602.03,19955.79,336045.88
Kidney Stone Lithotripsy,67,1,1,general,3,23910.95,68699.47,16661.93,13972.05,10475.52,135942.43
Appendectomy,76,2,2,single,4,26497.66,53151.81,15717.13,21154.69,8072.0,129724.74
Dengue Inpatient Care,36,3,1,suite,3,21932.26,0.0,11134.17,14709.25,8438.69,61096.5
Hysterectomy,39,1,2,twin,5,43960.29,88066.01,28675.95,20875.21,16550.82,187395.94
Hernia Repair,41,1,1,general,3,23734.62,63849.29,18581.3,18201.72,11398.64,134695.69
Cholecystectomy,73,2,2,single,6,44098.35,54450.18,27136.87,19523.62,10414.86,159762.6
Dengue Inpatient Care,46,3,1,twin,7,33321.5,0.0,25338.22,15994.49,10270.92,81686.46
Total Hip Replacement,24,3,3,twin,5,24707.44,90729.06,17373.97,84914.26,15103.54,237354.23
Coronary Artery Bypass Graft (CABG),34,3,3,single,7,55747.85,145835.72,32905.54,78612.23,23741.43,289748.97
Hernia Repair,26,2,3,single,2,9403.21,29864.29,4557.25,10919.36,3958.92,59873.98
Kidney Stone Lithotripsy,35,3,1,single,2,12892.56,45724.69,6849.38,16828.33,4729.55,80047.12
Hernia Repair,38,2,3,twin,1,3705.36,27780.48,2398.49,11511.19,3961.34,47108.79
Dengue Inpatient Care,67,3,2,single,6,27248.29,0.0,20735.13,15584.11,8078.19,81163.74
Dengue Inpatient Care,71,2,2,twin,7,36341.19,0.0,29299.54,15364.14,11483.27,81488.98
Kidney Stone Lithotripsy,44,1,3,twin,2,12640.05,43376.41,7182.49,8756.29,5697.93,79218.04
Caesarean Section,74,2,1,single,4,36132.74,73111.32,26092.7,28337.08,11838.21,225072.61
Hernia Repair,55,2,2,general,2,9114.43,37781.48,6559.55,13346.84,5980.6,74737.31
Hernia Repair,49,3,2,general,3,11032.16,27204.18,7907.81,15416.08,5083.28,63774.74
Coronary Artery Bypass Graft (CABG),46,1,2,general,7,98663.99,268047.61,83414.66,88861.49,61597.74,662218.72
Appendectomy,31,1,1,general,3,23704.53,63893.44,14511.3,20464.19,11954.07,129028.98
Total Knee Replacement,54,2,2,single,6,52414.99,142079.33,30096.98,99088.41,25149.68,363242.26
Hernia Repair,37,1,2,general,3,20223.37,49032.86,12854.74,15865.0,9147.31,106727.59
Kidney Stone Lithotripsy,18,2,2,suite,2,15905.51,51711.46,6441.9,11527.42,5116.15,82380.12
Caesarean Section,38,2,1,general,5,33159.65,63233.46,25416.09,23727.33,13725.82,169861.4
Total Knee Replacement,59,2,1,single,5,51954.55,160138.44,32676.26,117317.7,28370.23,453408.92
Cholecystectomy,57,3,1,twin,1,6158.29,48481.56,4138.44,22001.87,6811.75,95797.02
Appendectomy,27,2,2,general,4,20917.87,45388.23,14748.94,18074.96,8248.58,109349.05
Coronary Angioplasty,70,3,1,single,7,66969.65,114310.13,49316.04,114072.65,22730.81,317920.05
Normal Delivery,18,3,1,twin,3,15142.73,21555.2,10218.5,9774.97,4971.24,59971.27
Total Hip Replacement,50,1,1,twin,4,58436.7,271863.41,39795.66,148560.87,44373.06,607051.37
Total Knee Replacement,73,1,1,single,8,111840.83,216850.36,83990.6,149182.35,42406.68,681883.03
Appendectomy,79,1,2,general,4,27283.84,59141.75,20384.56,20499.97,11306.67,146257.92
Coronary Angioplasty,34,3,1,general,4,30047.15,82959.74,26556.83,105249.98,18990.29,260760.2
Coronary Artery Bypass Graft (CABG),66,1,3,twin,11,138673.88,244084.78,105715.38,77005.72,49531.81,620692.01
Cholecystectomy,56,1,1,suite,3,41917.85,110475.21,19451.8,22093.22,13537.66,181517.05
Coronary Artery Bypass Graft (CABG),26,2,3,twin,2,16987.93,156586.03,13126.36,69693.62,20276.01,266967.53
Cholecystectomy,21,1,1,twin,3,28187.91,83607.83,17388.94,22456.39,13780.1,156550.29
Normal Delivery,62,1,2,suite,3,28685.9,38399.39,14688.72,8348.25,7284.31,93257.78
Caesarean Section,57,2,2,suite,3,28792.56,70992.67,13801.08,20248.86,9304.31,178277.81
Total Hip Replacement,45,1,2,general,6,58955.78,192490.21,51048.3,113822.69,38537.47,440552.13
Hysterectomy,76,2,2,twin,7,46133.6,64277.62,38631.22,26042.82,14064.59,142988.93
Total Knee Replacement,74,2,1,single,10,104823.37,158028.3,75715.09,146483.28,38682.69,533599.06
Typhoid Inpatient Care,28,2,1,general,5,23526.48,0.0,20712.09,19612.64,8920.31,71232.85
Cholecystectomy,53,1,1,general,4,38902.1,85805.61,30377.99,20956.76,17069.85,210213.56
Typhoid Inpatient Care,36,1,2,general,4,22043.16,0.0,19712.27,16138.47,12059.48,69476.82
Cholecystectomy,18,1,2,twin,3,26292.11,69811.73,15585.55,19225.1,12160.05,142831.31
Total Knee Replacement,58,1,2,single,7,87310.69,196074.63,57313.39,110955.7,38754.34,567263.76
Appendectomy,49,3,3,single,4,15507.39,28793.41,7790.93,13246.21,4504.83,64396.05
Caesarean Section,75,2,1,general,5,30799.38,53872.04,32510.13,28643.62,14133.49,137919.56
Hernia Repair,26,2,3,twin,3,12062.44,28429.78,8371.87,13268.59,4963.92,58653.31
Tonsillectomy,28,3,2,twin,2,8042.79,24450.95,5652.65,7735.43,3877.62,48099.94
Dengue Inpatient Care,34,1,2,twin,5,33530.31,0.0,25173.21,14130.39,13993.29,87062.7
Dengue Inpatient Care,35,1,1,suite,5,58093.24,0.0,34585.33,15966.86,17587.84,121969.5
Dengue Inpatient Care,36,2,3,twin,7,28621.78,0.0,20810.47,10388.03,9093.68,61772.33
Appendectomy,33,1,3,general,2,11297.6,46705.1,7684.88,13022.5,7077.45,86234.5
Total Knee Replacement,64,3,2,single,5,33959.26,115698.7,21274.14,110787.29,19584.68,342919.66
Total Hip Replacement,29,1,2,twin,3,31618.21,185979.16,22955.63,109115.84,26185.54,370706.51
Coronary Angioplasty,64,1,3,single,2,22730.35,114179.39,16553.04,59655.76,16524.64,276054.75
Total Knee Replacement,52,3,2,twin,4,25805.89,110122.16,17426.72,103413.63,18162.51,291482.68
Coronary Artery Bypass Graft (CABG),64,1,3,twin,8,100081.79,219773.77,77422.07,77254.02,47408.53,532252.78
Normal Delivery,57,2,1,single,2,13939.57,31062.18,9896.27,10463.86,5969.82,73379.55
Normal Delivery,61,1,2,suite,3,30485.74,42389.41,14931.56,9040.75,7963.0,85147.46
Coronary Angioplasty,28,1,2,twin,4,49776.15,131425.42,38137.72,81113.99,26991.59,305393.51
Normal Delivery,47,1,1,twin,3,26779.83,39115.77,20074.49,11223.33,10221.5,102766.24
Total Knee Replacement,36,1,2,general,5,44979.85,156074.9,40346.32,97368.3,29456.98,411082.62
Normal Delivery,20,3,2,twin,2,7150.65,17362.35,5317.47,9133.1,3530.82,45159.46
Dengue Inpatient Care,44,1,2,twin,6,43221.36,0.0,31642.15,14444.42,13489.8,104527.03
Dengue Inpatient Care,67,3,1,twin,7,32890.03,0.0,28101.78,16271.12,10435.63,93161.43
Total Hip Replacement,57,2,1,twin,3,29124.89,188882.23,23546.59,142193.49,25954.85,438983.32
Appendectomy,78,1,3,single,4,30754.37,51639.98,17007.24,16172.22,8998.25,117123.12
Appendectomy,72,2,2,single,4,29839.48,54499.4,16627.91,20001.47,9215.65,155332.69
Hernia Repair,82,1,3,general,4,20579.14,36448.48,17268.66,15263.22,6816.48,73843.22
Total Hip Replacement,77,2,3,general,8,42149.42,95054.12,41157.77,97532.25,22979.04,361878.61
Coronary Angioplasty,51,1,1,twin,3,43472.26,164344.41,34808.2,101243.35,29845.71,388220.1
Coronary Angioplasty,81,1,3,general,6,50922.52,105405.64,57301.0,71525.49,23571.78,345481.98
Hernia Repair,47,2,1,suite,4,36852.4,53911.79,17092.54,16845.21,8513.19,131737.34
Total Knee Replacement,46,2,1,general,6,50993.95,142734.81,44294.46,119081.85,30353.39,380881.49
Coronary Artery Bypass Graft (CABG),69,1,2,twin,16,267900.11,302054.45,203224.75,95716.36,87876.88,833991.12
Total Hip Replacement,41,1,2,suite,7,127731.47,250254.91,64258.92,124879.52,43026.05,617678.1
Coronary Angioplasty,47,1,1,twin,4,64750.37,193745.38,46385.4,107517.41,30604.92,448571.19
Hysterectomy,41,2,3,suite,4,26296.79,53524.28,14117.21,16008.67,8192.73,119067.79
Coronary Angioplasty,51,2,3,twin,2,14705.47,82191.44,10890.3,64507.9,13538.94,199062.3
Hernia Repair,75,1,2,twin,4,29251.56,50606.74,22759.68,18688.62,10357.02,125169.52
Coronary Artery Bypass Graft (CABG),73,1,2,single,10,184088.32,341378.28,136834.85,96793.78,60523.39,937868.52
Total Knee Replacement,71,2,2,twin,5,38297.37,118788.79,31188.28,106103.16,21908.73,337566.91
Typhoid Inpatient Care,53,2,2,twin,5,24221.1,0.0,16645.27,15925.03,9536.8,65372.66
Dengue Inpatient Care,70,2,2,twin,7,35068.09,0.0,30148.82,15378.24,10832.73,85107.67
Hysterectomy,30,1,2,general,5,37904.81,82241.86,29154.97,21101.23,16473.88,173210.3
Caesarean Section,41,2,2,twin,4,26030.03,52134.36,17876.85,19221.7,10603.83,134389.76
Typhoid Inpatient Care,20,1,2,general,7,39650.6,0.0,35176.93,16428.95,13619.24,103151.86
Kidney Stone Lithotripsy,48,1,1,general,1,8407.22,63900.05,5684.51,16340.65,8612.91,106993.22
Total Hip Replacement,76,2,2,twin,8,72033.78,164548.53,58863.01,126951.86,31621.41,547667.02
Typhoid Inpatient Care,59,2,2,single,3,16406.35,0.0,9706.56,14963.86,7803.37,48885.49
Hernia Repair,70,1,2,twin,4,29792.74,50295.99,21428.17,15093.98,8584.7,101671.39
Typhoid Inpatient Care,41,1,2,single,7,48556.42,0.0,32839.22,16111.51,11412.04,118172.5
Caesarean Section,22,2,2,single,3,23551.29,65330.05,15061.96,22645.61,11857.51,116669.06
Cataract Surgery,40,2,3,single,1,3862.48,21996.36,2273.26,9829.92,2717.28,37213.56
Normal Delivery,20,2,1,single,3,21347.56,28654.31,14042.52,10918.47,6143.11,85171.69
Dengue Inpatient Care,79,1,2,general,5,28462.46,0.0,29777.19,16024.54,13764.74,104927.05
Kidney Stone Lithotripsy,38,3,1,suite,2,15909.91,51362.31,6664.79,14419.74,4754.94,111221.91
Caesarean Section,55,1,3,twin,3,22542.1,57575.01,14135.56,15398.92,11727.3,127076.16
Hysterectomy,43,3,2,twin,2,9902.95,47120.7,7149.11,19985.21,7267.77,93787.05
Dengue Inpatient Care,28,2,2,twin,5,26036.06,0.0,20924.14,13853.24,10751.76,74220.09
Cholecystectomy,68,2,2,twin,5,29213.29,52090.77,19726.13,21643.25,10052.13,146503.76
Kidney Stone Lithotripsy,33,1,1,twin,1,8908.91,69811.44,5464.39,13068.31,7666.93,90847.6
Appendectomy,43,3,2,single,2,10719.52,39424.88,5116.27,14335.61,4737.64,75868.07
Coronary Artery Bypass Graft (CABG),56,1,3,twin,10,112377.55,226234.79,89505.45,65579.11,53118.66,503699.11
Cataract Surgery,61,2,1,single,1,6486.08,37814.3,3689.89,17173.82,4856.0,63953.53
Total Hip Replacement,62,1,2,suite,6,98720.25,248900.04,56871.87,115782.81,36308.72,537841.74
Hysterectomy,24,2,3,twin,5,24159.36,44513.15,15976.64,15779.78,8960.82,112547.96
Appendectomy,43,1,2,twin,3,23510.29,66911.46,14663.33,17121.84,10371.1,122486.33
Cataract Surgery,76,1,3,twin,2,9645.89,29507.75,7425.27,10503.51,4157.38,67768.7
Coronary Artery Bypass Graft (CABG),56,1,2,twin,8,120431.74,289488.67,81886.31,92279.71,54797.05,607745.91
Appendectomy,63,3,3,general,4,11679.92,24090.13,7759.67,13036.11,4465.42,62971.02
Tonsillectomy,67,3,1,single,3,16805.14,35312.7,10386.29,9742.38,4860.24,81977.82
Typhoid Inpatient Care,29,2,2,twin,5,23813.74,0.0,17961.85,16807.04,8224.64,64856.82
Caesarean Section,24,1,2,single,5,46974.16,73740.66,29963.09,18302.52,15788.25,207329.04
Coronary Angioplasty,20,3,3,twin,1,5173.92,61087.95,3926.63,59159.9,9077.71,147682.06
Normal Delivery,40,2,2,general,2,9573.61,23696.41,8369.07,8916.03,5953.24,53734.9
Coronary Artery Bypass Graft (CABG),34,3,3,general,8,48259.04,121088.57,40108.43,73417.29,26101.06,290325.83
Total Knee Replacement,49,3,1,single,5,43574.89,152129.35,28455.75,130587.26,22608.98,447927.7
Typhoid Inpatient Care,80,3,2,twin,7,24510.01,0.0,20316.65,16592.57,7691.86,68085.07
Caesarean Section,76,3,2,twin,5,27884.95,47825.62,23413.43,25711.21,8998.96,132927.13
Hysterectomy,53,3,1,general,4,20018.36,50549.23,16003.95,24565.13,11210.76,133403.37
Dengue Inpatient Care,55,2,1,twin,5,30383.4,0.0,23210.15,15928.19,11118.42,80859.67
Hysterectomy,78,2,1,general,6,40551.95,74945.35,42995.34,32447.29,17398.5,178804.31
Normal Delivery,45,1,1,twin,4,33752.53,39623.28,25401.28,9584.39,11332.65,123827.88
Cholecystectomy,45,1,2,single,4,39708.81,78855.51,21498.85,17211.1,13670.82,124900.53
Cataract Surgery,21,1,2,suite,1,8935.18,46368.1,4165.34,14552.32,5246.48,82920.72
Cholecystectomy,52,3,1,twin,4,23232.83,47002.57,15036.14,18892.12,8811.94,122080.68
Total Knee Replacement,21,2,2,general,7,46869.76,120932.53,42466.8,119400.05,28218.8,363813.12
Caesarean Section,66,2,3,general,6,25066.9,41236.46,20815.78,16050.21,10174.05,118728.38
Cataract Surgery,37,2,3,general,2,5536.96,17676.4,4162.83,9355.42,2964.13,40156.97
Cataract Surgery,50,3,1,suite,1,6507.59,32855.4,2756.65,18034.82,3464.79,72402.43
Kidney Stone Lithotripsy,24,1,3,single,2,14940.15,53861.33,7073.9,8420.05,6394.46,105549.54
Cholecystectomy,44,3,2,general,3,13427.74,39382.08,9052.26,16365.74,6665.02,83141.41
Hysterectomy,68,1,1,single,6,77657.15,116638.82,48130.56,29251.79,22179.79,358047.58
Caesarean Section,56,3,2,general,4,16849.01,37734.22,14800.05,19555.62,8427.19,80697.93
Appendectomy,66,1,2,single,4,37305.1,69557.71,19088.24,18878.69,10577.53,155581.01
Typhoid Inpatient Care,57,2,2,general,7,26566.73,0.0,21838.25,17473.16,9200.7,69843.67
Normal Delivery,64,1,2,single,3,26012.19,39135.72,18045.03,8616.98,8149.69,82481.31
Coronary Angioplasty,69,1,1,general,5,68937.02,148539.91,66936.21,111171.41,36432.08,420583.0
Cataract Surgery,73,1,3,single,2,12053.48,34151.16,6703.16,11677.79,4117.08,76600.88
Coronary Angioplasty,69,1,3,twin,5,45439.62,105606.97,39938.88,73235.97,20233.23,269899.93
Typhoid Inpatient Care,57,3,2,twin,2,6532.12,0.0,5356.97,15128.68,4921.99,29776.29
Total Knee Replacement,80,2,1,suite,9,107179.51,177688.82,72637.28,159790.23,36755.6,533286.87
Cataract Surgery,61,1,1,suite,1,10449.75,53742.13,4914.47,15770.18,6045.41,88275.63
Coronary Artery Bypass Graft (CABG),26,1,1,general,9,161922.36,317525.56,121089.03,110585.02,72273.14,764662.46
Hernia Repair,52,1,1,single,3,30932.38,69303.17,15717.69,17142.39,11127.31,140626.75
Tonsillectomy,33,3,2,general,3,9274.36,22091.98,7167.87,7342.8,3492.62,48474.91
Cataract Surgery,30,2,2,twin,1,4399.34,23833.9,2648.33,13675.98,3399.47,53493.22
Cataract Surgery,35,3,1,twin,1,3966.12,24712.74,2396.2,14631.41,3472.31,51003.91
Total Knee Replacement,41,3,2,single,6,44150.51,120979.38,28807.49,111719.32,22315.16,288523.58
Total Knee Replacement,56,2,2,single,6,51706.3,131721.73,30580.41,98907.82,24743.96,353059.43
Dengue Inpatient Care,38,1,2,general,5,30564.0,0.0,28964.39,12436.88,15502.4,87577.72
Total Hip Replacement,19,2,3,general,5,27854.99,105319.24,24949.68,91076.0,19603.8,262991.88
Total Knee Replacement,20,1,2,general,7,64822.09,167822.79,55491.21,93371.32,40593.72,469433.08
Coronary Artery Bypass Graft (CABG),73,1,1,single,12,289818.76,394065.25,209378.08,132928.68,96846.03,1427557.86
Total Knee Replacement,60,1,2,suite,6,94720.09,246000.17,49642.49,102029.39,37503.55,513035.79
Hernia Repair,73,1,2,single,4,33247.1,54450.44,20393.98,15173.09,8785.63,137585.45
Hernia Repair,77,1,2,twin,5,37584.74,51080.57,27766.26,19239.92,11088.59,152136.6
Typhoid Inpatient Care,26,3,1,suite,2,13455.56,0.0,7407.72,20696.9,7093.33,48669.85
Kidney Stone Lithotripsy,73,2,1,single,4,31477.69,56418.56,17270.21,15366.29,7187.84,153129.22
Caesarean Section,66,1,2,twin,6,52383.0,76206.0,37382.56,19978.33,18185.99,205886.68
Typhoid Inpatient Care,29,3,2,general,5,15580.03,0.0,12565.42,15329.98,6806.03,50552.03
Total Hip Replacement,74,2,1,twin,9,92410.16,170335.75,79198.7,144152.7,41688.38,613910.33
Appendectomy,76,2,2,single,4,27067.47,51407.45,15075.98,20393.36,7663.9,119108.08
Hysterectomy,75,2,1,general,6,38613.49,63743.84,36317.72,28226.94,16622.81,142986.61
Cataract Surgery,31,1,3,single,1,5452.56,32665.92,3101.64,9530.71,4111.36,56751.6
Caesarean Section,64,1,2,twin,5,45988.53,74933.92,32620.59,21404.68,15524.98,192400.43
Hysterectomy,38,2,2,twin,6,38875.11,59707.44,24507.44,24201.45,12621.5,172269.01
Tonsillectomy,33,2,1,general,2,10292.69,31826.81,7160.67,8359.21,5098.9,64544.67
Kidney Stone Lithotripsy,62,1,3,single,2,15040.84,45915.83,7148.83,8882.26,6075.47,90531.6
Caesarean Section,29,3,2,suite,5,33931.97,48022.26,15697.96,19774.98,8395.92,104819.94
Hernia Repair,63,2,3,twin,2,8309.14,28257.9,5536.11,13666.97,4111.13,57331.52
Tonsillectomy,21,1,2,twin,1,6971.91,39040.31,4122.15,7360.47,5606.44,52392.86
Total Knee Replacement,66,1,1,general,7,80473.12,197136.34,68039.65,128920.25,41801.33,624450.38
Total Hip Replacement,34,2,2,twin,7,56088.95,142764.68,41796.94,115322.54,29551.96,424791.87
Coronary Artery Bypass Graft (CABG),36,3,2,general,8,58819.77,148855.76,51159.04,98918.62,33685.95,393225.29
Caesarean Section,29,1,1,suite,5,76456.83,115573.59,37567.16,25408.2,19618.02,261948.51
Tonsillectomy,40,1,1,twin,1,8296.13,53299.81,5501.93,8957.43,6193.39,77997.63
Cholecystectomy,64,3,2,twin,3,14463.8,43030.63,9122.71,20326.59,7212.37,101816.26
Cataract Surgery,66,2,1,single,3,17769.48,32895.38,9614.08,14876.07,4857.22,79376.18
Typhoid Inpatient Care,60,1,2,suite,6,52189.81,0.0,26280.35,16168.41,12804.27,119638.55
Normal Delivery,75,1,2,general,5,30101.03,32665.25,30468.0,10054.4,9465.75,116686.87
Appendectomy,24,2,1,single,1,8530.23,59633.76,4605.2,19060.01,8599.59,113576.52
Total Knee Replacement,64,2,2,suite,6,69414.98,151047.05,35986.16,100673.09,25889.84,418938.84
Coronary Angioplasty,78,2,3,twin,5,33050.45,77874.82,30969.34,73769.55,15902.13,191007.63
Normal Delivery,20,3,1,single,4,21875.43,25679.79,15154.8,10206.63,5432.79,71709.06
Hysterectomy,34,3,2,general,3,12221.87,41735.09,10726.72,21781.73,8483.85,105390.45
Total Knee Replacement,38,1,2,twin,7,73095.52,184882.94,55271.09,115828.7,36186.79,484920.59
Kidney Stone Lithotripsy,79,2,3,twin,3,13732.89,29503.84,8950.95,10845.36,4034.46,65861.63
Coronary Angioplasty,65,3,1,single,4,42136.66,112186.07,28253.8,116972.99,17763.75,303965.72
Total Knee Replacement,23,1,1,general,6,73550.48,226929.51,58124.64,135667.75,40561.1,560170.07
Total Knee Replacement,29,3,2,general,8,42863.71,96610.25,36566.91,102723.91,21658.08,292437.42
Cataract Surgery,33,3,3,twin,1,2657.93,15826.22,1711.26,9412.52,2035.83,29960.18
Appendectomy,71,1,3,suite,4,35628.48,57853.79,15019.46,13448.13,7846.12,143584.65
Coronary Angioplasty,43,2,1,twin,3,36963.96,136656.59,25013.03,106064.47,23867.77,336281.77
Hernia Repair,22,1,2,single,1,8423.52,58653.79,4470.8,14063.42,7430.81,111352.39
Hernia Repair,25,1,2,twin,2,15245.25,51663.26,9784.46,14149.5,7469.34,96966.2
Appendectomy,19,2,2,twin,3,17975.57,49433.59,9913.06,16290.73,7500.03,99575.83
Normal Delivery,31,2,2,twin,3,15407.9,23666.61,10991.44,7912.05,5779.88,62409.25
Total Hip Replacement,66,2,2,general,9,64133.17,138945.47,56530.45,131744.04,32888.51,349399.67
Dengue Inpatient Care,65,2,2,single,4,22707.29,0.0,16213.5,13656.8,8559.08,55597.6
Hysterectomy,29,2,1,twin,3,21972.8,76212.13,14894.4,28095.91,11985.14,149405.27
Hysterectomy,45,1,2,general,3,25623.11,82138.01,20393.04,21936.7,16486.67,153242.21
Hysterectomy,30,2,2,general,4,23232.21,62167.0,18200.4,20378.47,10749.61,147297.56
Total Hip Replacement,67,3,2,general,6,34843.38,106091.64,30370.61,115994.35,21936.6,281723.03
Cataract Surgery,32,2,2,single,1,5161.06,28775.42,2513.04,12575.36,3520.73,54979.75
Typhoid Inpatient Care,50,2,1,twin,8,46026.45,0.0,31973.97,20771.79,11556.68,121400.69
Tonsillectomy,66,1,2,twin,3,20183.53,37849.88,13115.78,7683.72,6012.37,103114.76
Normal Delivery,68,2,2,single,5,28086.46,25340.51,20251.11,8427.51,6356.15,81132.3
Tonsillectomy,26,3,3,single,2,7440.51,20655.92,3708.6,6700.24,2494.79,40240.09
Cataract Surgery,42,1,2,single,1,6957.61,37572.23,4032.72,12699.92,4569.05,65273.31
Total Hip Replacement,20,3,2,twin,5,33537.5,112689.78,26035.72,117721.79,20940.9,302334.18
Coronary Artery Bypass Graft (CABG),37,1,1,general,10,169999.61,356961.26,146259.47,123015.63,73112.73,915337.21
Total Knee Replacement,44,2,2,suite,6,59427.0,141071.15,28669.89,104901.5,21441.75,385603.41
Hernia Repair,21,2,2,single,3,18636.19,45607.31,9328.69,16418.63,6698.46,101309.03
Caesarean Section,48,1,2,twin,6,47630.02,68332.33,35343.01,18239.96,15002.93,159328.71
Dengue Inpatient Care,59,3,1,suite,6,43395.23,0.0,24878.73,17397.59,10219.37,107999.48
Normal Delivery,18,1,1,general,3,24121.89,43044.0,21806.5,11125.88,10601.75,110670.41
Coronary Artery Bypass Graft (CABG),70,1,2,twin,11,182442.53,318627.41,134870.06,93959.34,70746.55,926606.2
Total Hip Replacement,74,3,1,twin,7,54251.42,134573.09,49155.85,154082.87,28624.95,305920.03
Cholecystectomy,25,2,1,twin,3,20495.74,53147.14,13190.66,22591.92,9215.45,115896.52
Dengue Inpatient Care,36,1,2,single,6,47651.69,0.0,34201.24,13814.91,14167.82,122345.97
Total Hip Replacement,70,2,3,general,8,42320.43,102046.06,38742.47,87337.08,20448.83,242846.07
Hysterectomy,51,1,3,general,5,27520.08,62681.63,23954.7,15872.56,11899.29,146831.38
Hysterectomy,24,1,1,twin,4,41136.91,96435.6,30807.77,28181.31,17769.52,210854.92
Coronary Artery Bypass Graft (CABG),41,2,2,single,10,132408.02,234193.54,84906.7,88165.83,53908.38,639910.76
Caesarean Section,18,1,2,general,5,43627.72,72601.05,33365.39,20398.19,18789.77,204946.96
Kidney Stone Lithotripsy,38,1,3,single,2,12696.83,46199.64,6147.96,9228.27,5103.78,75064.34
Total Hip Replacement,20,2,2,single,8,81726.15,176389.8,53380.04,119627.33,34975.98,423008.36
Total Hip Replacement,35,2,2,twin,10,90281.39,161281.21,64927.57,125641.93,35791.5,496641.87
Normal Delivery,45,2,2,general,3,13537.56,24789.87,12512.35,8336.95,6241.5,65936.74
Hysterectomy,58,3,2,single,6,32839.56,51443.37,20785.71,20271.27,10076.93,111495.55
Hernia Repair,67,1,3,twin,4,24869.99,45846.65,17170.93,12002.93,7224.5,111668.8
Hernia Repair,39,1,1,single,2,20704.8,69079.51,12095.26,18440.43,9389.0,127485.5
Appendectomy,49,2,1,general,4,26240.85,50016.79,17609.99,22819.44,9783.24,140793.7
Cataract Surgery,38,3,3,general,1,2603.25,14614.83,1826.86,9427.76,2190.9,33036.2
Coronary Angioplasty,19,2,2,single,3,29083.27,113110.25,19536.93,75650.27,16796.29,254764.22
Hysterectomy,35,3,2,general,4,17549.21,50620.13,14565.61,20639.99,10286.78,98935.34
Hernia Repair,81,1,2,single,4,32596.61,54873.06,23088.46,18702.49,8860.61,139454.65
Typhoid Inpatient Care,20,2,2,single,6,33632.71,0.0,21044.26,17606.86,9278.37,77345.12
Hernia Repair,60,2,2,single,3,19988.33,42348.0,10144.47,14823.05,6538.68,99613.42
Cholecystectomy,30,1,1,twin,1,10218.54,80018.35,7001.17,20282.72,12586.64,118815.97
Tonsillectomy,19,1,2,single,2,14880.11,44143.63,7480.51,7801.12,5584.78,85834.16
Coronary Artery Bypass Graft (CABG),31,3,3,twin,10,71421.75,128852.27,54197.93,73270.3,29912.86,323016.01
Tonsillectomy,44,1,2,general,2,11229.43,41648.92,8853.61,8373.29,5556.58,75498.08
Tonsillectomy,62,3,2,single,1,4348.48,23771.65,2520.84,8119.87,2980.06,40008.57
Appendectomy,47,2,2,single,3,19433.46,43122.18,9400.26,15281.21,6304.05,86105.73
Coronary Angioplasty,54,1,1,twin,3,46548.92,165199.62,32556.09,105673.57,28683.66,394078.89
Total Hip Replacement,24,3,1,single,6,59935.13,161470.56,34919.01,132402.45,28377.86,394357.08
Tonsillectomy,25,1,2,general,2,11913.18,40100.25,9336.45,7386.17,6457.48,70880.28
Cataract Surgery,70,3,2,twin,3,10991.05,20550.31,7638.46,13866.14,3679.84,57975.36
Hernia Repair,65,1,2,twin,1,7848.32,52243.12,5188.02,14848.27,7594.13,95126.63
Total Knee Replacement,21,1,2,twin,4,41021.47,188517.37,31650.5,99995.6,27707.89,406928.46
Cholecystectomy,77,1,3,twin,6,42260.93,55744.79,31576.61,15229.61,11716.32,138805.17
Hysterectomy,77,2,2,suite,6,56052.83,75252.38,33808.46,22983.3,13473.18,166845.12
Dengue Inpatient Care,22,2,1,general,2,10683.89,0.0,8911.76,15039.82,9915.18,39001.67
Cataract Surgery,29,1,2,general,2,11081.79,35238.95,7320.71,14252.53,5058.91,76774.02
Hysterectomy,53,1,3,general,2,11985.67,68094.83,9751.95,17251.69,11651.27,107732.31
Coronary Artery Bypass Graft (CABG),61,2,3,general,7,54338.06,168189.64,48861.12,78689.5,33036.03,347045.34
Dengue Inpatient Care,75,1,2,twin,6,45457.86,0.0,37433.87,15118.92,16713.0,121667.99
Kidney Stone Lithotripsy,27,2,1,single,2,16498.17,61463.68,7929.32,16723.36,7029.96,122633.35
Appendectomy,68,1,3,general,5,26974.18,46485.37,19409.14,12638.82,9003.11,133433.21
Hernia Repair,73,2,2,suite,5,36162.17,42531.65,17614.15,17911.53,7341.26,122117.85
Cataract Surgery,63,1,2,general,1,5198.2,32399.03,3735.94,12346.77,4906.7,65261.23
Caesarean Section,64,1,1,general,5,51268.33,88614.73,44122.51,26131.87,20535.96,249203.0
Total Hip Replacement,28,3,1,twin,6,46957.39,154308.61,37806.36,136818.5,26276.23,356360.69
Cataract Surgery,69,3,2,twin,3,9762.15,21646.95,7380.8,13298.74,3607.77,63988.43
Total Knee Replacement,27,1,3,single,7,62141.48,135040.24,36721.54,79345.1,26007.14,344373.72
Kidney Stone Lithotripsy,37,3,2,suite,1,6207.81,36976.94,2767.28,12233.97,3425.65,67340.88
Normal Delivery,28,3,3,single,2,7910.59,16583.14,5191.38,7390.17,3514.28,46645.76
Coronary Angioplasty,24,2,2,general,3,22545.19,87674.85,20836.8,77928.99,18276.73,235794.41
Tonsillectomy,66,1,1,general,4,30897.05,49940.97,22926.43,10278.57,9080.21,128813.87
Coronary Angioplasty,36,1,2,single,2,27828.8,163566.93,19189.95,88550.16,21286.51,335241.49
Kidney Stone Lithotripsy,66,1,1,twin,2,18491.81,72551.48,12508.85,17207.14,9533.13,143918.34
Total Knee Replacement,35,3,1,general,5,31679.12,121615.17,25419.65,125547.7,23537.61,295054.96
Hernia Repair,59,2,3,single,2,8930.02,29534.57,4711.12,11754.44,4522.42,60213.84
Tonsillectomy,24,2,2,single,1,5075.7,30960.65,2878.02,7567.27,3737.95,55970.0
Cataract Surgery,31,1,3,twin,1,5167.77,28089.96,3034.69,10831.97,4209.25,51564.68
Typhoid Inpatient Care,75,1,2,twin,5,30157.19,0.0,24654.86,17690.43,10566.38,87449.61
Typhoid Inpatient Care,32,2,3,general,4,12305.15,0.0,10815.6,12760.5,5650.55,41314.79
Caesarean Section,36,3,1,general,5,24434.59,49426.41,18822.91,25170.47,9658.17,120040.64
Hernia Repair,66,3,1,single,4,24244.22,39674.07,13617.17,18703.95,6234.92,103204.3
Total Hip Replacement,65,2,3,twin,7,43945.0,106440.25,35988.91,97388.17,19404.51,371357.46
Hysterectomy,25,1,2,general,5,39871.18,83312.2,31855.41,25079.98,18494.44,211516.99
Total Knee Replacement,24,1,2,single,7,83955.39,202906.27,48022.36,107720.1,33275.74,511760.75
Coronary Artery Bypass Graft (CABG),30,3,3,twin,10,62816.36,129924.85,44499.49,74017.33,29749.88,354061.54
Hernia Repair,47,3,3,general,3,7823.07,19155.92,5766.51,10815.31,4061.57,47264.94
Dengue Inpatient Care,33,2,2,single,6,35623.02,0.0,23722.12,13280.59,10662.28,87499.08
Appendectomy,53,1,1,general,3,25419.62,78128.29,16545.91,21491.1,12584.54,134004.72
Cataract Surgery,43,1,1,single,1,8609.33,48237.5,4471.13,15314.62,5789.55,85535.42
Coronary Angioplasty,33,1,1,single,4,69506.16,194615.66,44178.52,95586.31,34199.42,429136.7
Total Hip Replacement,40,1,2,suite,4,72005.52,282590.67,34113.82,109516.78,33313.0,461525.16
Kidney Stone Lithotripsy,69,1,2,twin,4,31588.48,58153.14,21301.07,12891.56,8183.87,140047.48
Coronary Angioplasty,61,1,2,general,3,33043.23,133769.85,27515.98,79613.05,26296.82,275608.53
Total Knee Replacement,67,1,3,general,9,62656.0,118410.13,59893.81,88087.39,28121.26,378304.11
Coronary Artery Bypass Graft (CABG),28,3,1,twin,6,65702.06,190835.65,46333.57,108797.64,34661.3,406477.86
Total Hip Replacement,64,1,3,twin,7,62425.44,149647.2,47868.41,86315.7,28013.12,385110.01
Tonsillectomy,24,2,3,twin,2,7476.64,21350.49,5019.11,6165.36,3540.11,46323.7
Tonsillectomy,52,2,1,single,2,13809.63,36462.04,7210.29,9011.1,5075.96,82338.63
Dengue Inpatient Care,22,1,1,general,3,22648.86,0.0,19296.22,16207.25,16463.74,69049.33
Typhoid Inpatient Care,23,1,1,twin,6,50733.28,0.0,36492.65,19867.79,15097.2,136895.98
Coronary Artery Bypass Graft (CABG),35,1,1,general,9,159718.12,336665.66,134147.47,102132.67,83314.34,781624.94
Caesarean Section,75,2,3,general,7,29907.5,38887.27,27707.91,17742.44,9584.39,130990.34
Normal Delivery,63,3,2,single,3,14894.35,21242.35,9947.21,9624.5,4674.41,51984.42
Normal Delivery,34,3,1,general,3,14313.88,22114.28,11809.35,11314.42,6391.07,61542.17
Coronary Artery Bypass Graft (CABG),21,1,1,single,8,186519.13,439852.52,123907.57,125597.29,79588.18,989454.81
Total Knee Replacement,43,1,2,general,5,45297.74,165831.58,36952.73,96236.41,32496.29,387104.81
Normal Delivery,21,1,1,suite,3,37337.29,54075.36,19732.61,10225.35,10569.54,134705.81
Hernia Repair,55,3,3,twin,2,6048.46,21781.52,3786.19,11128.57,3759.76,45369.79
Appendectomy,75,2,2,single,4,25744.72,45967.38,15431.91,19563.92,7434.33,126935.97
Typhoid Inpatient Care,20,2,3,single,7,29036.62,0.0,17138.33,11155.94,7002.35,66153.06
Hysterectomy,32,1,3,general,5,29668.04,64773.15,25798.61,18654.14,13031.74,154232.3
Typhoid Inpatient Care,71,1,1,twin,6,47627.93,0.0,40985.64,20673.54,15340.63,143876.09
Typhoid Inpatient Care,70,1,1,single,3,25484.59,0.0,18870.46,21077.45,13169.31,83357.2
Coronary Angioplasty,64,3,1,general,2,15211.65,93949.75,14357.87,106733.15,15759.07,280885.58
Hernia Repair,21,1,1,twin,3,29789.25,65810.72,17968.8,20089.88,11789.05,145126.22
Caesarean Section,70,2,2,general,5,27115.42,45282.54,24779.86,22729.35,11564.35,133763.93
Caesarean Section,65,2,2,twin,3,20082.38,53992.49,14771.9,19876.76,10876.08,128998.33
Cataract Surgery,48,2,3,single,1,3937.62,21429.87,2047.03,10961.4,2741.5,34179.34
Total Knee Replacement,79,2,2,single,8,70605.77,154742.28,53627.1,112123.94,27828.81,376933.37
Kidney Stone Lithotripsy,31,2,1,general,2,12148.0,48180.94,7485.73,16182.58,5952.74,91085.51
Normal Delivery,68,2,1,twin,4,25487.41,30389.53,22344.87,12973.42,7342.96,98430.5
Cholecystectomy,21,1,1,general,4,37049.81,84081.42,25409.06,21205.04,16802.33,208421.47
Hysterectomy,49,1,3,general,5,31088.12,66304.13,23430.16,17354.28,13176.89,138956.16
Appendectomy,18,2,3,general,4,16321.84,31647.93,9956.2,13144.97,6244.91,71859.96
Appendectomy,43,2,3,twin,3,13289.32,33572.15,7539.91,12466.22,5708.35,71983.2
Appendectomy,70,2,2,suite,5,39834.29,55449.05,16841.37,18364.95,7407.05,135253.82
Hernia Repair,57,3,2,twin,3,12838.36,32444.49,8714.68,14489.77,5064.36,62819.99
Cataract Surgery,66,1,1,single,3,30379.39,55071.99,16314.61,19144.25,7717.88,130610.11
Coronary Angioplasty,28,1,1,twin,6,93342.91,171512.14,64866.5,109089.76,33733.88,432717.48
Coronary Artery Bypass Graft (CABG),79,1,2,suite,12,265985.61,321545.35,167160.03,103373.98,74911.77,867014.27
Appendectomy,75,2,2,general,5,23933.2,44794.09,18773.14,20451.57,9098.94,122008.41
Total Knee Replacement,22,3,3,single,6,31088.92,81160.37,20095.45,73505.07,13859.45,223047.94
Normal Delivery,44,2,2,single,3,16470.23,25446.69,10583.97,9611.55,5912.86,62137.96
Cataract Surgery,44,2,1,single,1,6328.37,33512.0,3437.37,15044.96,4971.02,63579.19
Coronary Angioplasty,80,1,1,twin,7,104790.02,173446.29,102441.92,132090.74,38200.86,620515.77
Cholecystectomy,68,3,1,general,6,28909.96,40208.91,24319.74,21659.09,9589.97,114903.51
Cataract Surgery,29,3,3,general,1,2587.92,14437.17,1661.04,10755.77,2176.73,30998.08
Cataract Surgery,21,1,1,general,2,13844.37,38974.87,9678.62,17581.33,6143.68,98328.01
Coronary Angioplasty,68,1,1,twin,3,44553.8,164601.4,38847.96,106778.73,27695.78,424521.49
Coronary Artery Bypass Graft (CABG),59,3,1,general,9,89807.11,186341.73,69988.42,121385.21,41488.07,517743.95
Total Knee Replacement,56,2,2,twin,6,43808.61,131395.54,29998.87,104047.6,22263.62,366314.72
Caesarean Section,44,1,2,twin,5,46032.03,76159.21,29554.26,18931.85,17241.99,206310.21
Total Hip Replacement,19,1,3,general,6,48917.77,150548.49,43041.68,89501.53,32977.54,367267.5
Caesarean Section,25,2,1,single,6,55661.25,72207.31,30322.36,23339.62,15618.23,211727.61
Hysterectomy,22,1,2,twin,3,25370.06,85747.86,18942.87,20819.56,14050.91,157605.8
Coronary Artery Bypass Graft (CABG),51,1,2,twin,10,151172.23,274696.83,105810.15,94393.5,70381.57,688957.88
Tonsillectomy,49,3,1,twin,1,4683.2,28351.97,3176.7,9844.15,3605.01,45361.59
Appendectomy,44,1,2,twin,4,32986.09,65009.17,18493.09,16992.49,9829.39,118111.18
Kidney Stone Lithotripsy,51,3,2,twin,2,10351.49,36803.64,5704.49,11581.67,4576.41,73901.63
Coronary Angioplasty,32,1,2,suite,4,67473.58,162436.46,34933.74,90648.94,25386.81,388366.78
Total Hip Replacement,70,3,1,twin,9,78897.58,144250.74,57886.76,162972.05,32083.96,478561.3
Coronary Artery Bypass Graft (CABG),33,1,2,single,11,200503.85,304710.34,110743.24,94896.01,65778.46,728853.25
Coronary Angioplasty,52,3,3,single,2,12502.41,72386.65,8805.36,64739.0,9098.6,180315.84
Total Knee Replacement,39,1,1,twin,5,64474.07,195907.96,42861.48,133951.13,34443.35,445273.59
Coronary Angioplasty,57,1,3,twin,3,25748.37,93579.93,21020.07,63824.12,17786.81,244276.06
Coronary Artery Bypass Graft (CABG),50,2,2,twin,8,95414.45,215401.98,69534.89,83968.57,43771.08,457575.83
Hernia Repair,47,2,2,general,4,18062.46,31659.89,12850.0,14797.27,7225.15,85625.49
Hernia Repair,23,2,1,single,2,14669.19,49266.34,8725.68,20024.46,6696.94,84484.49
Caesarean Section,38,1,1,suite,3,51231.41,119663.15,22083.16,22684.31,18322.84,223948.35
Typhoid Inpatient Care,30,2,2,suite,6,39094.11,0.0,19428.14,14989.82,8665.26,74464.91
Total Knee Replacement,42,1,1,twin,5,66784.64,212961.59,46392.97,130749.64,37976.39,500117.49
Hernia Repair,50,1,2,twin,2,15376.44,54375.02,9916.19,14780.02,9029.9,106174.94
Hernia Repair,72,2,2,twin,4,22382.7,39694.09,15503.97,17903.3,7506.67,101898.03
Coronary Artery Bypass Graft (CABG),75,2,2,single,11,136387.47,211367.07,109682.84,95341.05,45602.2,483776.08
Cataract Surgery,59,1,3,twin,1,4635.4,28089.86,2932.14,10345.72,3418.24,47463.43
Total Hip Replacement,32,1,1,single,4,60252.14,248977.86,40739.66,131765.96,34848.65,513493.77
Kidney Stone Lithotripsy,37,3,2,single,2,10954.49,37902.89,5506.89,13471.29,4944.27,71852.04
Normal Delivery,21,2,2,single,2,11040.64,24849.34,7024.66,8136.04,4941.66,56273.28
Appendectomy,57,1,1,twin,4,42572.15,79320.32,25569.57,21661.66,12973.03,167475.28
Caesarean Section,53,2,2,general,6,33910.54,48108.82,27757.3,17574.18,11496.5,149789.96
Normal Delivery,55,1,1,twin,3,25348.35,40128.7,20820.23,10176.56,8930.06,104015.49
Kidney Stone Lithotripsy,68,2,2,single,3,19012.77,45668.84,10423.39,11595.28,5740.2,97777.52
Caesarean Section,39,1,2,single,4,42003.41,82712.99,22744.59,20941.24,14925.39,196186.45
Appendectomy,64,1,3,twin,3,19153.21,48278.99,11883.05,12001.82,7493.47,96473.93
Normal Delivery,19,1,1,twin,2,17201.55,42403.22,12211.83,9551.73,8619.65,96155.91
Total Hip Replacement,58,3,2,twin,6,42397.92,129859.71,32145.22,115617.73,24121.43,350067.87
Cholecystectomy,43,2,2,twin,3,17110.58,47256.09,11463.81,16281.12,8513.72,94899.75
Hysterectomy,59,1,3,general,6,37093.11,59220.95,29605.6,16132.0,14442.44,139184.84
Normal Delivery,43,1,2,twin,3,22049.89,32438.49,16210.6,9580.88,8634.47,89765.41
Coronary Angioplasty,37,2,2,suite,3,35663.09,115051.53,18435.85,81590.69,15181.41,277881.35
Typhoid Inpatient Care,59,1,2,twin,7,41566.15,0.0,29718.76,13369.72,12156.14,103476.37
Cholecystectomy,65,1,1,general,2,19298.54,86343.53,15167.25,24078.91,15849.03,155893.41
Cholecystectomy,30,3,2,single,2,11888.47,48034.76,7236.45,17661.02,7134.08,96707.09
Cataract Surgery,76,1,2,general,2,11333.51,34454.12,9814.57,16666.4,5557.14,75259.38
Appendectomy,81,3,1,twin,5,28708.66,45042.43,19499.56,22709.72,8462.89,127919.26
Total Hip Replacement,32,3,1,twin,5,42256.66,139295.85,29837.58,130914.28,26605.47,383037.44
Dengue Inpatient Care,73,2,1,suite,6,53643.28,0.0,33593.25,18959.66,12138.83,122670.5
Appendectomy,70,1,1,twin,5,46737.87,71592.37,30194.31,23112.72,13128.18,194217.19
Kidney Stone Lithotripsy,61,3,3,twin,2,7247.72,26996.32,3863.4,9434.72,3223.15,60343.02
Hysterectomy,19,1,1,twin,4,47532.97,107113.17,30450.51,28234.92,19499.61,217535.59
Cholecystectomy,28,2,2,general,3,14997.11,45186.44,10879.95,18057.68,8251.98,92824.35
Caesarean Section,38,1,1,twin,3,32945.58,82203.38,20813.06,25657.89,15638.44,162970.21
Coronary Angioplasty,47,2,2,general,3,23869.29,90440.64,19036.07,83645.15,18815.88,222662.12
Kidney Stone Lithotripsy,52,1,1,single,2,22652.3,82029.85,11908.94,15771.13,8995.67,157441.77
Caesarean Section,64,2,2,twin,5,30534.89,50817.61,21896.44,20703.96,10121.31,132357.52
Cholecystectomy,21,1,1,single,2,21992.84,90401.07,12370.1,20735.11,12321.45,171369.08
Total Knee Replacement,20,1,1,general,6,69840.74,206202.67,54861.41,120926.47,43357.42,521569.12
Hernia Repair,38,3,3,twin,2,6578.89,24608.92,4194.4,11025.69,3989.67,54502.68
Caesarean Section,73,2,1,single,6,54764.31,71922.68,35850.74,26205.31,15093.24,209807.51
Hernia Repair,38,1,2,twin,2,15221.57,54100.47,8786.23,16613.72,7812.36,103927.59
Cataract Surgery,81,2,3,general,3,9173.04,17881.23,8127.66,12718.64,3043.56,48169.04
Dengue Inpatient Care,23,1,2,twin,5,39625.16,0.0,28779.09,15030.4,14519.71,110215.93
Dengue Inpatient Care,32,1,3,general,3,15217.79,0.0,14003.41,10436.16,9007.5,49050.61
Cataract Surgery,43,1,1,general,1,6987.44,44945.87,4606.81,15031.62,6982.57,73118.83
Appendectomy,66,1,1,general,3,26069.08,77442.87,18169.53,21773.36,13306.96,154870.11
Normal Delivery,30,2,2,twin,4,21586.99,25691.21,15921.88,9032.54,6467.48,84428.35
Total Knee Replacement,35,2,2,suite,6,63994.59,156277.22,31675.34,110270.35,23365.77,392295.43
Kidney Stone Lithotripsy,50,1,2,general,2,13150.15,55955.14,8551.41,10930.31,7043.0,95802.58
Coronary Artery Bypass Graft (CABG),75,3,2,single,8,79541.57,163640.86,56625.96,108169.46,31975.88,390702.29
Hysterectomy,56,1,1,twin,3,32020.82,105844.0,21813.42,28065.47,18931.63,184757.5
Appendectomy,55,1,1,general,3,26983.7,80638.23,17101.5,20816.14,12853.88,139554.08
Coronary Angioplasty,73,1,2,single,5,74249.69,153758.82,54673.78,101324.41,28318.94,398577.02
Cholecystectomy,39,1,1,general,3,26503.63,80434.2,18578.03,20986.24,15129.18,158283.92
Hysterectomy,55,2,1,general,3,21766.9,79270.5,17436.73,28919.13,12893.71,161076.27
Coronary Angioplasty,23,2,3,twin,3,22598.08,86143.04,15372.58,69911.98,15004.27,221767.48
Cataract Surgery,67,1,2,suite,3,27763.59,41956.54,12540.4,13453.26,6121.07,113780.08
Cataract Surgery,49,1,1,twin,1,7129.71,40569.03,4786.93,18103.98,6076.4,72860.66
Coronary Artery Bypass Graft (CABG),35,2,2,twin,9,108081.7,207017.42,69914.73,103369.22,42277.46,508330.07
Cholecystectomy,39,1,1,single,2,26384.53,93021.98,13162.87,20793.2,14583.49,182826.11
Coronary Angioplasty,35,2,2,twin,3,28906.77,97394.82,21056.75,93041.74,17945.11,225127.43
Total Knee Replacement,27,1,3,twin,6,52193.37,155108.81,39291.31,74798.61,27500.63,349292.77
Hernia Repair,25,3,2,general,1,3763.38,30437.81,2884.24,14474.48,4351.7,61949.26
Coronary Artery Bypass Graft (CABG),67,2,1,twin,8,109019.62,255994.94,90038.51,121589.06,49944.45,621642.7
Coronary Artery Bypass Graft (CABG),34,1,2,general,10,150148.41,286048.56,118172.84,92682.29,67506.07,744869.93
Normal Delivery,49,2,2,general,1,4372.74,23239.17,3915.86,8485.54,5211.51,50987.65
Coronary Artery Bypass Graft (CABG),66,1,1,general,10,160348.35,338633.37,149851.55,128038.17,70828.88,822821.6
Total Knee Replacement,50,3,2,twin,3,17540.26,105902.65,13943.08,112817.52,16180.91,266994.25
Typhoid Inpatient Care,81,1,2,single,6,43712.68,0.0,31937.92,16633.73,12165.4,129367.3
Dengue Inpatient Care,42,1,2,general,5,34126.05,0.0,28865.34,13665.82,13932.1,86945.99
Coronary Artery Bypass Graft (CABG),66,3,1,twin,10,115206.07,218796.67,89785.8,119571.86,53225.51,583525.66
Cataract Surgery,36,2,1,twin,2,10081.29,29466.16,6411.31,17520.63,4178.31,69096.67
Dengue Inpatient Care,63,1,2,suite,7,74927.53,0.0,41220.99,14426.81,15060.12,130350.7
Hysterectomy,18,2,2,general,6,36747.55,57488.63,27882.73,20880.11,14522.91,160845.22
Kidney Stone Lithotripsy,33,3,2,twin,2,8493.85,30283.15,5292.5,11407.87,4348.83,57407.03
Cataract Surgery,66,1,1,twin,3,22391.82,45178.69,15184.04,15149.15,7761.15,106375.15
Normal Delivery,42,2,2,twin,2,9917.69,24061.74,7045.43,8613.88,5218.23,62341.82
Tonsillectomy,59,3,2,suite,2,10081.6,25748.5,5026.87,6989.01,2997.77,48051.53
Tonsillectomy,49,2,1,single,2,13366.6,34215.18,7273.37,8349.87,5151.92,71569.72
Typhoid Inpatient Care,72,2,3,twin,6,21819.28,0.0,17944.14,13917.98,7033.74,57907.4
Coronary Angioplasty,77,1,1,general,5,66105.11,168526.14,65017.44,122122.99,31217.67,374699.37
Dengue Inpatient Care,62,3,1,twin,6,29534.62,0.0,23428.37,17116.3,11469.83,70541.54
Total Knee Replacement,51,1,3,general,5,35678.07,126832.68,29750.85,86170.94,28104.19,253895.67
Appendectomy,18,2,2,general,3,13331.17,41514.07,8812.52,15174.04,6139.22,76932.02
Kidney Stone Lithotripsy,49,2,3,single,2,10645.32,37382.76,5032.89,9724.99,4454.97,73459.75
Coronary Angioplasty,21,2,1,general,4,39201.53,117368.28,32026.61,106735.61,22980.94,345310.27
Total Hip Replacement,43,3,2,single,6,47068.25,125630.87,26715.15,116025.32,20289.03,326800.37
Cholecystectomy,55,3,1,suite,3,23446.53,57755.73,10563.45,21210.05,8263.12,124703.97
Typhoid Inpatient Care,33,3,2,single,4,17569.83,0.0,10807.66,17310.43,6701.39,59687.35
Coronary Artery Bypass Graft (CABG),41,1,1,general,8,141233.68,334177.22,115200.15,118735.45,78418.34,769514.67
Total Knee Replacement,80,2,2,single,6,55272.38,142688.48,37404.06,128848.24,22232.14,314246.11
Cataract Surgery,53,2,1,suite,1,7688.97,40911.48,3583.98,15797.05,4127.58,82220.7
Hernia Repair,81,3,2,single,4,18367.87,32618.13,12273.46,18823.7,5555.29,70002.6
Normal Delivery,35,2,2,twin,2,9640.04,24071.04,7623.62,8539.74,4914.41,52898.54
Kidney Stone Lithotripsy,44,3,2,general,2,7998.58,31762.15,5411.26,11019.22,4501.84,62356.06
Coronary Artery Bypass Graft (CABG),38,2,3,general,10,80245.76,143527.76,69373.97,77852.18,35994.5,489299.82
Total Knee Replacement,19,2,2,twin,4,28481.93,118264.76,19707.02,99178.35,22969.75,283256.45
Coronary Artery Bypass Graft (CABG),45,2,3,suite,5,63383.25,207352.53,33884.84,80441.54,27691.85,405872.82
Appendectomy,53,2,1,suite,2,20838.29,64766.98,8631.17,20925.62,7526.12,117560.88
Cholecystectomy,78,1,1,twin,3,33385.24,91569.11,24364.22,26622.32,14468.61,210663.57
Hernia Repair,40,2,1,general,2,11578.5,47139.76,8811.82,17458.22,8098.46,107319.48
Coronary Angioplasty,56,1,2,twin,4,49415.48,137233.51,39281.69,82793.26,24453.31,281301.8
Tonsillectomy,23,2,2,twin,3,14291.76,28855.17,9538.72,7609.9,4439.05,64254.5
Hysterectomy,60,1,3,suite,3,27943.09,79970.92,12861.06,15767.34,11414.97,150544.46
Normal Delivery,49,2,2,single,3,16441.64,25002.72,10958.21,7854.42,4988.65,58001.62
Total Knee Replacement,51,2,2,general,6,38275.46,112215.84,31836.32,96160.59,21845.26,271524.72
Caesarean Section,67,1,3,twin,5,33813.87,57543.01,26256.05,14992.38,13625.03,139816.54
Coronary Angioplasty,34,3,2,general,4,24735.72,73991.59,22546.09,83310.47,14069.33,202126.59
Hernia Repair,39,3,2,single,2,8879.19,32291.41,4676.26,13567.1,4726.82,57147.6
Tonsillectomy,63,2,1,general,2,9994.61,34327.39,8154.05,10452.69,5444.32,69036.17
Cataract Surgery,25,1,2,single,2,15605.04,44926.67,8100.66,12826.52,5508.89,92162.49
Typhoid Inpatient Care,40,2,3,general,5,15219.89,0.0,13235.51,12441.48,6314.16,46829.27
Total Knee Replacement,74,2,3,twin,8,42312.36,91067.84,39799.54,83370.89,20211.95,314021.92
Normal Delivery,48,2,2,single,2,11375.08,25578.11,7348.26,7701.54,5269.34,56278.59
Hysterectomy,38,3,2,general,2,9094.14,45502.62,7090.04,19856.63,8033.73,88971.17
Normal Delivery,31,3,2,single,2,10495.29,23822.87,6374.54,8528.02,4536.89,56083.92
Appendectomy,71,1,1,twin,4,41659.13,78604.99,26872.95,22610.1,14431.44,205117.2
Appendectomy,35,2,3,twin,2,9069.91,37994.57,5482.47,13606.18,5319.56,71641.62
Total Knee Replacement,55,1,1,twin,6,74083.18,214842.35,56505.0,131362.45,44521.14,533726.74
Normal Delivery,65,2,3,single,1,4263.08,19392.71,2800.3,7553.97,3468.36,38107.91
Cholecystectomy,30,2,1,general,4,25703.08,57731.02,20206.21,24162.03,12410.65,154277.91
Hysterectomy,71,2,3,twin,5,23057.24,43459.16,19034.43,18480.03,8975.76,93994.95
Typhoid Inpatient Care,32,1,2,twin,3,20424.9,0.0,14248.6,14798.97,9518.86,61242.12
Appendectomy,79,2,2,twin,6,34549.74,43058.53,22549.66,17635.94,8513.21,104665.35
Normal Delivery,39,1,1,single,4,40001.38,43456.43,23320.44,10854.82,9668.07,123182.73
Typhoid Inpatient Care,52,3,2,twin,7,25138.45,0.0,17093.96,16445.9,7594.11,72868.74
Kidney Stone Lithotripsy,20,2,1,single,2,16867.34,53213.74,8668.85,13913.08,6554.98,98179.49
Coronary Artery Bypass Graft (CABG),48,1,3,general,7,70258.95,200625.06,60413.03,71910.28,40199.09,478095.04
Kidney Stone Lithotripsy,37,2,2,general,2,9926.0,38013.5,6958.85,11389.57,5565.17,76988.21
Cholecystectomy,75,3,2,twin,4,20952.4,44190.97,15782.65,20606.48,7488.24,119405.56
Kidney Stone Lithotripsy,50,2,3,single,2,10447.45,37863.66,5174.33,8511.94,3770.66,67151.64
Appendectomy,75,2,2,single,5,31853.55,50005.42,20130.32,20494.12,7803.79,123267.76
Cataract Surgery,66,1,1,suite,2,21035.48,54070.1,10276.61,15077.8,7104.05,78689.73
Coronary Angioplasty,47,2,2,general,3,24296.21,95559.21,19823.22,81870.42,17516.01,250355.56
Cataract Surgery,70,2,3,twin,2,7042.75,19024.55,4944.6,10938.06,3313.5,39698.39
Total Hip Replacement,50,3,2,suite,9,85255.4,135921.24,41330.99,116070.27,22539.86,386370.23
Appendectomy,19,3,1,single,3,20593.91,48839.58,10730.27,19019.59,7082.67,103056.72
Total Knee Replacement,45,2,2,general,4,27765.24,127808.39,22516.41,118920.49,22465.7,357338.13
Hernia Repair,62,1,2,general,4,23825.29,46933.63,18128.9,16434.92,8609.9,134210.01
Cataract Surgery,82,2,3,twin,3,10745.32,20184.95,7634.76,11176.99,3421.29,45075.33
Typhoid Inpatient Care,53,1,3,general,4,15691.65,0.0,13933.66,12375.28,8684.21,41917.42
Hysterectomy,55,2,3,twin,3,13741.1,46360.74,10281.31,15658.34,8382.28,96215.6
Cataract Surgery,23,2,2,twin,1,4493.42,25222.44,2653.92,12662.27,3650.75,51699.86
Normal Delivery,65,2,2,suite,2,13930.06,29569.6,8568.39,8519.83,5136.44,64210.2
Cholecystectomy,82,1,2,single,4,39314.44,72377.94,27734.14,19457.2,14348.6,180777.29
Total Knee Replacement,50,1,2,single,5,61581.69,206422.33,40519.07,104370.16,32142.23,430314.54
Cataract Surgery,67,2,2,general,2,7356.28,25885.46,5936.79,14200.36,4177.87,60700.93
Cataract Surgery,36,2,2,general,2,7695.16,23848.33,5424.15,13430.36,3690.76,54223.7
Cholecystectomy,22,2,2,general,4,19960.02,45402.06,14013.22,18240.47,8643.38,105276.8
Normal Delivery,19,1,2,general,3,17778.19,31359.97,14705.63,8265.26,7331.96,81967.51
Total Knee Replacement,53,3,2,twin,5,30174.82,104940.14,23300.59,111641.91,19750.45,336385.8
Dengue Inpatient Care,24,2,2,single,4,24619.59,0.0,16475.56,12340.96,9333.8,71985.51
Total Hip Replacement,76,1,1,twin,9,128740.65,251523.55,106911.61,167427.57,55698.26,598934.07
Appendectomy,25,1,3,twin,3,18365.45,49920.49,11123.6,12359.14,7353.8,94406.99
Kidney Stone Lithotripsy,30,3,1,twin,1,5505.06,36006.86,3277.28,14074.6,4175.29,66682.59
Kidney Stone Lithotripsy,35,2,3,twin,2,7956.86,29529.15,4567.63,8845.96,4051.09,58328.19
Tonsillectomy,37,3,1,twin,2,9649.23,29570.32,6278.02,9330.65,4008.31,61721.96
Hysterectomy,20,3,3,general,4,13745.14,33301.39,9836.16,16382.01,6724.26,88095.55
Appendectomy,38,2,2,general,2,9320.75,40429.26,6453.75,17190.13,6162.76,96562.95
Coronary Angioplasty,23,2,2,single,3,30944.76,112627.85,20159.0,86744.46,17847.27,257333.92
Cholecystectomy,21,1,1,single,3,32125.74,80468.21,18223.59,22654.25,12500.34,182218.94
Hysterectomy,82,1,1,general,6,54275.38,100239.81,58988.7,33874.94,21930.86,283040.79
Coronary Artery Bypass Graft (CABG),65,2,2,twin,7,80945.31,216220.12,61228.16,95539.86,44428.47,469054.54
Kidney Stone Lithotripsy,31,1,1,twin,2,19636.82,66950.39,10277.45,16332.22,8737.14,113869.93
Coronary Angioplasty,41,3,1,suite,3,37411.01,125186.11,19275.72,101614.35,17226.83,297836.46
Normal Delivery,29,1,2,general,2,11163.3,28530.08,9490.73,8163.21,7076.44,60732.78
Cholecystectomy,64,2,2,general,3,15379.9,43176.01,11967.24,16462.01,8347.53,103400.79
Hernia Repair,76,1,1,suite,2,24588.5,81499.71,12564.48,20668.12,9870.72,146267.15
Dengue Inpatient Care,40,2,2,single,7,42716.64,0.0,29056.4,14967.26,10934.83,98614.62
Total Knee Replacement,25,2,2,single,4,37939.71,145832.81,24325.7,97294.2,22639.41,332174.46
Hysterectomy,27,1,2,twin,4,34428.39,90588.41,26876.04,22937.74,15164.78,152359.97
Typhoid Inpatient Care,29,2,2,general,4,15720.56,0.0,14077.27,14607.05,7699.08,55881.23
Dengue Inpatient Care,22,3,2,general,6,21435.92,0.0,20042.55,11851.03,8475.25,60814.51
Coronary Artery Bypass Graft (CABG),22,2,2,general,11,116943.81,203884.79,101746.57,91420.1,56536.03,601521.39
Dengue Inpatient Care,18,3,3,general,5,13856.45,0.0,11113.11,9380.4,5970.61,41873.75
Cataract Surgery,76,1,2,twin,3,18835.47,37545.37,13813.83,13479.18,5827.56,87967.79
Total Hip Replacement,44,1,2,twin,8,92736.76,198171.04,72513.46,116242.66,46691.54,489828.95
Typhoid Inpatient Care,74,1,2,twin,6,37722.23,0.0,31792.19,18225.18,12683.28,122381.04
Total Knee Replacement,19,1,1,general,6,72360.59,212342.47,55249.84,137071.3,46673.01,511497.47
Cholecystectomy,22,1,2,general,4,28988.64,62511.08,21837.92,19012.38,13736.33,154962.24
Caesarean Section,27,3,2,twin,3,15424.02,40985.22,11137.4,22256.7,8588.31,100290.07
Cataract Surgery,31,1,2,general,1,5255.98,35357.24,3682.1,12080.67,4947.65,63080.8
Dengue Inpatient Care,38,2,1,general,5,26266.5,0.0,24836.05,15673.33,11324.03,72084.82
Kidney Stone Lithotripsy,78,2,2,general,3,14138.1,37132.31,12150.21,14553.81,5267.72,82750.74
Normal Delivery,67,2,1,single,4,30886.11,30563.91,20181.41,10447.53,8322.34,97033.27
Hysterectomy,56,1,2,twin,3,27196.16,87171.04,18362.85,22177.13,14821.98,172698.62
Tonsillectomy,56,2,2,twin,2,9793.81,29083.45,6453.03,7028.5,4059.12,64490.43
Dengue Inpatient Care,48,1,2,single,4,31536.21,0.0,19670.53,12581.52,11700.23,79118.99
Total Knee Replacement,23,2,2,general,5,30729.19,108615.6,26137.78,112939.64,24010.64,300612.07
Coronary Artery Bypass Graft (CABG),31,1,1,general,9,149255.01,350677.58,124049.87,109949.45,77260.2,907311.4
Cholecystectomy,69,2,2,twin,5,30163.4,46224.15,20090.84,19731.42,9914.3,147787.08
Total Knee Replacement,33,3,2,single,8,56011.17,111536.63,32464.68,107059.36,19702.34,317120.34
Coronary Angioplasty,53,1,2,single,6,86559.33,136741.92,49868.46,79886.98,26861.62,352292.55
Dengue Inpatient Care,61,1,2,twin,2,14261.77,0.0,10475.49,12919.91,11658.96,51820.0
Normal Delivery,62,2,2,single,3,16738.71,25561.38,11148.66,8021.06,5524.5,64035.13
Coronary Angioplasty,41,2,2,general,4,33580.92,90587.28,29189.67,80869.73,21153.5,280217.77
Caesarean Section,18,3,2,suite,5,35466.93,54479.83,16381.49,21498.51,9785.47,134832.89
Total Knee Replacement,74,3,1,general,10,64427.66,118028.02,61666.87,143993.78,28939.31,316832.27
Cholecystectomy,72,3,1,twin,6,36346.0,51964.36,25832.11,23883.05,10136.04,164265.7
Dengue Inpatient Care,56,2,2,twin,4,19104.96,0.0,14271.65,12364.36,8287.11,57498.92
Total Knee Replacement,19,3,1,single,7,63145.56,127639.39,38992.84,116828.33,26921.77,306878.04
Hysterectomy,39,1,1,twin,3,33053.52,102607.78,24619.63,28672.67,18024.91,229760.36
Hysterectomy,46,1,3,single,6,43955.67,70843.01,27283.52,17989.41,12768.88,160101.08
Total Hip Replacement,58,3,2,general,9,52832.03,115956.79,43191.78,107673.22,25857.3,395176.64
Appendectomy,52,2,1,single,1,8074.05,63483.07,4095.01,19292.76,6875.6,107332.23
Cataract Surgery,44,2,2,general,1,3656.86,23685.11,2907.08,12862.95,3209.69,43783.78
Hernia Repair,24,2,2,twin,2,10949.28,37349.49,5974.15,16376.96,5944.7,78277.26
Coronary Angioplasty,29,1,1,twin,4,58123.13,160343.94,45693.45,107363.27,28596.77,397970.77
Tonsillectomy,79,2,1,single,3,21539.52,38900.18,13471.94,11052.43,5859.46,117025.67
Dengue Inpatient Care,69,2,2,single,8,49164.06,0.0,34327.76,13419.38,12558.16,111349.03
Cholecystectomy,63,2,2,general,3,16904.51,50972.1,11605.07,16587.15,9099.27,114633.9
Typhoid Inpatient Care,54,2,2,general,5,19834.71,0.0,16825.53,14513.32,8497.59,68916.9
Caesarean Section,19,1,1,general,4,39653.03,89511.29,33032.89,26855.94,19941.07,201129.16
Normal Delivery,33,3,2,single,2,9849.36,20614.09,6454.6,8948.92,4705.06,51466.15
Appendectomy,21,2,2,twin,4,24070.46,44174.16,13086.91,15263.28,7359.74,89103.35
Dengue Inpatient Care,75,2,2,twin,7,36391.0,0.0,31823.22,15303.51,10534.81,84391.47
Cholecystectomy,34,1,2,twin,3,24679.69,66431.85,14889.64,16726.72,12234.59,135008.37
Dengue Inpatient Care,42,1,2,general,3,18073.66,0.0,15260.29,14096.09,11789.13,50804.49
Total Knee Replacement,63,1,1,twin,7,92236.03,253114.39,69278.34,143495.31,49201.02,537173.82
Appendectomy,46,1,1,general,2,17871.27,74326.27,12986.47,19616.05,11212.35,137264.33
Cholecystectomy,70,1,2,general,4,27023.47,61768.24,24220.25,18687.16,12423.75,155294.99
Normal Delivery,65,1,2,general,2,11197.1,30659.09,10924.01,8299.86,6461.57,62932.07
Cholecystectomy,74,2,2,single,5,36474.71,61027.48,24976.57,19001.71,11049.89,150552.52
Typhoid Inpatient Care,71,3,2,twin,7,26862.63,0.0,22106.0,19324.67,8549.19,75722.49
Tonsillectomy,57,1,2,twin,2,13499.78,42024.13,7945.5,7829.35,6234.95,70403.26
Tonsillectomy,40,2,2,suite,2,15356.47,37020.39,6938.72,7932.74,4934.23,79609.74
Cholecystectomy,42,1,2,single,2,21561.67,76429.29,11802.06,17525.48,12809.35,140369.96
Cholecystectomy,67,2,2,twin,5,32161.26,53992.67,21345.68,18583.8,9257.87,113344.96
Cholecystectomy,73,2,2,single,3,22962.47,52601.37,12859.89,19396.7,9630.65,117706.45
Total Knee Replacement,67,1,1,twin,4,55329.81,232703.48,44708.75,141985.05,41067.88,543099.74
Coronary Artery Bypass Graft (CABG),75,2,2,general,7,69510.8,181063.12,61602.75,97410.94,40626.67,429115.42
Hernia Repair,20,1,2,twin,3,22755.85,57727.92,13892.68,16993.16,10064.2,135433.78
Dengue Inpatient Care,76,3,1,twin,5,24291.61,0.0,23419.38,20313.98,9131.89,95784.87
Coronary Angioplasty,29,1,1,single,3,53866.06,176474.17,33269.09,97588.3,29594.77,376735.96
Kidney Stone Lithotripsy,22,3,2,single,2,10327.3,31450.86,4778.13,11395.76,4211.37,64886.83
Dengue Inpatient Care,48,1,1,twin,6,50231.21,0.0,37658.46,14618.52,16749.14,111349.48
Tonsillectomy,40,1,2,general,1,6599.05,39162.58,4358.15,7719.81,5613.14,67859.15
Total Knee Replacement,50,2,3,suite,5,43609.15,121290.4,19583.89,91041.55,16722.97,266965.99
Coronary Angioplasty,30,1,2,twin,4,50097.49,137650.69,35872.31,72941.98,27565.28,370947.29
Total Hip Replacement,69,2,2,general,8,56355.94,147287.31,57068.39,127746.1,30604.56,399524.79
Tonsillectomy,78,3,1,twin,2,9182.97,27161.97,6455.07,11278.81,3811.66,55478.05
Typhoid Inpatient Care,29,1,3,general,5,21219.87,0.0,16943.18,11451.59,8850.88,60541.75
Coronary Angioplasty,34,2,2,suite,3,37664.73,138306.82,19108.58,93855.99,17800.88,315200.53
Typhoid Inpatient Care,24,1,1,general,5,34554.12,0.0,31502.0,17667.55,16252.29,97371.45
Total Hip Replacement,47,3,3,twin,5,25035.36,94671.21,19633.0,94496.94,14801.16,294092.84
Cholecystectomy,32,2,2,twin,3,18773.64,56197.71,13102.5,18347.99,9369.28,108210.04
Kidney Stone Lithotripsy,36,1,3,suite,2,16322.71,55138.29,6603.86,8927.45,5562.23,94079.53
Dengue Inpatient Care,53,2,3,twin,4,15152.6,0.0,12035.66,10248.45,7308.18,46923.05
Typhoid Inpatient Care,49,2,3,single,3,12011.72,0.0,7720.47,10422.55,5597.33,37675.89
Coronary Artery Bypass Graft (CABG),21,2,1,general,11,131363.93,236496.67,111271.71,122472.28,67905.81,686057.36
Coronary Artery Bypass Graft (CABG),75,2,2,general,13,135248.51,202425.34,136242.38,108435.45,54874.97,604167.62
Dengue Inpatient Care,78,2,1,suite,7,57503.15,0.0,38756.95,19222.57,14201.87,133687.64
Hysterectomy,74,3,2,single,6,39151.23,60250.24,27119.79,23890.33,11506.59,147100.57
Kidney Stone Lithotripsy,41,2,3,twin,1,4669.45,33369.5,2657.08,9031.1,4083.73,44121.24
Coronary Artery Bypass Graft (CABG),78,1,2,general,10,131854.85,268659.67,148344.55,111697.1,63253.89,775640.71
Typhoid Inpatient Care,79,2,2,twin,6,25127.13,0.0,21924.55,17017.06,7418.72,71732.76
Coronary Artery Bypass Graft (CABG),58,1,2,twin,9,157033.2,305217.09,100025.13,102142.52,64753.14,726949.72
Tonsillectomy,51,3,2,single,3,13614.35,26112.59,8196.84,7590.9,4033.24,64615.59
Hysterectomy,42,1,3,general,4,22983.04,56329.34,19414.42,17223.22,13209.0,137635.93
Typhoid Inpatient Care,37,1,1,single,5,41231.61,0.0,25767.11,20628.25,12978.57,108122.51
Cholecystectomy,67,3,1,twin,5,29744.6,46542.64,19390.15,23680.87,8625.84,97773.52
Hysterectomy,54,2,3,single,5,29043.24,54428.79,15957.43,16553.69,9842.81,123241.43
Typhoid Inpatient Care,41,1,1,general,5,33713.07,0.0,27257.15,18870.97,14627.72,85263.4
Tonsillectomy,47,1,2,twin,2,13286.97,41329.7,8158.68,7972.73,5813.54,70865.43
Tonsillectomy,75,2,1,single,3,21956.2,44223.33,14434.33,10368.19,6158.1,101049.06
Hernia Repair,36,3,3,twin,2,6458.99,24063.5,3855.58,11021.0,3872.4,52195.15
Kidney Stone Lithotripsy,68,1,2,twin,4,31533.8,51536.16,20553.27,12756.44,7469.0,141998.89
Caesarean Section,31,2,3,single,3,18818.21,49982.49,10585.43,15205.05,8195.98,104699.93
Dengue Inpatient Care,27,2,1,twin,4,26286.93,0.0,18713.1,16694.87,11854.16,73398.41
Normal Delivery,29,3,1,general,3,13013.93,23306.87,12295.05,11295.74,5806.12,60483.96
Appendectomy,64,1,3,twin,3,17494.69,48059.27,10070.73,11512.96,7793.64,93743.31
Hernia Repair,42,3,1,suite,3,23250.81,44690.45,10084.75,19723.99,6506.61,80694.73
Coronary Artery Bypass Graft (CABG),26,1,2,twin,10,172475.67,316589.73,123856.97,103393.9,64531.76,824454.58
Hysterectomy,28,2,1,twin,3,24850.69,83742.85,16670.3,27976.64,13059.88,161466.6
Hernia Repair,55,2,2,single,3,20552.67,45217.03,9717.47,16931.59,6950.59,95577.03
Tonsillectomy,50,2,1,twin,1,6102.53,34798.62,3594.55,10077.03,5178.62,58300.19
Cataract Surgery,49,1,1,twin,1,7800.09,44738.61,4846.46,16112.75,6499.5,86381.36
Total Hip Replacement,19,3,2,single,7,48706.59,114316.77,29596.16,104811.27,21297.13,308787.58
Kidney Stone Lithotripsy,54,1,2,single,2,18176.7,55492.34,9235.91,10698.85,6260.66,106616.06
Typhoid Inpatient Care,55,1,2,suite,6,53128.56,0.0,26305.44,14602.64,13468.73,112743.26
Dengue Inpatient Care,60,2,1,twin,5,28783.36,0.0,23498.45,16632.38,11936.62,82405.92
Hysterectomy,25,1,2,single,3,32127.85,92332.62,19699.79,21535.1,14593.14,180316.75
Appendectomy,60,3,2,single,4,23148.74,41513.91,11883.64,15897.97,7327.47,98993.57
Cholecystectomy,76,2,1,twin,3,21912.51,62628.82,16331.56,26560.91,10344.08,131228.9
Caesarean Section,65,1,2,single,4,45213.4,93271.42,28020.0,22753.66,15556.05,204873.79
Hernia Repair,37,1,3,general,3,15334.83,36389.35,10993.49,13065.14,7097.54,78343.75
Hernia Repair,27,2,2,suite,2,15769.99,47417.67,6528.81,15861.52,6193.8,82280.03
Total Knee Replacement,19,3,1,twin,5,36938.12,124346.16,26493.32,117100.49,22707.33,350347.27
Total Hip Replacement,37,1,1,general,4,47014.96,235909.09,39024.88,133633.86,37521.53,471377.53
Kidney Stone Lithotripsy,79,3,1,twin,3,16462.18,40719.57,11934.9,18887.44,6074.04,79581.48
Appendectomy,18,2,1,twin,4,28870.84,56026.26,14859.04,18571.58,8940.68,127100.86
Normal Delivery,31,3,1,general,2,8752.75,20455.19,7237.53,10814.56,5583.88,47771.45
Coronary Angioplasty,64,1,1,suite,2,44977.51,200041.1,22818.5,118360.33,25679.84,414027.62
Caesarean Section,64,3,2,single,4,23603.28,46246.16,15424.74,19727.81,9161.27,93320.65
Cataract Surgery,72,1,2,twin,2,13135.42,37196.42,9298.95,16041.49,5614.39,83678.11
Appendectomy,60,3,1,twin,3,17176.64,41764.72,9215.53,19567.27,7583.88,90754.31
Hernia Repair,36,2,1,twin,3,21183.68,51111.13,12951.58,21019.57,7973.0,95209.63
Cholecystectomy,66,3,2,single,5,28352.93,41470.32,15325.61,19633.52,7524.91,99808.55
Total Knee Replacement,30,1,1,single,5,75945.77,253432.5,49958.4,131963.38,36469.76,505435.86
Normal Delivery,71,1,3,general,5,25799.08,24251.06,26743.29,7123.29,7327.53,71781.92
Appendectomy,70,1,3,single,6,42575.65,55500.51,24505.92,15010.26,9353.03,166015.35
Hysterectomy,63,1,1,single,5,63259.35,117798.21,42398.27,29176.06,22461.21,307144.67
Coronary Angioplasty,36,1,1,twin,3,45730.13,191011.32,35827.3,102413.15,31866.07,452958.14
Coronary Angioplasty,26,1,2,general,3,30841.08,127301.57,27209.41,87369.08,23270.81,285008.41
Cholecystectomy,30,2,3,twin,3,15270.54,43476.52,10203.36,14630.37,7261.04,78069.08
Typhoid Inpatient Care,34,2,3,general,5,15429.12,0.0,12998.46,12176.26,6583.15,43159.76
Coronary Angioplasty,44,2,2,suite,3,38828.79,118755.77,19980.92,85298.51,18031.9,267522.04
Kidney Stone Lithotripsy,72,2,2,twin,4,22623.22,38331.77,14106.27,14740.9,5863.4,91086.65
Dengue Inpatient Care,20,2,2,suite,3,22720.98,0.0,12029.41,13644.46,7953.71,61481.3
Coronary Artery Bypass Graft (CABG),77,1,1,twin,7,144227.19,348924.19,114036.41,138257.42,69120.63,725313.78
Total Knee Replacement,49,2,1,general,7,59958.11,165534.75,50605.93,142052.07,34254.41,450989.75
Typhoid Inpatient Care,38,1,2,general,5,25897.49,0.0,22022.99,14039.86,10106.37,63385.38
Caesarean Section,67,2,2,single,4,29385.38,58259.74,18809.31,21427.22,11367.54,98252.13
Cataract Surgery,82,2,1,single,3,18871.73,35408.47,13125.72,20665.37,5169.32,95527.18
Cholecystectomy,53,2,2,single,4,28965.57,56691.54,15210.81,17758.02,9410.92,131700.7
Tonsillectomy,53,1,1,suite,3,32159.49,59242.29,15389.89,8887.05,8053.82,98076.79
Coronary Angioplasty,28,2,2,single,2,22582.52,109449.82,14634.62,86334.58,17571.03,260307.98
Typhoid Inpatient Care,47,3,3,suite,6,23354.59,0.0,12779.33,12459.7,5368.91,53424.88
Hernia Repair,23,2,1,suite,3,29502.59,62465.24,12460.58,18181.25,8069.19,118222.82
